minutes_watched,CLV,region,channel,1,2,3,4,5,6,7,8,PCA_PC1,PCA_PC2,GMM_Segment
3197.0,205.42,2,4,0,0,0,1,0,0,0,0,1.3785311265696263,-0.2643120417260562,0
63.0,149.99,0,1,1,0,0,0,0,0,0,0,-2.1517835537872747,-1.2488764627762612,3
605.0,119.0,2,2,0,1,0,0,0,0,0,0,1.6487438029858228,-0.2631227095716403,0
20.0,240.0,2,4,0,0,0,1,0,0,0,0,1.2533265985942676,-0.16208207219911736,0
245.0,184.36,1,4,0,0,0,1,0,0,0,0,-0.5380226090465489,1.0263788739955935,2
259.0,418.63,0,3,0,0,1,0,0,0,0,0,-3.185085743565361,2.0525574508104745,2
5456.0,245.17,0,1,1,0,0,0,0,0,0,0,-2.4627550619623393,-0.6305872528168087,3
247.0,177.98,1,3,0,0,1,0,0,0,0,0,-0.9198589663277427,3.0398061835065553,2
160.0,283.44,0,3,0,0,1,0,0,0,0,0,-2.7253979060176916,1.3545461520254236,1
77.0,295.97,1,1,1,0,0,0,0,0,0,0,-1.2018304215320352,1.728487849552312,2
231.0,202.88,0,3,0,0,1,0,0,0,0,0,-2.4511595764108143,0.9416976114881136,1
611.0,149.99,0,4,0,0,0,1,0,0,0,0,-1.866774376654334,-1.3676142206452395,3
5915.0,366.45,1,1,1,0,0,0,0,0,0,0,-1.42771209355875,2.2302819605025204,2
816.0,82.58,2,3,0,0,1,0,0,0,0,0,1.3872260327232027,1.0930546815068891,0
1312.0,269.97,2,3,0,0,1,0,0,0,0,0,0.7508959557142226,2.069134129487658,0
28988.0,253.93,2,8,0,0,0,0,0,0,0,1,0.7384500746578853,0.9081017869558912,0
1319.0,193.63,0,1,1,0,0,0,0,0,0,0,-2.2972597246926645,-0.9943853916829692,3
9158.0,53.94,0,1,1,0,0,0,0,0,0,0,-1.8033694734977086,-1.5263857703070922,3
51411.0,449.42,2,3,0,0,1,0,0,0,0,0,0.25963792500688854,4.1864221235952765,2
2812.0,207.12,1,3,0,0,1,0,0,0,0,0,-1.012889835475698,3.2508782411875705,2
5811.0,180.17,2,3,0,0,1,0,0,0,0,0,1.0671083012244034,1.71426056546799,0
1574.0,180.17,1,6,0,0,0,0,0,1,0,0,-0.7031890018506587,2.0202999949878064,2
8121.0,269.97,0,8,0,0,0,0,0,0,0,1,-2.793510594098795,-0.263080512430584,3
399.0,149.99,2,4,0,0,0,1,0,0,0,0,1.5604473922017468,-0.6162180171061397,0
1817.0,269.97,0,3,0,0,1,0,0,0,0,0,-2.6756284459105633,1.3247202707184085,1
42437.0,285.76,0,3,0,0,1,0,0,0,0,0,-2.6326674784273014,2.373967501760394,2
5574.0,286.17,2,3,0,0,1,0,0,0,0,0,0.70592666260803,2.2540607671751296,2
266.0,149.99,2,7,0,0,0,0,0,0,1,0,1.5957580844509076,0.07810680066101171,0
4461.0,287.49,0,1,1,0,0,0,0,0,0,0,-2.609098112879439,-0.4365310725376407,3
3326.0,102.18,2,4,0,0,0,1,0,0,0,0,1.730066050467511,-0.7924837085773729,0
9410.0,185.98,2,5,0,0,0,0,1,0,0,0,1.704492025029763,0.03585638460251681,0
1632.0,202.04,2,1,1,0,0,0,0,0,0,0,1.1026003320989626,-0.18720251940796467,0
4071.0,149.98,0,7,0,0,0,0,0,0,1,0,-1.8228779899490817,-0.5877177723285447,3
14036.0,180.52,2,3,0,0,1,0,0,0,0,0,1.0854938473051587,1.9120676677855293,0
6438.0,515.24,2,1,1,0,0,0,0,0,0,0,0.048516240616621485,1.5389715761831275,2
2984.0,363.79,1,3,0,0,1,0,0,0,0,0,-1.5454800122345014,4.061159582047507,2
61.0,149.99,0,4,0,0,0,1,0,0,0,0,-1.8680834277710991,-1.3807210111688502,3
4499.0,86.24,2,2,0,1,0,0,0,0,0,0,1.7694631221932586,-0.33890095048264846,0
315.0,149.98,0,4,0,0,0,1,0,0,0,0,-1.867444863640241,-1.374719514361736,3
2991.0,306.58,2,1,1,0,0,0,0,0,0,0,0.7501843183483073,0.3831184304980518,2
7761.0,176.98,2,1,1,0,0,0,0,0,0,0,1.2024433553872804,-0.17009736101871759,0
1293.0,358.18,1,1,1,0,0,0,0,0,0,0,-1.4105779096066176,2.0775820206974274,2
3602.0,269.96,2,1,1,0,0,0,0,0,0,0,0.8762217147788638,0.2092420237042557,0
2843.0,286.09,0,7,0,0,0,0,0,0,1,0,-2.2888540990545683,0.08340449280363194,3
2646.0,269.97,0,3,0,0,1,0,0,0,0,0,-2.673655348863657,1.3444757786167234,1
1582.0,75.42,2,4,0,0,0,1,0,0,0,0,1.8169540911576907,-0.9717440504366874,0
6404.0,528.89,2,1,1,0,0,0,0,0,0,0,0.001997301914701454,1.608400637314391,2
8413.0,302.11,1,3,0,0,1,0,0,0,0,0,-1.3227198943594067,3.873146511140315,2
3492.0,223.22,1,7,0,0,0,0,0,0,1,0,-0.6268709597283824,2.0012141857830894,2
34370.0,295.71,0,1,1,0,0,0,0,0,0,0,-2.5658767840475636,0.31851414767676456,3
1188.0,147.0,2,1,1,0,0,0,0,0,0,0,1.2887925360667807,-0.4810045942301113,0
611.0,353.53,0,3,0,0,1,0,0,0,0,0,-2.962774338265828,1.7259583703120391,1
980.0,359.03,0,4,0,0,0,1,0,0,0,0,-2.577061160373874,-0.28315606108102226,3
1171.0,268.99,2,5,0,0,0,0,1,0,0,0,1.402478067861845,0.2666642242830791,0
55380.0,64.8,0,7,0,0,0,0,0,0,1,0,-1.41097097612094,0.19668899108294757,2
3.0,213.61,2,4,0,0,0,1,0,0,0,0,1.3430663003954462,-0.29828316942135397,0
1616.0,174.01,2,3,0,0,1,0,0,0,0,0,1.078080454254146,1.5825937645908206,0
288.0,184.44,2,7,0,0,0,0,0,0,1,0,1.4786097406039278,0.25590168427328747,0
1465.0,270.49,0,1,1,0,0,0,0,0,0,0,-2.5583939801752216,-0.5954048504502919,3
6331.0,99.0,2,4,0,0,0,1,0,0,0,0,1.7480367564486177,-0.7372364123689013,0
313.0,118.47,2,1,1,0,0,0,0,0,0,0,1.383770510306013,-0.6486641601310517,0
804.0,213.97,2,3,0,0,1,0,0,0,0,0,0.9402018040577396,1.7688669941098765,0
1971.0,207.55,0,3,0,0,1,0,0,0,0,0,-2.462905799500428,1.0071933186397974,1
1054.0,172.8,2,7,0,0,0,0,0,0,1,0,1.5200327819720936,0.21425949955878176,0
9138.0,245.98,2,4,0,0,0,1,0,0,0,0,1.2546840125417598,0.08597618661299541,0
2128.0,333.9,0,3,0,0,1,0,0,0,0,0,-2.8923814482589894,1.6610984800792021,1
3875.0,331.99,0,3,0,0,1,0,0,0,0,0,-2.8817255057701003,1.6929020567513051,2
12436.0,84.96,2,3,0,0,1,0,0,0,0,0,1.4067858279198728,1.382212271627629,0
3564.0,62.58,2,1,1,0,0,0,0,0,0,0,1.581648902243111,-0.8587863089303249,0
2571.0,36.0,0,8,0,0,0,0,0,0,0,1,-2.0107419050521895,-1.5992878421218117,3
214.0,119.0,0,3,0,0,1,0,0,0,0,0,-2.165835880946036,0.5096681402925346,1
10616.0,350.09,2,7,0,0,0,0,0,0,1,0,0.9396413570019206,1.3544145808340307,0
55539.0,313.2,2,3,0,0,1,0,0,0,0,0,0.7328905294034086,3.5838423593331803,2
11578.0,285.36,2,3,0,0,1,0,0,0,0,0,0.7229724030779573,2.3929712123168287,2
766.0,177.41,2,1,1,0,0,0,0,0,0,0,1.1843317227340866,-0.3345792393860521,0
2912.0,269.97,0,6,0,0,0,0,0,1,0,0,-2.4520601681942202,0.2884162373797907,3
3229.0,62.58,2,1,1,0,0,0,0,0,0,0,1.5808515711083544,-0.8667695358856151,0
37167.0,388.62,2,3,0,0,1,0,0,0,0,0,0.4325806683515903,3.5341193187761233,2
59.0,129.6,2,4,0,0,0,1,0,0,0,0,1.6290060094594985,-0.7292419577621543,0
1390.0,46.0,2,4,0,0,0,1,0,0,0,0,1.9165854955290362,-1.1277070707755767,0
2778.0,227.78,1,4,0,0,0,1,0,0,0,0,-0.6797109497355597,1.3101694676685172,2
613.0,184.44,0,1,1,0,0,0,0,0,0,0,-2.2676752085621605,-1.0584990602613191,3
9005.0,285.36,0,1,1,0,0,0,0,0,0,0,-2.5910365989060202,-0.33920557038429133,3
4315.0,149.99,2,3,0,0,1,0,0,0,0,0,1.1662216242422458,1.523311776814208,0
262.0,174.0,2,4,0,0,0,1,0,0,0,0,1.478438040849039,-0.4959336733796972,0
4308.0,184.45,2,3,0,0,1,0,0,0,0,0,1.0489702371758116,1.7004670324699374,0
89131.0,496.08,0,7,0,0,0,0,0,0,1,0,-2.7978776272985852,3.220246256297138,2
2327.0,330.6,2,3,0,0,1,0,0,0,0,0,0.547045311783425,2.4053081012681248,2
1602.0,184.43,2,7,0,0,0,0,0,0,1,0,1.4817712032507329,0.28716354099863334,0
671.0,269.76,0,6,0,0,0,0,0,1,0,0,-2.4566795254634646,0.23393141902673464,3
2408.0,82.04,2,2,0,1,0,0,0,0,0,0,1.7787749680233735,-0.4103426770285644,0
6937.0,174.0,2,7,0,0,0,0,0,0,1,0,1.5299524058308107,0.36062938054152943,0
94.0,149.99,2,1,1,0,0,0,0,0,0,0,1.2760165776531223,-0.4916894408785478,0
5554.0,484.69,1,3,0,0,1,0,0,0,0,0,-1.9506713110372909,4.744523545818835,2
228.0,64.8,0,7,0,0,0,0,0,0,1,0,-1.542237861924254,-1.117612301568281,3
7270.0,302.48,0,3,0,0,1,0,0,0,0,0,-2.7732505233066482,1.62195602489684,2
126.0,91.5,2,3,0,0,1,0,0,0,0,0,1.3552374610026328,1.122511583910266,0
6012.0,207.06,2,7,0,0,0,0,0,0,1,0,1.4152789668347694,0.5087041806109511,0
6197.0,169.04,1,1,1,0,0,0,0,0,0,0,-0.7554417389877942,1.2211823867853033,2
4139.0,331.99,2,3,0,0,1,0,0,0,0,0,0.5466291873252168,2.4556415917253847,2
828.0,233.63,1,1,1,0,0,0,0,0,0,0,-0.9879590238306276,1.4255993817196453,2
2076.0,36.0,2,3,0,0,1,0,0,0,0,0,1.5486925515812904,0.8833927550074805,0
2967.0,62.58,2,3,0,0,1,0,0,0,0,0,1.4603866610493736,1.0413994237756015,0
115.0,150.64,0,1,1,0,0,0,0,0,0,0,-2.1538711230278444,-1.2442925467804362,3
2719.0,187.57,2,3,0,0,1,0,0,0,0,0,1.034573865942379,1.678655020055879,0
1166.0,62.58,2,1,1,0,0,0,0,0,0,0,1.5759414393740159,-0.9159319156132675,0
2432.0,149.99,2,1,1,0,0,0,0,0,0,0,1.2815812349458433,-0.43597366588909003,0
6261.0,245.98,2,1,1,0,0,0,0,0,0,0,0.9641315989525543,0.14921264424653866,0
22927.0,245.98,0,3,0,0,1,0,0,0,0,0,-2.54376944638461,1.7043365101735213,2
5912.0,279.59,2,1,1,0,0,0,0,0,0,0,0.8489579646583449,0.31384398348183923,0
5935.0,245.98,2,3,0,0,1,0,0,0,0,0,0.8435143629454407,2.0558564501013716,0
25.0,149.68,0,1,1,0,0,0,0,0,0,0,-2.150819361068575,-1.2513772010699138,3
15163.0,149.99,2,1,1,0,0,0,0,0,0,0,1.3118821981595434,-0.13258721105984023,0
4199.0,149.99,2,3,0,0,1,0,0,0,0,0,1.1659455334612554,1.5205474355401374,0
2334.0,248.43,0,2,0,1,0,0,0,0,0,0,-2.2151950096866257,-0.31235536579850154,3
19502.0,171.58,2,1,1,0,0,0,0,0,0,0,1.248759109662354,0.08190989540349955,0
4087.0,184.44,0,1,1,0,0,0,0,0,0,0,-2.259406765690085,-0.9757118052085492,3
302.0,150.0,2,3,0,0,1,0,0,0,0,0,1.156636290751534,1.427731324410271,0
6853.0,149.99,2,3,0,0,1,0,0,0,0,0,1.1722623001228814,1.583793657448615,0
3194.0,62.58,2,7,0,0,0,0,0,0,1,0,1.9001003986676483,-0.30190621368857795,0
43.0,63.63,2,3,0,0,1,0,0,0,0,0,1.4498551142523726,0.9771219822534348,0
2311.0,147.0,2,1,1,0,0,0,0,0,0,0,1.2914653804379208,-0.4542429110337207,0
2387.0,207.57,1,6,0,0,0,0,0,1,0,0,-0.7944702226168014,2.180667386236049,2
2964.0,313.2,2,7,0,0,0,0,0,0,1,0,1.0469305996263651,0.9822371705459262,0
2931.0,184.44,2,1,1,0,0,0,0,0,0,0,1.1655681954310393,-0.24681162031361026,0
1707.0,149.99,0,7,0,0,0,0,0,0,1,0,-1.8285385501824383,-0.6440016836898743,3
13349.0,64.8,2,3,0,0,1,0,0,0,0,0,1.4775442295741579,1.3002315021625632,0
2389.0,331.99,2,2,0,1,0,0,0,0,0,0,0.9283867437141808,0.8753813054092803,0
1242.0,331.99,0,3,0,0,1,0,0,0,0,0,-2.8879922904799953,1.6301562759355468,1
997.0,149.72,0,3,0,0,1,0,0,0,0,0,-2.268483318536949,0.6864044598685258,1
2058.0,230.97,1,1,1,0,0,0,0,0,0,0,-0.9759820500760041,1.4412232731517023,2
171.0,149.99,0,1,1,0,0,0,0,0,0,0,-2.151526503749801,-1.2463027657279886,3
927.0,212.91,1,1,1,0,0,0,0,0,0,0,-0.9172328684735866,1.3213389500092396,2
229.0,184.44,0,3,0,0,1,0,0,0,0,0,-2.3884304899597693,0.8467625749564783,1
2575.0,149.99,2,3,0,0,1,0,0,0,0,0,1.1620802625273894,1.4818466577031488,0
26240.0,64.8,0,8,0,0,0,0,0,0,0,1,-2.0523865949803786,-0.887045867092769,3
13035.0,365.71,1,4,0,0,0,1,0,0,0,0,-1.1245434268356507,2.264350589340696,2
1162.0,119.0,0,3,0,0,1,0,0,0,0,0,-2.1635795528393214,0.5322594810495945,1
33.0,149.99,0,1,1,0,0,0,0,0,0,0,-2.151854956575462,-1.2495913786230037,3
401.0,323.82,1,3,0,0,1,0,0,0,0,0,-1.4156477570437376,3.7939302518434643,2
8273.0,207.37,1,3,0,0,1,0,0,0,0,0,-1.0007426610378558,3.382303189872196,2
3021.0,172.15,2,7,0,0,0,0,0,0,1,0,1.5269257588576606,0.25778942004872013,0
291.0,325.04,2,1,1,0,0,0,0,0,0,0,0.6809561797261235,0.41376629449036445,2
3500.0,62.58,2,2,0,1,0,0,0,0,0,0,1.8475779696193817,-0.4844557666034055,0
7692.0,271.71,0,3,0,0,1,0,0,0,0,0,-2.667564971102517,1.4736782050218113,2
7638.0,184.64,2,3,0,0,1,0,0,0,0,0,1.0562495567046637,1.7808003813357993,0
14810.0,285.36,2,1,1,0,0,0,0,0,0,0,0.8505061891674692,0.5555789214831092,0
1187.0,360.88,1,7,0,0,0,0,0,0,1,0,-1.1006836101818083,2.6546468631227738,2
55284.0,64.8,0,1,1,0,0,0,0,0,0,0,-1.7305315958553182,-0.3712961303115313,3
5849.0,342.2,2,3,0,0,1,0,0,0,0,0,0.5159641910369732,2.5489297615624587,2
3632.0,270.69,0,6,0,0,0,0,0,1,0,0,-2.452795979020601,0.30927914776354604,3
24213.0,199.49,2,4,0,0,0,1,0,0,0,0,1.4487253306421854,0.20599612379620386,0
357.0,149.99,2,1,1,0,0,0,0,0,0,0,1.2766425420962297,-0.48542201195543944,0
5605.0,304.63,1,3,0,0,1,0,0,0,0,0,-1.337976367433784,3.8191976431020085,2
9074.0,119.0,0,2,0,1,0,0,0,0,0,0,-1.758825538468206,-0.8177502415590068,3
3997.0,343.82,1,3,0,0,1,0,0,0,0,0,-1.475129991246184,3.9825395552823712,2
1443.0,313.77,2,7,0,0,0,0,0,0,1,0,1.0413713083855003,0.9489240067484539,0
1409.0,19.0,2,8,0,0,0,0,0,0,0,1,1.4720536666624748,-0.9580081557475314,0
48.0,119.0,2,4,0,0,0,1,0,0,0,0,1.6650415840961326,-0.7840488972622669,0
1268.0,313.26,2,1,1,0,0,0,0,0,0,0,0.7233577080434315,0.3764319481636809,2
46.0,63.63,2,4,0,0,0,1,0,0,0,0,1.853408466442059,-1.0690159715541305,0
8231.0,174.14,0,1,1,0,0,0,0,0,0,0,-2.2145025206157234,-0.9299591790756986,3
20799.0,174.0,0,1,1,0,0,0,0,0,0,0,-2.1841132252122812,-0.6311775034146815,3
957.0,269.98,0,7,0,0,0,0,0,0,1,0,-2.23853588984181,-0.044437693564099226,3
348.0,174.0,0,3,0,0,1,0,0,0,0,0,-2.352629831628296,0.7958769219171246,1
2522.0,313.42,0,3,0,0,1,0,0,0,0,0,-2.8217696580657323,1.5651030308824097,1
14187.0,267.48,0,3,0,0,1,0,0,0,0,0,-2.6377155857206116,1.6066910217276567,2
3750.0,331.79,0,3,0,0,1,0,0,0,0,0,-2.8813426069034156,1.688894093483785,2
1407.0,146.93,0,1,1,0,0,0,0,0,0,0,-2.138174428469277,-1.2325941856054374,3
1915.0,62.58,2,1,1,0,0,0,0,0,0,0,1.5777241289857558,-0.8980828499729321,0
72.0,259.02,2,7,0,0,0,0,0,0,1,0,1.2243705709963442,0.6345232957591365,0
1354.0,119.0,2,8,0,0,0,0,0,0,0,1,1.1317175194850488,-0.44474521508630355,0
263.0,182.51,1,6,0,0,0,0,0,1,0,0,-0.714270106358777,2.0010991951864616,2
585.0,149.99,2,3,0,0,1,0,0,0,0,0,1.1573438775776397,1.434423906535903,0
1569.0,302.48,0,3,0,0,1,0,0,0,0,0,-2.786819433155152,1.4860981834875588,1
2031.0,174.0,0,1,1,0,0,0,0,0,0,0,-2.228782809502182,-1.078428857136727,3
3468.0,443.98,0,3,0,0,1,0,0,0,0,0,-3.2636900541859397,2.2594740284810815,2
247.0,119.0,0,3,0,0,1,0,0,0,0,0,-2.1657573378790302,0.5104545477239514,1
1231.0,184.44,0,3,0,0,1,0,0,0,0,0,-2.3860456368343175,0.8706407642376744,1
54.0,49.5,0,1,1,0,0,0,0,0,0,0,-1.8099327268718592,-1.7661859679804695,3
289.0,121.0,2,1,1,0,0,0,0,0,0,0,1.3751061954511998,-0.6362173802296918,0
444.0,77.3,2,4,0,0,0,1,0,0,0,0,1.807849686841621,-0.989189207505834,0
423.0,36.0,0,8,0,0,0,0,0,0,0,1,-2.0158543446863915,-1.6504758167485676,3
629.0,150.24,2,3,0,0,1,0,0,0,0,0,1.1565980885618163,1.4367588838270757,0
507.0,62.58,2,1,1,0,0,0,0,0,0,0,1.5743729581268373,-0.9316362337133755,0
2483.0,184.44,2,3,0,0,1,0,0,0,0,0,1.044660588085298,1.6569248610978033,0
8867.0,245.98,2,1,1,0,0,0,0,0,0,0,0.9703341211530807,0.21131500080022847,0
32131.0,292.6,1,3,0,0,1,0,0,0,0,0,-1.2339153314981686,4.389423028340095,2
2623.0,149.99,2,3,0,0,1,0,0,0,0,0,1.1621945069884887,1.4829905230579365,0
909.0,149.99,2,3,0,0,1,0,0,0,0,0,1.1581150276900611,1.4421449976807208,0
21279.0,269.98,2,7,0,0,0,0,0,0,1,0,1.2375587074354564,1.1962945765419488,0
356.0,149.99,2,6,0,0,0,0,0,1,0,0,1.3777609122419883,0.36656825382772057,0
8022.0,48.6,0,3,0,0,1,0,0,0,0,0,-1.907747624859565,0.3334770763929903,2
1502.0,269.98,2,2,0,1,0,0,0,0,0,0,1.1372368718817512,0.5351565252895337,0
94.0,149.99,2,3,0,0,1,0,0,0,0,0,1.1561752519443094,1.4227231171775523,0
32947.0,217.18,2,6,0,0,0,0,0,1,0,0,1.2267466190916254,1.4889710142859998,0
9723.0,157.2,2,6,0,0,0,0,0,1,0,0,1.3755264448540254,0.6268895696902721,0
20292.0,245.98,2,8,0,0,0,0,0,0,0,1,0.7447991031995881,0.6599629107462639,2
3704.0,61.2,2,1,1,0,0,0,0,0,0,0,1.5866769475951588,-0.8625511509309078,0
9930.0,62.58,2,4,0,0,0,1,0,0,0,0,1.8805054600984858,-0.838878053587727,0
1869.0,149.99,2,6,0,0,0,0,0,1,0,0,1.381361992859562,0.4026238430317623,0
2283.0,246.42,0,3,0,0,1,0,0,0,0,0,-2.5944009880942382,1.2146432094285902,1
780.0,149.99,2,2,0,1,0,0,0,0,0,0,1.5437307147340724,-0.09948600238306844,0
34.0,358.0,1,2,0,1,0,0,0,0,0,0,-1.146880683857418,2.4225088492802898,2
771.0,162.37,2,2,0,1,0,0,0,0,0,0,1.5015918849298766,-0.03599626301654892,0
12035.0,217.44,2,1,1,0,0,0,0,0,0,0,1.074968831671212,0.13995080314996775,0
364.0,62.58,2,4,0,0,0,1,0,0,0,0,1.8577374910385334,-1.0668408865856538,0
163.0,270.04,2,4,0,0,0,1,0,0,0,0,1.1514692971680756,-0.00409639130101649,0
3001.0,24.71,2,1,1,0,0,0,0,0,0,0,1.709144635088431,-1.0670719261063932,0
19622.0,245.98,2,3,0,0,1,0,0,0,0,0,0.8760906950093723,2.3820248899134797,0
4384.0,245.98,2,1,1,0,0,0,0,0,0,0,0.9596641645049763,0.10448274276868916,0
1224.0,269.98,2,3,0,0,1,0,0,0,0,0,0.7506524870113336,2.0670885003658515,0
538.0,149.99,2,6,0,0,0,0,0,1,0,0,1.3781940891569906,0.37090540996462446,0
1116.0,149.99,2,1,1,0,0,0,0,0,0,0,1.2784490326373656,-0.4673346410328567,0
1518.0,150.44,0,1,1,0,0,0,0,0,0,0,-2.149851442149492,-1.2118874629205438,3
,300.06,0,4,0,0,0,1,0,0,0,0,-2.378774620208483,-0.6099540422863772,3
189.0,150.19,2,3,0,0,1,0,0,0,0,0,1.1557209502894372,1.4260161645983305,0
2781.0,184.44,0,3,0,0,1,0,0,0,0,0,-2.3823564927779795,0.9075780829860317,1
484.0,9.5,2,1,1,0,0,0,0,0,0,0,1.754899158477727,-1.2053200132065176,0
1416.0,19.0,2,3,0,0,1,0,0,0,0,0,1.6049565813923499,0.7801870910278375,0
831.0,149.99,2,2,0,1,0,0,0,0,0,0,1.5438520994739906,-0.09827064544360638,0
1852.0,62.58,2,3,0,0,1,0,0,0,0,0,1.45773285742175,1.014828384805009,0
176.0,36.0,2,3,0,0,1,0,0,0,0,0,1.5441703749961022,0.8381147513804617,0
488.0,121.0,0,1,1,0,0,0,0,0,0,0,-2.0521465146130957,-1.3879233806357134,3
25571.0,144.0,0,3,0,0,1,0,0,0,0,0,-2.1905351747937285,1.2425822494158332,2
616.0,348.13,0,3,0,0,1,0,0,0,0,0,-2.9443913547295795,1.6982905474886287,1
694.0,184.44,2,2,0,1,0,0,0,0,0,0,1.4263253208496185,0.07573518418093449,0
1512.0,174.61,2,4,0,0,0,1,0,0,0,0,1.4793379050469038,-0.4630066140185109,0
929.0,149.99,0,1,1,0,0,0,0,0,0,0,-2.1497223933016048,-1.2282392253336307,3
3153.0,99.0,1,1,1,0,0,0,0,0,0,0,-0.5244069903530025,0.7882348956217768,2
14177.0,230.35,0,1,1,0,0,0,0,0,0,0,-2.3915798545621816,-0.49902102661034664,3
1914.0,174.0,2,1,1,0,0,0,0,0,0,0,1.198665068183158,-0.32476875341627626,0
382.0,174.0,0,1,1,0,0,0,0,0,0,0,-2.2327075827595375,-1.1177253981793343,3
81.0,331.99,0,3,0,0,1,0,0,0,0,0,-2.890755578382839,1.602489032666616,1
1827.0,149.99,2,8,0,0,0,0,0,0,0,1,1.0274136989292908,-0.2740070104867572,0
1548.0,184.44,2,3,0,0,1,0,0,0,0,0,1.0424352011867974,1.6346433172076653,0
5193.0,174.62,0,3,0,0,1,0,0,0,0,0,-2.3432075538368737,0.9145261876082463,2
26.0,149.99,0,3,0,0,1,0,0,0,0,0,-2.271712942934852,0.6646543657355234,1
756.0,174.0,1,4,0,0,0,1,0,0,0,0,-0.5015611184764155,0.9852464469161111,2
5454.0,149.99,2,1,1,0,0,0,0,0,0,0,1.288773875809232,-0.36395780959390567,0
620.0,184.44,0,1,1,0,0,0,0,0,0,0,-2.2676585479115836,-1.058332246563746,3
229.0,174.0,0,4,0,0,0,1,0,0,0,0,-1.9493668507772373,-1.25316835633386,3
371.0,173.99,2,1,1,0,0,0,0,0,0,0,1.1950266053016039,-0.3615907158290317,0
1517.0,173.59,0,8,0,0,0,0,0,0,0,1,-2.481338915568764,-0.9164033755067679,3
188.0,119.0,0,4,0,0,0,1,0,0,0,0,-1.7623515514515975,-1.5371608988335488,3
1360.0,174.0,2,2,0,1,0,0,0,0,0,0,1.4634278900190383,0.03788483008051722,0
11949.0,378.8,1,2,0,1,0,0,0,0,0,0,-1.189284566832085,2.8134809059785733,2
749.0,172.8,0,7,0,0,0,0,0,0,1,0,-1.9084194949337463,-0.5494570870725121,3
46.0,145.67,1,1,1,0,0,0,0,0,0,0,-0.6905757255883402,0.9543449527478207,2
2252.0,394.64,1,1,1,0,0,0,0,0,0,0,-1.5323342317347393,2.2880490390125336,2
15353.0,626.4,2,3,0,0,1,0,0,0,0,0,-0.4282787036161877,4.23783332903647,2
8623.0,335.41,1,1,1,0,0,0,0,0,0,0,-1.3156670947411784,2.1350913793760364,2
920.0,174.0,0,3,0,0,1,0,0,0,0,0,-2.3512684184668604,0.8095079840616796,1
654.0,141.12,2,4,0,0,0,1,0,0,0,0,1.5912305208725697,-0.6557839124774246,0
115.0,147.12,2,3,0,0,1,0,0,0,0,0,1.1659891243433274,1.408455295384492,0
173.0,62.58,2,1,1,0,0,0,0,0,0,0,1.57357800708502,-0.9395956301404409,0
1749.0,182.16,1,3,0,0,1,0,0,0,0,0,-0.9305046458508528,3.097108814204153,2
520.0,178.03,1,7,0,0,0,0,0,0,1,0,-0.48020584705528024,1.697854037150571,2
2729.0,413.78,1,7,0,0,0,0,0,0,1,0,-1.2769820799217684,2.9636029824738217,2
491.0,72.56,2,7,0,0,0,0,0,0,1,0,1.8597145242938213,-0.3149656842326521,0
1335.0,174.0,2,3,0,0,1,0,0,0,0,0,1.0774456686623326,1.5758459287976956,0
5306.0,270.4,1,3,0,0,1,0,0,0,0,0,-1.2222357608636099,3.6359337651348476,2
5561.0,184.44,0,3,0,0,1,0,0,0,0,0,-2.3757398344059677,0.9738269514508276,2
3697.0,64.8,0,3,0,0,1,0,0,0,0,0,-1.9731547760378683,0.3137709682145623,2
989.0,181.12,1,1,1,0,0,0,0,0,0,0,-0.8089340562586315,1.1592334890522242,2
2938.0,82.05,2,7,0,0,0,0,0,0,1,0,1.8332531342449163,-0.20781934515587738,0
446.0,62.22,2,6,0,0,0,0,0,1,0,0,1.6765732615676583,-0.0829282646546692,0
3562.0,90.86,2,1,1,0,0,0,0,0,0,0,1.4854340996010382,-0.7133125503317715,0
314.0,49.5,0,3,0,0,1,0,0,0,0,0,-1.9291552284163833,0.15442252741406526,1
417.0,222.32,1,3,0,0,1,0,0,0,0,0,-1.0703013548599687,3.2720193162857676,2
234.0,174.0,0,3,0,0,1,0,0,0,0,0,-2.3529011622234073,0.7931602416995035,1
714.0,184.44,2,3,0,0,1,0,0,0,0,0,1.0404502036751937,1.6147686566682264,0
65.0,129.6,2,1,1,0,0,0,0,0,0,0,1.345315403815081,-0.5973020872566664,0
2512.0,174.0,2,3,0,0,1,0,0,0,0,0,1.0802470380522098,1.6038944605182224,0
12723.0,373.73,2,3,0,0,1,0,0,0,0,0,0.4250582370802651,2.874985874875062,2
7207.0,173.5,0,8,0,0,0,0,0,0,0,1,-2.4674900020247357,-0.7812707861657016,3
14553.0,441.9,1,1,1,0,0,0,0,0,0,0,-1.6638377058853286,2.8243758593817843,2
1394.0,240.0,2,3,0,0,1,0,0,0,0,0,0.8530506343823727,1.9168705189739244,0
3767.0,174.0,2,3,0,0,1,0,0,0,0,0,1.0832340546913735,1.6338017734402794,0
292.0,187.95,1,3,0,0,1,0,0,0,0,0,-0.9536703247794172,3.092181547162114,2
40488.0,185.7,0,7,0,0,0,0,0,0,1,0,-1.857723457834548,0.4639242709937488,2
14621.0,18.0,2,4,0,0,0,1,0,0,0,0,2.043333972990933,-0.9564859653537583,0
913.0,184.14,1,4,0,0,0,1,0,0,0,0,-0.5356842554303696,1.0411656048863542,2
133.0,62.57,2,7,0,0,0,0,0,0,1,0,1.8928489547038228,-0.3749029179464988,0
2085.0,273.0,0,3,0,0,1,0,0,0,0,0,-2.6852987998373496,1.3466984329599623,1
643.0,174.0,0,1,1,0,0,0,0,0,0,0,-2.232086378502309,-1.1115056303126754,3
8289.0,211.44,2,3,0,0,1,0,0,0,0,0,0.9666239923347048,1.9342197852933516,0
1164.0,149.99,1,3,0,0,1,0,0,0,0,0,-0.8224529738479512,2.9176296217308146,2
186.0,62.58,2,1,1,0,0,0,0,0,0,0,1.5736089482932345,-0.9392858332735192,0
1.0,149.99,0,1,1,0,0,0,0,0,0,0,-2.1519311195495283,-1.2503539555261955,3
686.0,149.99,2,3,0,0,1,0,0,0,0,0,1.1575842669645364,1.4368307898866024,0
901.0,133.0,0,1,1,0,0,0,0,0,0,0,-2.091988165276942,-1.3163325381132622,3
1750.0,173.45,0,3,0,0,1,0,0,0,0,0,-2.347421812495653,0.8264571675797946,1
89.0,184.51,0,1,1,0,0,0,0,0,0,0,-2.2691605209319428,-1.0706260555172868,3
461.0,184.44,0,7,0,0,0,0,0,0,1,0,-1.9487048518767964,-0.4964239098665775,3
5156.0,106.1,0,4,0,0,0,1,0,0,0,0,-1.7066407735013185,-1.4851508315560602,3
41.0,62.58,2,6,0,0,0,0,0,1,0,0,1.6743845850556947,-0.09072716355472267,0
1653.0,91.5,2,3,0,0,1,0,0,0,0,0,1.3588718629213603,1.1589008005094543,0
1606.0,149.8,1,1,1,0,0,0,0,0,0,0,-0.7009132570999224,1.0127724672725968,2
631.0,240.0,0,7,0,0,0,0,0,0,1,0,-2.1373182685687993,-0.2064756169555005,3
1614.0,149.99,0,1,1,0,0,0,0,0,0,0,-2.1480920296379975,-1.2119153134996792,3
1028.0,149.98,2,1,1,0,0,0,0,0,0,0,1.2782736049828898,-0.46948318487860585,0
1675.0,119.0,2,4,0,0,0,1,0,0,0,0,1.6689139953088172,-0.7452766278406041,0
918.0,68.36,2,7,0,0,0,0,0,0,1,0,1.8750194441457804,-0.3264021407086559,0
1861.0,149.99,0,3,0,0,1,0,0,0,0,0,-2.267345472390736,0.7083833850279336,1
2595.0,149.66,2,3,0,0,1,0,0,0,0,0,1.1632505416849976,1.4806251753225887,0
2239.0,149.99,2,3,0,0,1,0,0,0,0,0,1.1612805512996929,1.473839600219634,0
203.0,149.99,0,1,1,0,0,0,0,0,0,0,-2.1514503407757344,-1.2455401888247968,3
152.0,149.99,2,4,0,0,0,1,0,0,0,0,1.5598595092456722,-0.6221041575776521,0
1055.0,149.99,2,3,0,0,1,0,0,0,0,0,1.1584625212592388,1.445624254801534,0
653.0,30.0,2,3,0,0,1,0,0,0,0,0,1.5657179938522234,0.8186074961608505,0
914.0,149.99,0,4,0,0,0,1,0,0,0,0,-1.8660532084936434,-1.3603935705931414,3
380.0,149.99,0,1,1,0,0,0,0,0,0,0,-2.15102906432543,-1.2413221853290166,3
1379.0,149.99,2,7,0,0,0,0,0,0,1,0,1.5984071278926522,0.10463017857515475,0
674.0,149.99,2,3,0,0,1,0,0,0,0,0,1.1575557058492616,1.4365448235479055,0
1743.0,149.99,0,3,0,0,1,0,0,0,0,0,-2.2676263233576055,0.7055713826974136,1
5004.0,149.99,2,1,1,0,0,0,0,0,0,0,1.2877028339864243,-0.37468154729504166,0
5357.0,149.74,0,1,1,0,0,0,0,0,0,0,-2.1383328286600123,-1.1240040804037361,3
4587.0,133.75,1,3,0,0,1,0,0,0,0,0,-0.7590565844043161,2.9156347640026357,2
539.0,149.99,0,3,0,0,1,0,0,0,0,0,-2.270491955256851,0.6768794267148185,1
826.0,184.44,0,3,0,0,1,0,0,0,0,0,-2.3870095744748445,0.8609894003066519,1
396.0,178.14,1,3,0,0,1,0,0,0,0,0,-0.9200486608670515,3.0441802500035844,2
836.0,149.99,2,3,0,0,1,0,0,0,0,0,1.1579412809054723,1.4404053691203142,0
11346.0,149.99,2,1,1,0,0,0,0,0,0,0,1.3027973834091944,-0.22354833729369825,0
983.0,150.0,0,6,0,0,0,0,0,1,0,0,-2.048507138568376,-0.3748868231361381,3
476.0,149.99,2,8,0,0,0,0,0,0,0,1,1.024198193367928,-0.30620205411839,0
1785.0,10.0,1,2,0,1,0,0,0,0,0,0,0.04120110126858243,0.6735199075985328,2
125.0,149.99,0,3,0,0,1,0,0,0,0,0,-2.271477313733834,0.6670135880297733,1
68.0,149.99,2,3,0,0,1,0,0,0,0,0,1.1561133695278805,1.422103523443709,0
409.0,178.8,1,3,0,0,1,0,0,0,0,0,-0.9222630742564711,3.0478862327606158,2
321.0,138.0,0,1,1,0,0,0,0,0,0,0,-2.1103788812851816,-1.304425563497936,3
666.0,150.13,2,1,1,0,0,0,0,0,0,0,1.2769017034756658,-0.47733797566639374,0
150.0,150.28,0,2,0,1,0,0,0,0,0,0,-1.8864816875791193,-0.8694552471902356,3
320.0,79.41,2,3,0,0,1,0,0,0,0,0,1.396830012798659,1.064922755762494,0
3230.0,174.0,0,3,0,0,1,0,0,0,0,0,-2.3457704037764473,0.8645565042608444,2
3461.0,239.96,1,3,0,0,1,0,0,0,0,0,-1.1230685566523075,3.435330230719374,2
220.0,184.44,0,3,0,0,1,0,0,0,0,0,-2.3884519107962254,0.8465481002024556,1
1127.0,174.28,0,3,0,0,1,0,0,0,0,0,-2.3517283139061527,0.8158817095394001,1
289.0,62.58,2,3,0,0,1,0,0,0,0,0,1.4540127721571978,0.97758126918973,0
372.0,27.0,2,6,0,0,0,0,0,1,0,0,1.796217420945687,-0.26592455260642645,0
3702.0,174.0,2,7,0,0,0,0,0,0,1,0,1.5222528051712931,0.283537621734474,0
130.0,181.95,1,2,0,1,0,0,0,0,0,0,-0.5477208662784667,1.5188897224840925,2
544.0,174.0,0,3,0,0,1,0,0,0,0,0,-2.3521633334121397,0.8005477054491749,1
1305.0,184.44,2,3,0,0,1,0,0,0,0,0,1.0418568386024811,1.6288524988490518,0
2505.0,212.97,1,1,1,0,0,0,0,0,0,0,-0.9136812049601803,1.359252267719718,2
263.0,149.99,0,7,0,0,0,0,0,0,1,0,-1.8319754043871812,-0.6784129664464086,3
110.0,174.0,0,7,0,0,0,0,0,0,1,0,-1.9140228372269223,-0.5585099111715622,3
0.0,183.92,0,3,0,0,1,0,0,0,0,0,-2.3872064639841892,0.8386296011705007,1
1283.0,184.44,2,3,0,0,1,0,0,0,0,0,1.0418044765578107,1.6283282272281074,0
1741.0,62.58,2,3,0,0,1,0,0,0,0,0,1.4574686671054575,1.0121831961720622,0
21.0,137.99,0,7,0,0,0,0,0,0,1,0,-1.791726757830668,-0.7459287886424278,3
6132.0,174.0,2,1,1,0,0,0,0,0,0,0,1.208704300202276,-0.22425158536429482,0
12677.0,150.42,0,3,0,0,1,0,0,0,0,0,-2.2430652696971998,0.968347044871562,2
661.0,186.9,0,3,0,0,1,0,0,0,0,0,-2.3957713387646913,0.8697158741945231,1
148.0,62.56,2,3,0,0,1,0,0,0,0,0,1.4537452201011312,0.974118249986098,0
1972.0,184.04,0,6,0,0,0,0,0,1,0,0,-2.16195909105032,-0.176157570571358,3
4440.0,138.0,0,1,1,0,0,0,0,0,0,0,-2.1005752784670815,-1.2062676177402043,3
198.0,141.26,1,3,0,0,1,0,0,0,0,0,-0.7950522259952385,2.849687054464713,2
3555.0,184.44,2,3,0,0,1,0,0,0,0,0,1.0472120477165199,1.6824711873547318,0
1615.0,149.99,2,1,1,0,0,0,0,0,0,0,1.2796366990142123,-0.45544320744870814,0
339.0,212.94,1,6,0,0,0,0,0,1,0,0,-0.8176136744559771,2.1594950678103872,2
202.0,149.99,2,3,0,0,1,0,0,0,0,0,1.1564323019817833,1.4252968142258249,0
536.0,62.58,2,2,0,1,0,0,0,0,0,0,1.8405233741464884,-0.5550894522615547,0
190.0,174.0,2,7,0,0,0,0,0,0,1,0,1.5138939187675138,0.19984480660916362,0
785.0,62.58,2,1,1,0,0,0,0,0,0,0,1.5750346239640385,-0.9250113468668959,0
108329.0,344.4,2,3,0,0,1,0,0,0,0,0,0.7523916001589381,5.002402913668197,2
28815.0,269.67,1,8,0,0,0,0,0,0,0,1,-1.2966849117594133,2.4543808326687127,2
366.0,137.98,0,1,1,0,0,0,0,0,0,0,-2.1102037360544874,-1.3034561044517652,3
,43.82,1,3,0,0,1,0,0,0,0,0,-0.4640274965284075,2.3435680748272927,2
1146.0,174.0,2,3,0,0,1,0,0,0,0,0,1.0769958310967533,1.5713419589632185,0
10438.0,55.0,2,3,0,0,1,0,0,0,0,0,1.5039558927495051,1.180432619768394,0
1171.0,174.22,2,4,0,0,0,1,0,0,0,0,1.4798530937985659,-0.4731396612600327,0
1132.0,221.47,1,7,0,0,0,0,0,0,1,0,-0.6265343873296234,1.9359691008276991,2
514.0,184.45,2,1,1,0,0,0,0,0,0,0,1.1597814902718857,-0.3043585496708517,0
5018.0,184.44,0,1,1,0,0,0,0,0,0,0,-2.257190899163343,-0.9535255834313101,3
827.0,184.44,2,7,0,0,0,0,0,0,1,0,1.4798926106983574,0.2687463389864259,0
10796.0,64.8,2,1,1,0,0,0,0,0,0,0,1.5913091780082413,-0.6750203944513152,0
1277.0,149.99,2,3,0,0,1,0,0,0,0,0,1.1589909018918239,1.4509146320674275,0
3076.0,182.55,0,4,0,0,0,1,0,0,0,0,-1.9716782743748953,-1.1413267979924946,3
8158.0,174.0,2,3,0,0,1,0,0,0,0,0,1.0936850427890372,1.7384416228751423,0
530.0,34.2,2,7,0,0,0,0,0,0,1,0,1.9903100787748864,-0.5114267341540195,0
761.0,174.47,0,3,0,0,1,0,0,0,0,0,-2.3532458178819615,0.8081374260865987,1
504.0,184.44,0,3,0,0,1,0,0,0,0,0,-2.3877759644013867,0.8533159702182836,1
692.0,144.45,1,6,0,0,0,0,0,1,0,0,-0.583766931357476,1.815475772131886,2
429.0,142.15,1,8,0,0,0,0,0,0,0,1,-0.9304165052598804,1.1217431786222851,2
2377.0,65.88,2,5,0,0,0,0,1,0,0,0,2.0963393271067137,-0.7497466376781466,0
7800.0,209.92,1,3,0,0,1,0,0,0,0,0,-1.0105436786709503,3.3841529773245873,2
577.0,62.58,2,4,0,0,0,1,0,0,0,0,1.8582444508346623,-1.0617649840737828,0
372.0,178.91,1,7,0,0,0,0,0,0,1,0,-0.4835519069405156,1.6988553668267883,2
402.0,122.56,1,1,1,0,0,0,0,0,0,0,-0.6111069810604577,0.8439106572800202,2
697.0,174.0,0,3,0,0,1,0,0,0,0,0,-2.351799179192385,0.8041937762675612,1
2383.0,168.23,2,3,0,0,1,0,0,0,0,0,1.0995698485301986,1.571129424519756,0
277.0,36.19,0,3,0,0,1,0,0,0,0,0,-1.8839619741361961,0.08505104908587102,1
588.0,285.23,1,4,0,0,0,1,0,0,0,0,-0.880371264839997,1.5536031553817786,2
742.0,86.25,2,4,0,0,0,1,0,0,0,0,1.778110585372729,-0.936033371130493,0
17266.0,184.8,1,6,0,0,0,0,0,1,0,0,-0.6815920861505279,2.4180734024832704,2
2303.0,174.0,0,1,1,0,0,0,0,0,0,0,-2.2281354242226183,-1.071946953459596,3
11916.0,64.8,0,1,1,0,0,0,0,0,0,0,-1.8337514664587073,-1.4047784783623452,3
2659.0,155.0,2,7,0,0,0,0,0,0,1,0,1.5844093642278112,0.16091339305048122,0
499.0,36.0,2,4,0,0,0,1,0,0,0,0,1.948485356926452,-1.200397433395185,0
18983.0,209.78,1,6,0,0,0,0,0,1,0,0,-0.7624887360413057,2.587530909649615,2
1373.0,61.2,2,3,0,0,1,0,0,0,0,0,1.461287625244202,0.9963124458333078,0
15877.0,59.04,0,3,0,0,1,0,0,0,0,0,-1.9245694220908856,0.574387361496474,2
1904.0,62.58,2,1,1,0,0,0,0,0,0,0,1.5776979479634203,-0.8983449857834045,0
1322.0,86.25,2,1,1,0,0,0,0,0,0,0,1.4957861530756262,-0.7904147774240006,0
45.0,174.0,0,2,0,1,0,0,0,0,0,0,-1.9674282807557704,-0.7499005900577707,3
714.0,177.69,1,3,0,0,1,0,0,0,0,0,-0.9177608677229716,3.0494427766903427,2
1804.0,149.98,2,1,1,0,0,0,0,0,0,0,1.2801205571039982,-0.4509906949762025,0
3216.0,93.67,2,1,1,0,0,0,0,0,0,0,1.4750508201418984,-0.707098394383582,0
144.0,143.28,2,1,1,0,0,0,0,0,0,0,1.2989633540427128,-0.5250258043500923,0
1383.0,243.14,1,2,0,1,0,0,0,0,0,0,-0.7529101974452143,1.8636169722524452,2
47.0,212.76,1,1,1,0,0,0,0,0,0,0,-0.918817042397312,1.2995962247418922,2
289.0,118.58,0,2,0,1,0,0,0,0,0,0,-1.7783057929256763,-1.0292626412162034,3
2238.0,128.36,1,3,0,0,1,0,0,0,0,0,-0.7463103601720286,2.8319213351001435,2
457.0,149.99,2,3,0,0,1,0,0,0,0,0,1.1570392256813742,1.4313735989231353,0
1995.0,62.58,2,8,0,0,0,0,0,0,0,1,1.325186956632811,-0.7197922827366477,0
27636.0,136.21,1,1,1,0,0,0,0,0,0,0,-0.5927255454861092,1.563150562043676,2
58.0,36.0,2,1,1,0,0,0,0,0,0,0,1.6637308497380454,-1.0791098090061586,0
13482.0,64.8,2,3,0,0,1,0,0,0,0,0,1.477860781935121,1.3034009624164546,0
89.0,149.99,2,3,0,0,1,0,0,0,0,0,1.1561633514796115,1.4226039645364286,0
468.0,149.99,2,3,0,0,1,0,0,0,0,0,1.1570654067037096,1.4316357347336075,0
143.0,178.24,1,3,0,0,1,0,0,0,0,0,-0.9209910296228292,3.0386656999824373,2
3570.0,209.29,1,1,1,0,0,0,0,0,0,0,-0.8986268530715159,1.365695471073613,2
497.0,174.0,0,2,0,1,0,0,0,0,0,0,-1.9663524787470834,-0.7391291913001852,3
0.0,4.19,2,3,0,0,1,0,0,0,0,0,1.6519707661398524,0.6702347099820137,0
800.0,62.57,2,5,0,0,0,0,1,0,0,0,2.103846714053384,-0.804359767501092,0
500.0,149.99,0,1,1,0,0,0,0,0,0,0,-2.1507434531726815,-1.2384625219420469,3
291.0,149.99,2,3,0,0,1,0,0,0,0,0,1.1566441302534052,1.4274177312378273,0
426.0,174.0,0,3,0,0,1,0,0,0,0,0,-2.352444184379009,0.7977357031186548,1
147.0,174.0,2,1,1,0,0,0,0,0,0,0,1.194459443958933,-0.3668772967894036,0
967.0,36.0,0,3,0,0,1,0,0,0,0,0,-1.881673320047966,0.10051642368349023,1
732.0,215.76,2,7,0,0,0,0,0,0,1,0,1.3731142200541053,0.4276468964993709,0
383.0,180.58,1,1,1,0,0,0,0,0,0,0,-0.8085392842728575,1.1420134914015745,2
124.0,347.19,0,3,0,0,1,0,0,0,0,0,-2.9423644311804313,1.681728935576746,1
814.0,149.53,0,7,0,0,0,0,0,0,1,0,-1.8290990290639741,-0.6676493840452556,3
7567.0,347.05,0,8,0,0,0,0,0,0,0,1,-3.0570593661715977,0.1203507210081405,3
1.0,49.36,0,8,0,0,0,0,0,0,0,1,-2.0623101642468753,-1.591785264065675,3
158.0,27.0,2,1,1,0,0,0,0,0,0,0,1.6945873308179202,-1.123038381957907,0
3626.0,160.97,0,3,0,0,1,0,0,0,0,0,-2.3004991439312095,0.8069444507891635,2
7585.0,118.91,2,6,0,0,0,0,0,1,0,0,1.5007023933361945,0.3789096613574308,0
0.0,149.61,1,7,0,0,0,0,0,0,1,0,-0.3847571655887721,1.539220339751101,2
74.0,184.44,0,3,0,0,1,0,0,0,0,0,-2.388799404365403,0.8430688430816425,1
1745.0,216.52,0,6,0,0,0,0,0,1,0,0,-2.2729980347705587,-0.014433588795401919,3
9094.0,184.37,1,6,0,0,0,0,0,1,0,0,-0.6995793231118334,2.221117659265872,2
843.0,36.0,2,7,0,0,0,0,0,0,1,0,1.9849313535077893,-0.4947054536648292,0
255.0,149.99,0,3,0,0,1,0,0,0,0,0,-2.2711679016516895,0.6701115566989905,1
4588.0,174.6,2,7,0,0,0,0,0,0,1,0,1.5223203360633601,0.307738911459881,0
4307.0,174.6,2,3,0,0,1,0,0,0,0,0,1.0824780734263484,1.6497577003999242,0
655.0,149.99,2,6,0,0,0,0,0,1,0,0,1.3784725600309207,0.37369358176691975,0
935.0,118.63,0,4,0,0,0,1,0,0,0,0,-1.7593148626300934,-1.5212634166426033,3
2408.0,149.99,0,1,1,0,0,0,0,0,0,0,-2.1462022358439765,-1.1929938740892303,3
317.0,118.32,2,3,0,0,1,0,0,0,0,0,1.2644490128320571,1.2650718596083772,0
927.0,149.63,0,3,0,0,1,0,0,0,0,0,-2.26834374032486,0.6842732066350513,1
79.0,149.99,0,2,0,1,0,0,0,0,0,0,-1.8856640789758383,-0.872639478191362,3
2250.0,149.99,0,2,0,1,0,0,0,0,0,0,-1.880496897204026,-0.8209034014154369,3
7.0,62.58,2,1,1,0,0,0,0,0,0,0,1.573182911657051,-0.9435514978257489,0
10865.0,0.0,2,3,0,0,1,0,0,0,0,0,1.6920850755708647,0.907592764477887,0
1398.0,36.0,2,4,0,0,0,1,0,0,0,0,1.9506250604791278,-1.1789737885211378,0
994.0,62.58,2,3,0,0,1,0,0,0,0,0,1.4556907376795967,0.9943817915881764,0
3177.0,146.4,2,6,0,0,0,0,0,1,0,0,1.3966885226146835,0.41532098100201303,0
261.0,149.99,0,3,0,0,1,0,0,0,0,0,-2.271153621094052,0.6702545398683389,1
234.0,149.99,1,1,1,0,0,0,0,0,0,0,-0.704825134572941,0.9810546724257002,2
1315.0,149.99,0,8,0,0,0,0,0,0,0,1,-2.4015312572150407,-1.0426565164605737,3
393.0,149.99,0,3,0,0,1,0,0,0,0,0,-2.2708394488260284,0.6734001695940054,1
840.0,149.99,0,6,0,0,0,0,0,1,0,0,-2.0488134713345287,-0.3783460460342482,3
804.0,178.83,1,8,0,0,0,0,0,0,0,1,-1.0543112531972576,1.3194252304175096,2
2542.0,119.0,0,3,0,0,1,0,0,0,0,0,-2.160295024582711,0.5651456099997448,1
0.0,149.99,2,1,1,0,0,0,0,0,0,0,1.2757928489168024,-0.493929510531674,0
282.0,138.0,0,3,0,0,1,0,0,0,0,0,-2.2303130306186376,0.6090576039573993,1
2897.0,179.59,2,1,1,0,0,0,0,0,0,0,1.1819872265112827,-0.27257867882936065,0
,150.28,0,6,0,0,0,0,0,1,0,0,-2.0517993446057603,-0.396871426245866,3
1506.0,97.1,0,1,1,0,0,0,0,0,0,0,-1.9684145271468965,-1.486646998014469,3
278.0,269.22,0,1,1,0,0,0,0,0,0,0,-2.5568985439202594,-0.6302267724234288,3
961.0,36.0,2,1,1,0,0,0,0,0,0,0,1.6658800736624797,-1.0575908420192124,0
218.0,36.0,2,1,1,0,0,0,0,0,0,0,1.6641116646083771,-1.075296924490199,0
32.0,150.42,0,7,0,0,0,0,0,0,1,0,-1.8339880883971051,-0.6817051519015567,3
1303.0,149.99,2,1,1,0,0,0,0,0,0,0,1.2788941100170657,-0.4628783322548291,0
350.0,149.99,0,7,0,0,0,0,0,0,1,0,-1.8317683363014383,-0.6763397104908556,3
1041.0,180.93,1,1,1,0,0,0,0,0,0,0,-0.8081639014658487,1.1594949866424553,2
19092.0,149.99,2,8,0,0,0,0,0,0,0,1,1.0685060035310137,0.13742705931349422,0
32.0,149.98,2,7,0,0,0,0,0,0,1,0,1.5952351632272543,0.07247899969444953,0
18778.0,149.99,2,2,0,1,0,0,0,0,0,0,1.586567627460502,0.32941584460592227,0
407.0,149.99,2,3,0,0,1,0,0,0,0,0,1.1569202210343956,1.430182072511898,0
325.0,152.56,0,1,1,0,0,0,0,0,0,0,-2.1599032441581962,-1.2294083223547385,3
178.0,149.99,0,3,0,0,1,0,0,0,0,0,-2.2713511688080366,0.668276606025685,1
368.0,149.99,0,3,0,0,1,0,0,0,0,0,-2.270898951149518,0.6728044063883868,1
92.0,36.0,2,6,0,0,0,0,0,1,0,0,1.764932523136689,-0.22628547473513252,0
21.0,181.87,1,6,0,0,0,0,0,1,0,0,-0.7126687753009329,1.992038936189906,2
1213.0,57.75,1,3,0,0,1,0,0,0,0,0,-0.5085310340124648,2.444154610790013,2
296.0,36.0,2,3,0,0,1,0,0,0,0,0,1.544455986148851,0.8409744147674314,0
0.0,36.0,0,3,0,0,1,0,0,0,0,0,-1.8839748699205328,0.07747230289016038,1
3240.0,146.89,2,3,0,0,1,0,0,0,0,0,1.1742093868362435,1.481742176761484,0
199.0,149.99,0,1,1,0,0,0,0,0,0,0,-2.151459861147493,-1.2456355109376958,3
137.0,149.99,0,6,0,0,0,0,0,1,0,0,-2.0504866766710483,-0.3950989073762451,3
0.0,149.99,0,1,1,0,0,0,0,0,0,0,-2.151933499642468,-1.2503777860544203,3
293.0,62.58,2,4,0,0,0,1,0,0,0,0,1.8575685044398238,-1.0685328540896109,0
143.0,149.99,0,3,0,0,1,0,0,0,0,0,-2.2714344720609216,0.6674425375378189,1
187.0,62.58,2,3,0,0,1,0,0,0,0,0,1.4537700026773615,0.9751505553108056,0
2104.0,148.75,1,1,1,0,0,0,0,0,0,0,-0.6961558157743247,1.019237047321528,2
86.0,150.14,0,3,0,0,1,0,0,0,0,0,-2.272080445221576,0.6668560578585786,1
1488.0,180.34,1,3,0,0,1,0,0,0,0,0,-0.9249341147024847,3.0815238064587067,2
3888.0,205.54,0,3,0,0,1,0,0,0,0,0,-2.451505035969746,1.0425335114903937,2
457.0,220.44,2,2,0,1,0,0,0,0,0,0,1.30328735167927,0.25533385208856163,0
0.0,149.99,0,8,0,0,0,0,0,0,0,1,-2.4046610794305785,-1.0739936610761154,3
362.0,119.0,0,4,0,0,0,1,0,0,0,0,-1.761937415280112,-1.5330143869224429,3
6463.0,149.99,0,7,0,0,0,0,0,0,1,0,-1.8172188281618304,-0.5306636914529792,3
83.0,149.99,2,3,0,0,1,0,0,0,0,0,1.1561490709219742,1.42246098136708,0
5846.0,70.0,2,3,0,0,1,0,0,0,0,0,1.4419957196611248,1.1481888771173954,0
52.0,149.99,0,2,0,1,0,0,0,0,0,0,-1.8857283414852068,-0.8732829024534301,3
516.0,149.99,2,3,0,0,1,0,0,0,0,0,1.1571796511648091,1.4327796000883954,0
1900.0,179.25,1,3,0,0,1,0,0,0,0,0,-0.920245279272864,3.0857331316324244,2
1240.0,150.64,0,3,0,0,1,0,0,0,0,0,-2.271034844179638,0.6969293555285042,1
3395.0,149.99,0,1,1,0,0,0,0,0,0,0,-2.143853084112618,-1.1694731427314053,3
2969.0,149.64,2,4,0,0,0,1,0,0,0,0,1.5677549494036789,-0.5567745672375384,0
907.0,180.69,1,8,0,0,0,0,0,0,0,1,-1.0603939211269044,1.331450844151331,2
4600.0,238.02,0,6,0,0,0,0,0,1,0,0,-2.3393469964722144,0.16423589752467138,3
518.0,149.99,0,3,0,0,1,0,0,0,0,0,-2.270541937208582,0.6763789856220989,1
559.0,118.7,0,3,0,0,1,0,0,0,0,0,-2.1639941331556862,0.5163459516709316,1
3121.0,149.99,2,4,0,0,0,1,0,0,0,0,1.5669260051832636,-0.5513513192783792,0
30.0,149.99,2,3,0,0,1,0,0,0,0,0,1.1560229259961767,1.4211979633711684,0
200.0,62.57,2,3,0,0,1,0,0,0,0,0,1.4538349644097823,0.9754088948157561,0
53.0,179.12,2,3,0,0,1,0,0,0,0,0,1.056975881120034,1.571641360942906,0
767.0,188.15,1,3,0,0,1,0,0,0,0,0,-0.9532201911172516,3.1045301953082958,2
29.0,150.18,0,1,1,0,0,0,0,0,0,0,-2.152510866907145,-1.2487090108584469,3
1266.0,149.99,2,3,0,0,1,0,0,0,0,0,1.1589647208694887,1.4506524962569554,0
5558.0,48.6,2,3,0,0,1,0,0,0,0,0,1.5141141746965983,1.0312069303699605,0
42.0,141.61,1,3,0,0,1,0,0,0,0,0,-0.7966142388410421,2.8477704997306503,2
70.0,149.99,0,8,0,0,0,0,0,0,0,1,-2.404494472924809,-1.0723255241003833,3
5.0,149.99,0,3,0,0,1,0,0,0,0,0,-2.2717629248865827,0.6641539246428038,1
235.0,178.03,1,7,0,0,0,0,0,0,1,0,-0.48088417354305846,1.6910623366065183,2
1091.0,184.44,2,6,0,0,0,0,0,1,0,0,1.2623095746609236,0.5613543040642405,0
615.0,149.99,0,8,0,0,0,0,0,0,0,1,-2.4031973222727414,-1.0593378862178964,3
3895.0,149.99,2,3,0,0,1,0,0,0,0,0,1.1652219852076253,1.5133029549598145,0
48.0,174.13,0,4,0,0,0,1,0,0,0,0,-1.9502399144139855,-1.2568127362369117,3
2233.0,149.99,2,3,0,0,1,0,0,0,0,0,1.1612662707420554,1.4736966170502854,0
492.0,52.06,2,4,0,0,0,1,0,0,0,0,1.8938317344001154,-1.1179237237667559,0
57.0,178.16,1,3,0,0,1,0,0,0,0,0,-0.9209235534219798,3.0362046156593383,2
2246.0,150.04,0,1,1,0,0,0,0,0,0,0,-2.1467579135212205,-1.1965971328517826,3
37797.0,153.2,2,3,0,0,1,0,0,0,0,0,1.2349913077747088,2.3377233360279828,0
53.0,149.99,0,3,0,0,1,0,0,0,0,0,-2.2716486804254834,0.6652977899975917,1
2973.0,187.04,1,3,0,0,1,0,0,0,0,0,-0.9441934279056243,3.151388573393266,2
599.0,149.99,2,4,0,0,0,1,0,0,0,0,1.5609234107896612,-0.6114519114611904,0
1575.0,149.57,0,1,1,0,0,0,0,0,0,0,-2.1467559912459646,-1.2150059133032414,3
429.0,149.99,2,3,0,0,1,0,0,0,0,0,1.1569725830790663,1.4307063441328425,0
316.0,182.07,1,1,1,0,0,0,0,0,0,0,-0.8137678086065885,1.1480839929442488,2
,149.99,2,3,0,0,1,0,0,0,0,0,1.1559515232079896,1.4204830475244261,0
2539.0,396.48,1,3,0,0,1,0,0,0,0,0,-1.657752247223905,4.2187691132718665,2
4219.0,150.32,2,2,0,1,0,0,0,0,0,0,1.5507931770544459,-0.01583472287310993,0
4369.0,149.99,2,3,0,0,1,0,0,0,0,0,1.1663501492609827,1.5245986253383443,0
603.0,178.46,1,3,0,0,1,0,0,0,0,0,-0.9206446384031705,3.0507598049291906,2
2148.0,178.22,1,1,1,0,0,0,0,0,0,0,-0.7963095765217599,1.1719304362930114,2
48.0,149.99,0,3,0,0,1,0,0,0,0,0,-2.271660580890181,0.665178637356468,1
1051.0,75.43,2,1,1,0,0,0,0,0,0,0,1.5319513550805162,-0.852549716225917,0
1240.0,138.0,2,3,0,0,1,0,0,0,0,0,1.199693446976743,1.3883355255194527,0
1647.0,119.25,2,7,0,0,0,0,0,0,1,0,1.703624084211469,-0.04716317056057031,0
1679.0,149.75,0,3,0,0,1,0,0,0,0,0,-2.26696215672478,0.702811252203717,1
173.0,149.99,0,3,0,0,1,0,0,0,0,0,-2.2713630692727347,0.6681574533845612,1
125.0,149.99,2,3,0,0,1,0,0,0,0,0,1.1562490348254362,1.4234618635525194,0
428.0,605.99,2,3,0,0,1,0,0,0,0,0,-0.39436570083369094,3.7771382194985827,2
62.0,149.99,0,8,0,0,0,0,0,0,0,1,-2.4045135136683253,-1.0725161683261812,3
323.0,149.99,2,3,0,0,1,0,0,0,0,0,1.1567202932274716,1.4281803081410194,0
3038.0,149.99,0,7,0,0,0,0,0,0,1,0,-1.825370646479867,-0.6122832506227366,3
1708.0,119.0,2,1,1,0,0,0,0,0,0,0,1.3852876521737685,-0.612693333073048,0
1305.0,181.24,1,3,0,0,1,0,0,0,0,0,-0.9284315188890182,3.0817939823710003,2
84.0,149.99,0,3,0,0,1,0,0,0,0,0,-2.2715748975443564,0.6660365363725588,1
1419.0,119.39,0,1,1,0,0,0,0,0,0,0,-2.044453343689095,-1.374021794135863,3
121.0,215.76,2,4,0,0,0,1,0,0,0,0,1.3360327386579023,-0.2844078342669919,0
863.0,78.19,1,2,0,1,0,0,0,0,0,0,-0.19297929898633828,1.0024359118580124,2
0.0,77.3,0,8,0,0,0,0,0,0,0,1,-2.1573658889729854,-1.4480372252459233,3
4929.0,265.5,2,3,0,0,1,0,0,0,0,0,0.7747119261969961,2.132327709275369,0
540.0,174.0,0,6,0,0,0,0,0,1,0,0,-2.1312107778363867,-0.2619460784084396,3
4637.0,173.39,0,7,0,0,0,0,0,0,1,0,-1.9011729045128756,-0.4537680089783871,3
736.0,107.72,2,6,0,0,0,0,0,1,0,0,1.5224701033802184,0.15811358550019025,0
15700.0,165.3,1,3,0,0,1,0,0,0,0,0,-0.8399413654385885,3.3428114011838828,2
15.0,219.5,1,3,0,0,1,0,0,0,0,0,-1.0616643643954227,3.2479284678634963,2
917.0,184.44,2,3,0,0,1,0,0,0,0,0,1.040933362541927,1.61960625389785,0
887.0,220.75,2,4,0,0,0,1,0,0,0,0,1.320879648270534,-0.24047642602312774,0
53.0,62.58,2,3,0,0,1,0,0,0,0,0,1.4534510702234587,0.9719572645286897,0
2739.0,208.02,1,2,0,1,0,0,0,0,0,0,-0.6302027104056624,1.7152129132817893,2
1870.0,199.92,2,3,0,0,1,0,0,0,0,0,0.9905378196415618,1.7219727436276973,0
47.0,174.0,0,1,1,0,0,0,0,0,0,0,-2.2335049138942944,-1.1257086251346244,3
448.0,174.0,0,3,0,0,1,0,0,0,0,0,-2.3523918223343387,0.7982599747395992,1
560.0,156.0,2,3,0,0,1,0,0,0,0,0,1.1368380402059988,1.4647540178750709,0
189.0,211.49,1,2,0,1,0,0,0,0,0,0,-0.6480770693012544,1.6723007709127469,2
3884.0,174.14,2,3,0,0,1,0,0,0,0,0,1.0830362382264116,1.6373103483101739,0
211.0,63.63,2,5,0,0,0,0,1,0,0,0,2.0988386637460783,-0.8129414682565037,0
991.0,174.0,0,3,0,0,1,0,0,0,0,0,-2.3510994318681506,0.8111999515656366,1
2937.0,64.8,2,7,0,0,0,0,0,0,1,0,1.8919361584083185,-0.29660712508469617,0
1340.0,36.0,2,3,0,0,1,0,0,0,0,0,1.546940803177765,0.8658534862340668,0
0.0,97.0,2,7,0,0,0,0,0,0,1,0,1.775399737499622,-0.2009046809330016,0
1549.0,167.97,0,3,0,0,1,0,0,0,0,0,-2.329256963911304,0.7934685970463159,1
399.0,174.0,0,3,0,0,1,0,0,0,0,0,-2.3525084468883777,0.7970922788565865,1
120.0,27.0,0,3,0,0,1,0,0,0,0,0,-1.8530707869818668,0.03402034050290703,1
129.0,184.55,0,7,0,0,0,0,0,0,1,0,-1.949869268499007,-0.5037696142555084,3
4659.0,36.0,2,5,0,0,0,0,1,0,0,0,2.2034240255240642,-0.8491199698396951,0
1112.0,36.0,0,1,1,0,0,0,0,0,0,0,-1.7614868808629152,-1.810440707780022,3
109.0,174.0,0,3,0,0,1,0,0,0,0,0,-2.3531986738408537,0.79018142567141,1
94.0,62.58,2,4,0,0,0,1,0,0,0,0,1.8570948659448487,-1.0732751292063354,0
3103.0,214.36,1,3,0,0,1,0,0,0,0,0,-1.0368280879558427,3.295068054968236,2
83.0,61.88,1,1,1,0,0,0,0,0,0,0,-0.4054296898226845,0.5240654463341201,2
164.0,284.56,1,6,0,0,0,0,0,1,0,0,-1.0616851850878921,2.523862351809929,2
377.0,36.0,0,3,0,0,1,0,0,0,0,0,-1.8830775748823139,0.08645641203088983,1
95.0,174.0,2,3,0,0,1,0,0,0,0,0,1.0744943534172626,1.5462960737990097,0
17873.0,78.23,2,8,0,0,0,0,0,0,0,1,1.3097359519440566,-0.2608803840989433,0
1713.0,91.5,2,3,0,0,1,0,0,0,0,0,1.3590146684977347,1.1603306322029392,0
1331.0,91.5,2,3,0,0,1,0,0,0,0,0,1.3581054729948179,1.1512273704210858,0
7215.0,64.8,0,3,0,0,1,0,0,0,0,0,-1.9647816090764516,0.3976067665092211,2
203.0,119.0,0,4,0,0,0,1,0,0,0,0,-1.762315850057504,-1.5368034409101776,3
922.0,36.0,2,1,1,0,0,0,0,0,0,0,1.6657872500378363,-1.0585202326199776,0
54.0,138.65,2,6,0,0,0,0,0,1,0,0,1.4156213986244934,0.30101878582832603,0
4.0,386.0,1,6,0,0,0,0,0,1,0,0,-1.4071701975097202,3.042032947131434,2
5660.0,286.81,1,3,0,0,1,0,0,0,0,0,-1.2772208881859908,3.728811303121408,2
6380.0,172.78,2,3,0,0,1,0,0,0,0,0,1.0936037414956792,1.6897931455310367,0
654.0,149.76,0,7,0,0,0,0,0,0,1,0,-1.830262315991057,-0.6702787492358739,3
2053.0,62.58,2,4,0,0,0,1,0,0,0,0,1.8617574680134716,-1.0265911244140566,0
1269.0,27.0,2,4,0,0,0,1,0,0,0,0,1.9809365002758403,-1.2283595524363529,0
1360.0,62.58,2,7,0,0,0,0,0,0,1,0,1.8957353082164718,-0.34561140245276334,0
28.0,146.58,2,6,0,0,0,0,0,1,0,0,1.3885812405122506,0.34120488013777023,0
10245.0,91.5,2,4,0,0,0,1,0,0,0,0,1.7828678333690366,-0.682556746375762,0
1399.0,174.0,2,4,0,0,0,1,0,0,0,0,1.4811442065213332,-0.4688383627881602,0
373.0,174.0,0,3,0,0,1,0,0,0,0,0,-2.3525703293048066,0.7964726851227432,1
340.0,49.5,2,4,0,0,0,1,0,0,0,0,1.9021792144701837,-1.1347190487215852,0
7356.0,119.0,2,8,0,0,0,0,0,0,0,1,1.1460028373083642,-0.30171438468137407,0
375.0,62.58,2,3,0,0,1,0,0,0,0,0,1.454217460150001,0.9796306946170582,0
1494.0,19.0,2,4,0,0,0,1,0,0,0,0,2.0086884405525045,-1.2641635731628722,0
45.0,164.88,1,3,0,0,1,0,0,0,0,0,-0.8757728583909232,2.9675832726226767,2
974.0,63.63,2,1,1,0,0,0,0,0,0,0,1.5719123064879275,-0.915104354025426,0
11157.0,174.0,2,1,1,0,0,0,0,0,0,0,1.2206642672236288,-0.10450318103494273,0
3116.0,184.3,0,4,0,0,0,1,0,0,0,0,-1.9775366623934632,-1.1313685385185168,3
2514.0,215.76,0,7,0,0,0,0,0,0,1,0,-2.0503708028868464,-0.28633537772687667,3
1585.0,184.44,0,3,0,0,1,0,0,0,0,0,-2.3852030839337086,0.8790767712292348,1
569.0,36.0,0,1,1,0,0,0,0,0,0,0,-1.762779271329103,-1.8233806846060594,3
2314.0,62.58,2,1,1,0,0,0,0,0,0,0,1.5786737860686453,-0.8885744692112583,0
1154.0,34.2,2,7,0,0,0,0,0,0,1,0,1.9917952567691797,-0.4965564845417776,0
282.0,19.0,2,8,0,0,0,0,0,0,0,1,1.4693713019195764,-0.9848651610568209,0
528.0,14.25,2,7,0,0,0,0,0,0,1,0,2.0581762643811246,-0.6141318323433301,0
277.0,49.5,2,8,0,0,0,0,0,0,0,1,1.365596802624825,-0.8280393596853,0
195.0,184.44,0,3,0,0,1,0,0,0,0,0,-2.3885114131197147,0.8459523369968368,1
14615.0,59.04,0,3,0,0,1,0,0,0,0,0,-1.9275730993806264,0.5443132348768437,2
3938.0,205.84,2,6,0,0,0,0,0,1,0,0,1.1962817774578167,0.7393185725388023,0
175.0,42.68,2,4,0,0,0,1,0,0,0,0,1.9249884966440383,-1.1737450067431352,0
10.0,174.51,0,6,0,0,0,0,0,1,0,0,-2.1342072738288955,-0.2719519329070161,3
821.0,62.58,2,3,0,0,1,0,0,0,0,0,1.4552789816010505,0.9902591102052952,0
0.0,172.78,2,8,0,0,0,0,0,0,0,1,0.9455324944619072,-0.20027405762064254,0
41.0,49.41,0,8,0,0,0,0,0,0,0,1,-2.0623850631503253,-1.5905747561268286,3
1078.0,240.22,1,6,0,0,0,0,0,1,0,0,-0.9086627758091692,2.317481511626342,2
490.0,230.23,2,3,0,0,1,0,0,0,0,0,0.8841370825148228,1.8450538788127353,0
1902.0,119.0,0,3,0,0,1,0,0,0,0,0,-2.1618182840640374,0.549894071935907,1
141.0,119.0,0,3,0,0,1,0,0,0,0,0,-2.166009627730625,0.5079285117321283,1
2131.0,96.99,2,4,0,0,0,1,0,0,0,0,1.744878491467934,-0.8476675606690804,0
26141.0,221.97,1,7,0,0,0,0,0,0,1,0,-0.5687116692141782,2.5345196492989563,2
0.0,49.53,0,8,0,0,0,0,0,0,0,1,-2.0628908932513266,-1.5909343194403869,3
671.0,35.92,0,1,1,0,0,0,0,0,0,0,-1.7622643376556142,-1.821361629622906,3
219.0,62.57,2,1,1,0,0,0,0,0,0,0,1.573721511884447,-0.9385508832040739,0
8952.0,142.4,2,3,0,0,1,0,0,0,0,0,1.203079693075835,1.594757798456097,0
3437.0,48.6,2,3,0,0,1,0,0,0,0,0,1.5090659975717646,0.9806623800052726,0
234.0,19.0,2,3,0,0,1,0,0,0,0,0,1.602143311537775,0.7520194066661869,0
15.0,91.5,0,8,0,0,0,0,0,0,0,1,-2.205639331952228,-1.3746103133232226,3
508.0,119.0,0,8,0,0,0,0,0,0,0,1,-2.2980223877011,-1.2213541174871854,3
359.0,62.58,2,4,0,0,0,1,0,0,0,0,1.8577255905738355,-1.0669600392267775,0
474.0,19.0,2,7,0,0,0,0,0,0,1,0,2.0418879903642644,-0.590976433931071,0
21954.0,292.95,1,3,0,0,1,0,0,0,0,0,-1.25932825569143,4.148700750265845,2
84.0,37.98,1,7,0,0,0,0,0,0,1,0,-0.004786126063851782,0.9668035724357006,2
1733.0,209.71,1,2,0,1,0,0,0,0,0,0,-0.6383465524937838,1.6999356960608538,2
938.0,129.6,0,4,0,0,0,1,0,0,0,0,-1.7966282374058875,-1.464743198975348,3
277.0,74.47,1,7,0,0,0,0,0,0,1,0,-0.12846766095630627,1.1591707782165652,2
11.0,118.38,0,4,0,0,0,1,0,0,0,0,-1.7606635554010943,-1.5445692587715532,3
418.0,142.65,0,3,0,0,1,0,0,0,0,0,-2.2458088817349133,0.6362262291126467,1
2932.0,198.18,1,3,0,0,1,0,0,0,0,0,-0.9821898756822713,3.207735022972145,2
8075.0,119.0,2,7,0,0,0,0,0,0,1,0,1.719773834732207,0.10473303081881727,0
830.0,174.0,0,3,0,0,1,0,0,0,0,0,-2.3514826268314217,0.8073632365214524,1
269.0,182.51,1,6,0,0,0,0,0,1,0,0,-0.7142558258011396,2.00124217835581,2
3370.0,72.18,0,3,0,0,1,0,0,0,0,0,-1.999040213293561,0.3439539186199331,2
0.0,0.0,1,2,0,1,0,0,0,0,0,0,0.07097315957802006,0.5795250527460009,2
74.0,174.0,0,3,0,0,1,0,0,0,0,0,-2.3532819770937388,0.789347357183544,1
1441.0,62.58,2,1,1,0,0,0,0,0,0,0,1.5765959649323982,-0.9093785203514622,0
709.0,32.75,1,1,1,0,0,0,0,0,0,0,-0.3048379646287591,0.3890880615802433,2
384.0,223.5,0,7,0,0,0,0,0,0,1,0,-2.0817722865840254,-0.2972664046797552,3
4875.0,62.58,2,4,0,0,0,1,0,0,0,0,1.8684740902889458,-0.9593413737638214,0
1999.0,91.96,0,1,1,0,0,0,0,0,0,0,-1.9497545918855075,-1.5013476316529473,3
136.0,170.5,0,3,0,0,1,0,0,0,0,0,-2.341227227859184,0.7728147732435026,1
140.0,147.86,2,3,0,0,1,0,0,0,0,0,1.1635311078755302,1.4128589033759913,0
42.0,121.0,0,3,0,0,1,0,0,0,0,0,-2.1730493617729576,0.5158607618321501,1
850.0,178.49,1,3,0,0,1,0,0,0,0,0,-0.9201588170197157,3.056800317486617,2
2315.0,146.55,2,2,0,1,0,0,0,0,0,0,1.559087217723378,-0.08060747407622974,0
88.0,184.44,0,3,0,0,1,0,0,0,0,0,-2.3887660830642488,0.843402470476789,1
371.0,174.0,2,3,0,0,1,0,0,0,0,0,1.0751512590685846,1.5528732995890397,0
1653.0,174.0,2,8,0,0,0,0,0,0,0,1,0.9453162841378188,-0.15460439630463046,0
675.0,173.08,0,3,0,0,1,0,0,0,0,0,-2.3487216530100508,0.7989354273452517,1
272.0,174.0,0,3,0,0,1,0,0,0,0,0,-2.3528107186917033,0.7940658017720438,1
1968.0,220.34,1,3,0,0,1,0,0,0,0,0,-1.0598737669177896,3.2987919078920207,2
96.0,199.49,0,4,0,0,0,1,0,0,0,0,-2.03640171934076,-1.1251730009227576,3
177.0,174.0,0,1,1,0,0,0,0,0,0,0,-2.23319550181215,-1.1226106564654075,3
944.0,19.0,2,1,1,0,0,0,0,0,0,0,1.7236745032336842,-1.1454734763503431,0
325.0,64.8,0,3,0,0,1,0,0,0,0,0,-1.9811804494301075,0.23341442704071658,1
15.0,121.0,0,6,0,0,0,0,0,1,0,0,-1.9521515483348153,-0.5471811241746337,3
576.0,146.92,1,3,0,0,1,0,0,0,0,0,-0.8134081675650014,2.8878198610094565,2
207.0,174.0,0,3,0,0,1,0,0,0,0,0,-2.3529654247327754,0.7925168174374352,1
443.0,62.58,2,8,0,0,0,0,0,0,0,1,1.3214930523905941,-0.7567772625414546,0
2029.0,38.06,2,3,0,0,1,0,0,0,0,0,1.541572459226576,0.8928729367470172,0
209.0,184.44,0,3,0,0,1,0,0,0,0,0,-2.388478091818561,0.8462859643919834,1
1521.0,348.0,2,3,0,0,1,0,0,0,0,0,0.4859312447546891,2.475636505349143,2
178.0,137.38,0,3,0,0,1,0,0,0,0,0,-2.2284512877835456,0.6033888725798012,1
874.0,150.54,0,6,0,0,0,0,0,1,0,0,-2.050603677005945,-0.37470565316618215,3
557.0,14.25,2,3,0,0,1,0,0,0,0,0,1.61907183055538,0.7352744203463847,0
557.0,174.0,0,1,1,0,0,0,0,0,0,0,-2.232291066495112,-1.1135550557400036,3
7050.0,303.44,0,3,0,0,1,0,0,0,0,0,-2.7770401140771854,1.621653215436646,2
570.0,91.5,2,4,0,0,0,1,0,0,0,0,1.7598404341786706,-0.9131171069501861,0
6812.0,154.88,0,3,0,0,1,0,0,0,0,0,-2.2721976685839267,0.8515309802726488,2
1017.0,81.36,0,3,0,0,1,0,0,0,0,0,-2.035871413202011,0.3351185439968115,1
1260.0,118.95,2,4,0,0,0,1,0,0,0,0,1.6680963593599276,-0.7554235838637308,0
784.0,36.0,0,1,1,0,0,0,0,0,0,0,-1.762267551347095,-1.818257121037739,3
531.0,64.8,0,8,0,0,0,0,0,0,0,1,-2.1135764043638536,-1.4997049172227814,3
15053.0,148.41,0,8,0,0,0,0,0,0,0,1,-2.363458297586552,-0.7234029829004786,3
295.0,119.0,0,8,0,0,0,0,0,0,0,1,-2.298529347497229,-1.2264300199990565,3
384.0,91.5,2,3,0,0,1,0,0,0,0,0,1.3558515249810426,1.1286598601922506,0
62.0,160.0,0,3,0,0,1,0,0,0,0,0,-2.305681804319809,0.7170210840849446,1
359.0,118.9,0,1,1,0,0,0,0,0,0,0,-2.0453092365189196,-1.401803564790691,3
985.0,118.58,2,7,0,0,0,0,0,0,1,0,1.7043278378073123,-0.06638662349743367,0
192.0,19.0,2,3,0,0,1,0,0,0,0,0,1.6020433476343128,0.7510185244807476,0
1116.0,64.8,0,4,0,0,0,1,0,0,0,0,-1.5757515840040375,-1.793945070525749,3
122.0,119.0,0,1,1,0,0,0,0,0,0,0,-2.046213523787664,-1.4069368263602424,3
15413.0,36.0,2,7,0,0,0,0,0,0,1,0,2.0196093076373636,-0.14749465743027018,0
11954.0,36.0,2,4,0,0,0,1,0,0,0,0,1.9757493215492574,-0.9274187325807116,0
253.0,32.52,1,1,1,0,0,0,0,0,0,0,-0.30514081495245315,0.3770378213844175,2
1027.0,119.32,2,3,0,0,1,0,0,0,0,0,1.2627368263984962,1.2871372708450832,0
474.0,119.0,0,1,1,0,0,0,0,0,0,0,-2.0453757310729346,-1.3985484804251316,3
233.0,77.31,2,1,1,0,0,0,0,0,0,0,1.5236085805051096,-0.8623691042631445,0
328.0,97.0,2,3,0,0,1,0,0,0,0,0,1.3370069514628102,1.1556268996959123,0
134.0,119.0,0,1,1,0,0,0,0,0,0,0,-2.046184962672389,-1.4066508600215455,3
947.0,142.51,2,1,1,0,0,0,0,0,0,0,1.303494149037096,-0.5098521070574155,0
488.0,164.54,1,1,1,0,0,0,0,0,0,0,-0.753720453686856,1.061978088263113,2
1049.0,119.34,0,3,0,0,1,0,0,0,0,0,-2.1650052011645164,0.5313161816672244,1
2301.0,119.06,0,2,0,1,0,0,0,0,0,0,-1.7751500310931714,-0.9788456650533879,3
8793.0,123.65,0,1,1,0,0,0,0,0,0,0,-2.0413952816646863,-1.176374642806782,3
311.0,119.11,1,3,0,0,1,0,0,0,0,0,-0.7194278143755033,2.7384018473875495,2
13.0,118.96,0,1,1,0,0,0,0,0,0,0,-2.0463368718212513,-1.4097401833846253,3
182.0,184.44,0,3,0,0,1,0,0,0,0,0,-2.388542354327929,0.8456425401299151,1
89.0,62.58,2,3,0,0,1,0,0,0,0,0,1.4535367535692834,0.9728151635447805,0
607.0,62.57,2,1,1,0,0,0,0,0,0,0,1.5746449879450013,-0.9293046382528722,0
17137.0,176.03,2,7,0,0,0,0,0,0,1,0,1.5473231874005178,0.6141466129141314,0
130.0,62.58,2,4,0,0,0,1,0,0,0,0,1.8571805492906734,-1.0724172301902446,0
1004.0,62.58,1,4,0,0,0,1,0,0,0,0,-0.12191417471774338,0.4178184908309675,2
133.0,143.52,1,4,0,0,0,1,0,0,0,0,-0.3993493585961289,0.8135579885433922,2
1111.0,118.31,0,4,0,0,0,1,0,0,0,0,-1.7578073094981181,-1.5187158792581312,3
2761.0,62.58,2,4,0,0,0,1,0,0,0,0,1.8634425738146891,-1.0097191104309358,0
2295.0,36.0,0,3,0,0,1,0,0,0,0,0,-1.8785125566242136,0.13216336516595384,1
296.0,119.38,2,4,0,0,0,1,0,0,0,0,1.6643390672252967,-0.7761835465076181,0
2598.0,89.29,2,4,0,0,0,1,0,0,0,0,1.772185798509777,-0.8761608727060701,0
1362.0,62.58,2,4,0,0,0,1,0,0,0,0,1.8601128237922269,-1.0430580194173567,0
0.0,119.01,0,4,0,0,0,1,0,0,0,0,-1.7628330294484438,-1.5415895807778297,3
1147.0,141.51,2,4,0,0,0,1,0,0,0,0,1.5910771062477227,-0.6420286249457416,0
105.0,119.26,0,4,0,0,0,1,0,0,0,0,-1.763433632794953,-1.5378009412649474,3
670.0,62.57,2,4,0,0,0,1,0,0,0,0,1.8584998200022491,-1.0596002023108526,0
0.0,62.57,2,4,0,0,0,1,0,0,0,0,1.8569051577327356,-1.075566656221433,0
603.0,149.99,2,4,0,0,0,1,0,0,0,0,1.5609329311614195,-0.6113565893482914,0
166.0,179.34,1,6,0,0,0,0,0,1,0,0,-0.7037164692004313,1.9824756502037404,2
7.0,142.82,1,4,0,0,0,1,0,0,0,0,-0.39726781361205477,0.8069533266490789,2
86.0,62.58,2,4,0,0,0,1,0,0,0,0,1.8570758252013322,-1.0734657734321333,0
81.0,62.58,2,6,0,0,0,0,0,1,0,0,1.6744797887732776,-0.08977394242573279,0
348.0,119.0,0,4,0,0,0,1,0,0,0,0,-1.7619707365812658,-1.5333480143175893,3
84.0,138.0,2,4,0,0,0,1,0,0,0,0,1.6004882714494646,-0.6854220105005943,0
2589.0,119.0,2,4,0,0,0,1,0,0,0,0,1.6710894002555867,-0.7234955250431856,0
310.0,62.58,2,4,0,0,0,1,0,0,0,0,1.8576089660197965,-1.0681277351097902,0
,62.58,2,6,0,0,0,0,0,1,0,0,1.674287001245172,-0.09170421521193729,0
235.0,156.0,2,4,0,0,0,1,0,0,0,0,1.5396107219115054,-0.5892003491902116,0
11429.0,36.0,0,4,0,0,0,1,0,0,0,0,-1.4532265758032885,-1.69637803542145,3
23.0,119.0,0,4,0,0,0,1,0,0,0,0,-1.762744266786627,-1.541092935990632,3
78.0,62.58,2,7,0,0,0,0,0,0,1,0,1.8926840290679396,-0.3761621396368886,0
2087.0,119.0,0,4,0,0,0,1,0,0,0,0,-1.757831754959349,-1.4919067257347547,3
511.0,149.99,2,5,0,0,0,0,1,0,0,0,1.8057514445799687,-0.36140653180442434,0
2201.0,91.8,2,7,0,0,0,0,0,0,1,0,1.7983289946470407,-0.1752115165354408,0
1027.0,62.58,2,4,0,0,0,1,0,0,0,0,1.8593154926574702,-1.0510412463726468,0
449.0,119.0,0,4,0,0,0,1,0,0,0,0,-1.761730347194369,-1.5309411309668899,3
4900.0,148.69,1,4,0,0,0,1,0,0,0,0,-0.405592066567985,0.953761572729952,2
112.0,62.58,2,4,0,0,0,1,0,0,0,0,1.857137707617761,-1.07284617969829,0
299.0,119.0,2,4,0,0,0,1,0,0,0,0,1.6656389874239652,-0.7780674346778554,0
2038.0,218.0,2,4,0,0,0,1,0,0,0,0,1.3329747794007902,-0.22719826257856804,0
198.0,119.0,2,7,0,0,0,0,0,0,1,0,1.7010258426471925,-0.0829800400075122,0
905.0,144.18,2,4,0,0,0,1,0,0,0,0,1.5814176437931906,-0.6340564971297774,0
54.0,119.0,2,4,0,0,0,1,0,0,0,0,1.6650558646537699,-0.7839059140929184,0
49.0,62.58,0,4,0,0,0,1,0,0,0,0,-1.570738586796702,-1.8307957784991953,3
914.0,144.72,1,6,0,0,0,0,0,1,0,0,-0.5841571048784685,1.8221554981710064,2
2720.0,91.5,2,1,1,0,0,0,0,0,0,0,1.481252747796697,-0.7300845839308413,0
2221.0,119.0,0,4,0,0,0,1,0,0,0,0,-1.7575128225054462,-1.4887134349526387,3
2345.0,119.0,0,4,0,0,0,1,0,0,0,0,-1.7572176909809392,-1.4857584494527702,3
1047.0,62.58,2,4,0,0,0,1,0,0,0,0,1.8593630945162616,-1.050564635808152,0
1103.0,155.0,2,7,0,0,0,0,0,0,1,0,1.580705939613836,0.12383309113277538,0
1301.0,119.0,0,4,0,0,0,1,0,0,0,0,-1.7597025080098532,-1.5106375209194056,3
26.0,62.58,2,7,0,0,0,0,0,0,1,0,1.8925602642350818,-0.3774013271045754,0
0.0,119.0,2,2,0,1,0,0,0,0,0,0,1.6473038467573815,-0.277540179147612,0
179.0,62.58,2,7,0,0,0,0,0,0,1,0,1.8929244184548366,-0.37375525628618916,0
38.0,72.57,2,4,0,0,0,1,0,0,0,0,1.8229750770578643,-1.0232037341775337,0
15.0,62.58,2,7,0,0,0,0,0,0,1,0,1.8925340832127466,-0.3776634629150476,0
731.0,119.0,1,3,0,0,1,0,0,0,0,0,-0.7180539495746104,2.747844638260258,2
929.0,145.17,1,4,0,0,0,1,0,0,0,0,-0.40306819111031383,0.8410175537355646,2
551.0,62.58,2,5,0,0,0,0,1,0,0,0,2.1032200503872236,-0.8102421116670825,0
36.0,119.0,2,4,0,0,0,1,0,0,0,0,1.6650130229808577,-0.7843348636009638,0
72.0,62.58,2,4,0,0,0,1,0,0,0,0,1.857042503900178,-1.07379940082728,0
303.0,119.0,0,3,0,0,1,0,0,0,0,0,-2.1656240526744144,0.511789057304537,1
82.0,62.58,2,3,0,0,1,0,0,0,0,0,1.4535200929187062,0.9726483498472073,0
340.0,118.84,0,3,0,0,1,0,0,0,0,0,-2.164991660848345,0.511847469057311,1
4329.0,119.0,2,4,0,0,0,1,0,0,0,0,1.6752307619704434,-0.6820304059321265,0
421.0,78.88,2,4,0,0,0,1,0,0,0,0,1.802419701879372,-0.9816070464635285,0
819.0,119.0,2,4,0,0,0,1,0,0,0,0,1.666876635752543,-0.7656755600009872,0
856.0,218.0,2,4,0,0,0,1,0,0,0,0,1.3301615095462154,-0.2553659469402186,0
70.0,75.2,2,4,0,0,0,1,0,0,0,0,1.8141038421656015,-1.0089078710758743,0
709.0,119.0,2,3,0,0,1,0,0,0,0,0,1.2630686136183225,1.2779125272865304,0
12.0,78.88,2,4,0,0,0,1,0,0,0,0,1.8014462438670866,-0.9913537325074497,0
2898.0,90.0,2,4,0,0,0,1,0,0,0,0,1.7704843691729821,-0.8653582415386797,0
1903.0,63.63,2,7,0,0,0,0,0,0,1,0,1.8934555436409695,-0.32726840261973317,0
10302.0,62.58,2,4,0,0,0,1,0,0,0,0,1.881390854672007,-0.8300130970881212,0
89.0,119.0,2,4,0,0,0,1,0,0,0,0,1.665139167906655,-0.7830718456050523,0
474.0,119.0,2,4,0,0,0,1,0,0,0,0,1.6660555036883904,-0.7738970922385249,0
275.0,62.58,2,6,0,0,0,0,0,1,0,0,1.6749415268035546,-0.08515081995013198,0
137.0,36.0,2,4,0,0,0,1,0,0,0,0,1.9476237632823266,-1.2090240846125433,0
886.0,62.58,2,3,0,0,1,0,0,0,0,0,1.4554336876421228,0.9918080945399036,0
2640.0,129.78,2,4,0,0,0,1,0,0,0,0,1.634536659900817,-0.6668091318985987,0
354.0,163.37,0,1,1,0,0,0,0,0,0,0,-2.1966104081302564,-1.1730918287451817,3
699.0,206.18,1,1,1,0,0,0,0,0,0,0,-0.8948797168727843,1.281274784967273,2
417.0,151.0,0,3,0,0,1,0,0,0,0,0,-2.274218399540343,0.6791692958305066,1
1038.0,14.25,2,3,0,0,1,0,0,0,0,0,1.6202166552593145,0.7467369044224879,0
5704.0,62.58,2,3,0,0,1,0,0,0,0,0,1.466900975424984,1.1066235795267332,0
135.0,141.23,1,7,0,0,0,0,0,0,1,0,-0.35592665375681987,1.499316191729443,2
0.0,119.0,2,2,0,1,0,0,0,0,0,0,1.6473038467573815,-0.277540179147612,0
6802.0,36.0,0,4,0,0,0,1,0,0,0,0,-1.4642392658346914,-1.8066418895173528,3
3806.0,142.03,1,7,0,0,0,0,0,0,1,0,-0.3499109745121745,1.5909146498001967,2
1434.0,119.05,0,3,0,0,1,0,0,0,0,0,-2.1631022701807905,0.5389986715365823,1
808.0,62.58,2,1,1,0,0,0,0,0,0,0,1.5750893661016487,-0.9244632447177268,0
69.0,119.0,2,4,0,0,0,1,0,0,0,0,1.6650915660478636,-0.7835484561695473,0
264.0,151.41,0,4,0,0,0,1,0,0,0,0,-1.8724311833416993,-1.3685764685392938,3
10.0,151.0,2,4,0,0,0,1,0,0,0,0,1.556085463103389,-0.620290899026459,0
35.0,77.3,2,3,0,0,1,0,0,0,0,0,1.4033300169184681,1.0472735518424845,0
98.0,142.05,1,4,0,0,0,1,0,0,0,0,-0.39443164479064746,0.8051596878457363,2
218.0,118.55,0,4,0,0,0,1,0,0,0,0,-1.7607492250741144,-1.5387615642755175,3
24860.0,151.03,2,8,0,0,0,0,0,0,0,1,1.0786962450889854,0.2802331117588543,0
402.0,119.0,2,4,0,0,0,1,0,0,0,0,1.6658841369967412,-0.7756128902707066,0
4378.0,348.0,0,8,0,0,0,0,0,0,0,1,-3.0678814323555197,0.04924361588670234,3
859.0,144.45,1,3,0,0,1,0,0,0,0,0,-0.8043315317840783,2.881853932090134,2
168.0,119.0,2,6,0,0,0,0,0,1,0,0,1.4827430592855246,0.20262174977222694,0
713.0,149.99,1,4,0,0,0,1,0,0,0,0,-0.4199801838528307,0.8606726081092144,2
1462.0,62.58,2,4,0,0,0,1,0,0,0,0,1.8603508330861842,-1.040674966594882,0
188.0,62.58,2,2,0,1,0,0,0,0,0,0,1.839695101803517,-0.5633824760837666,0
153.0,137.99,0,1,1,0,0,0,0,0,0,0,-2.1107447163748234,-1.3084805496016647,3
1181.0,62.58,2,3,0,0,1,0,0,0,0,0,1.4561358150592967,0.998838100366204,0
2108.0,64.8,0,8,0,0,0,0,0,0,0,1,-2.1098229977981475,-1.4621241742123559,3
192.0,119.0,0,1,1,0,0,0,0,0,0,0,-2.046046917281894,-1.40526868938451,3
2902.0,119.0,0,3,0,0,1,0,0,0,0,0,-2.159438191124465,0.5737246001606536,2
318.0,62.58,2,4,0,0,0,1,0,0,0,0,1.857628006763313,-1.0679370908839922,0
72.0,63.63,2,2,0,1,0,0,0,0,0,0,1.835846855980836,-0.5607437943508444,0
329.0,19.0,2,7,0,0,0,0,0,0,1,0,2.0415428768880264,-0.5944318605236593,0
529.0,78.87,2,4,0,0,0,1,0,0,0,0,1.8027107724410523,-0.9790848067772271,0
78.0,121.0,2,4,0,0,0,1,0,0,0,0,1.6583088820430048,-0.7730425090212527,0
1056.0,119.0,0,4,0,0,0,1,0,0,0,0,-1.7602856307800483,-1.5164760003344686,3
466.0,138.77,0,3,0,0,1,0,0,0,0,0,-2.2324946738816625,0.6174046380225472,1
569.0,119.0,0,4,0,0,0,1,0,0,0,0,-1.7614447360416203,-1.5280814675799201,3
923.0,143.19,1,3,0,0,1,0,0,0,0,0,-0.7998926197859173,2.8768954582881268,2
1032.0,145.76,2,6,0,0,0,0,0,1,0,0,1.3937605368085209,0.36091122679376436,0
13059.0,119.0,2,3,0,0,1,0,0,0,0,0,1.2924627614220454,1.5722195508621517,0
1860.0,118.72,0,3,0,0,1,0,0,0,0,0,-2.1609656732897156,0.5474523836152695,1
1215.0,149.99,2,2,0,1,0,0,0,0,0,0,1.5447660551627864,-0.08911972260530372,0
0.0,119.01,0,4,0,0,0,1,0,0,0,0,-1.7628330294484438,-1.5415895807778297,3
3941.0,19.0,2,4,0,0,0,1,0,0,0,0,2.0145125279756386,-1.205850270596917,0
197.0,119.0,0,3,0,0,1,0,0,0,0,0,-2.165876342526009,0.509263021312714,1
1419.0,62.58,2,4,0,0,0,1,0,0,0,0,1.8602484890897826,-1.041699679308546,0
559.0,34.2,2,4,0,0,0,1,0,0,0,0,1.9547518568600097,-1.2082299268565446,0
202.0,119.0,2,4,0,0,0,1,0,0,0,0,1.6654081184088267,-0.780378995915656,0
479.0,62.58,2,7,0,0,0,0,0,0,1,0,1.8936384463367084,-0.3666060978187652,0
0.0,118.61,0,3,0,0,1,0,0,0,0,0,-2.1650184203910485,0.502561570135556,1
37.0,119.0,2,4,0,0,0,1,0,0,0,0,1.6650154030737971,-0.7843110330727391,0
574.0,119.0,2,4,0,0,0,1,0,0,0,0,1.6662935129823477,-0.7715140394160501,0
888.0,62.58,2,4,0,0,0,1,0,0,0,0,1.8589846597388695,-1.0543536897958865,0
27.0,119.0,0,4,0,0,0,1,0,0,0,0,-1.7627347464148688,-1.5409976138777328,3
379.0,119.0,2,7,0,0,0,0,0,0,1,0,1.7014566394692552,-0.07866671439883306,0
680.0,119.0,0,3,0,0,1,0,0,0,0,0,-2.1647267576361955,0.5207731664452667,1
806.0,62.58,2,4,0,0,0,1,0,0,0,0,1.8587894921178245,-1.0563077931103158,0
9.0,119.0,0,3,0,0,1,0,0,0,0,0,-2.1663237999986484,0.5047828820064616,1
476.0,119.0,0,4,0,0,0,1,0,0,0,0,-1.7616660846850005,-1.5302977067048216,3
807.0,119.0,0,4,0,0,0,1,0,0,0,0,-1.760878273922002,-1.5224098018624306,3
431.0,62.58,2,4,0,0,0,1,0,0,0,0,1.8578969572654846,-1.065244241194596,0
1211.0,119.0,0,3,0,0,1,0,0,0,0,0,-2.1634629282852824,0.5334271769326072,1
155.0,119.0,0,3,0,0,1,0,0,0,0,0,-2.165976306429471,0.5082621391272747,1
683.0,138.0,0,4,0,0,0,1,0,0,0,0,-1.8258124014390014,-1.427595799616717,3
284.0,119.0,0,1,1,0,0,0,0,0,0,0,-2.0458279487314535,-1.4030762807878334,3
654.0,62.58,2,4,0,0,0,1,0,0,0,0,1.8584277179910094,-1.0599300334004773,0
1269.0,151.03,2,8,0,0,0,0,0,0,0,1,1.0225474725515256,-0.28195287959114457,0
,138.0,2,3,0,0,1,0,0,0,0,0,1.1967421317316729,1.3587856705207668,0
3541.0,27.0,2,1,1,0,0,0,0,0,0,0,1.7026391852324947,-1.0424197049735888,0
814.0,62.58,2,4,0,0,0,1,0,0,0,0,1.858808532861341,-1.0561171488845178,0
1233.0,119.0,0,3,0,0,1,0,0,0,0,0,-2.1634105662406116,0.5339514485535516,1
189.0,119.0,2,4,0,0,0,1,0,0,0,0,1.6653771772006123,-0.7806887927825776,0
50.0,119.57,0,7,0,0,0,0,0,0,1,0,-1.7289919295469092,-0.8400221640751534,3
96.0,62.58,2,8,0,0,0,0,0,0,0,1,1.3206671601405624,-0.7650464558354417,0
2440.0,62.58,2,4,0,0,0,1,0,0,0,0,1.8626785639810863,-1.0173687099910798,0
635.0,68.36,2,4,0,0,0,1,0,0,0,0,1.8387186332337573,-1.030640458217302,0
1484.0,119.0,2,4,0,0,0,1,0,0,0,0,1.668459397557359,-0.7498282587315307,0
973.0,119.0,0,8,0,0,0,0,0,0,0,1,-2.2969156444841987,-1.2102729218626782,3
852.0,36.0,0,8,0,0,0,0,0,0,0,1,-2.0148332848153148,-1.6402525201401512,3
1838.0,72.27,1,8,0,0,0,0,0,0,0,1,-0.6893275311524767,0.7957363474350974,2
152.0,62.58,2,4,0,0,0,1,0,0,0,0,1.857232911335344,-1.0718929585693002,0
222.0,173.63,1,1,1,0,0,0,0,0,0,0,-0.785278214912559,1.1024139097872956,2
123.0,27.0,0,3,0,0,1,0,0,0,0,0,-1.853063646703048,0.034091832087581264,1
1634.0,147.0,2,8,0,0,0,0,0,0,0,1,1.0371264777297193,-0.2939920536635697,0
167.0,63.63,2,4,0,0,0,1,0,0,0,0,1.8536964576877473,-1.0661324776389363,0
1673.0,56.79,2,1,1,0,0,0,0,0,0,0,1.596846030009986,-0.9336436503847376,0
59.0,91.5,2,3,0,0,1,0,0,0,0,0,1.3550779947756812,1.120914938519208,0
448.0,62.58,2,1,1,0,0,0,0,0,0,0,1.5742325326434026,-0.9330422348786356,0
7029.0,160.03,2,2,0,1,0,0,0,0,0,0,1.524447309210061,0.10109415991261769,0
1121.0,91.5,2,4,0,0,0,1,0,0,0,0,1.761151865388375,-0.8999864858983506,0
180.0,62.57,2,4,0,0,0,1,0,0,0,0,1.8573335744618586,-1.0712771611409786,0
248.0,144.47,1,1,1,0,0,0,0,0,0,0,-0.6860124839097576,0.9529838360126566,2
515.0,56.72,2,4,0,0,0,1,0,0,0,0,1.8780329122574617,-1.0933964909389333,0
56.0,62.58,2,4,0,0,0,1,0,0,0,0,1.857004422413145,-1.0741806892788759,0
4078.0,90.86,2,4,0,0,0,1,0,0,0,0,1.7703671137599124,-0.8328128851039417,0
965.0,119.0,2,1,1,0,0,0,0,0,0,0,1.383519243119666,-0.6303994155440348,0
110.0,119.53,2,3,0,0,1,0,0,0,0,0,1.25983985016457,1.266365281064389,0
2544.0,36.0,2,1,1,0,0,0,0,0,0,0,1.6696477607858233,-1.0198671158394383,0
1443.0,150.32,0,4,0,0,0,1,0,0,0,0,-1.8659168166274265,-1.3460891282171954,3
,36.0,0,6,0,0,0,0,0,1,0,0,-1.663012793973022,-0.9849261588545553,3
6671.0,299.75,1,4,0,0,0,1,0,0,0,0,-0.915290960636523,1.7732803481553254,2
3654.0,211.8,2,7,0,0,0,0,0,0,1,0,1.3935409792093403,0.4769025846314227,0
1470.0,119.0,0,4,0,0,0,1,0,0,0,0,-1.7593002723030653,-1.5066101616494234,3
603.0,62.58,2,5,0,0,0,0,1,0,0,0,2.1033438152200814,-0.8090029241993957,0
425.0,62.58,2,7,0,0,0,0,0,0,1,0,1.8935099213179714,-0.3678929463429015,0
491.0,119.02,2,7,0,0,0,0,0,0,1,0,1.7016551688300743,-0.07589478051371874,0
98.0,141.77,1,4,0,0,0,1,0,0,0,0,-0.39347907011286337,0.8037188817105383,2
30357.0,40.85,2,7,0,0,0,0,0,0,1,0,2.0386774622861497,0.2335855769164531,0
215.0,62.58,0,4,0,0,0,1,0,0,0,0,-1.5703434913687329,-1.8268399108138873,3
886.0,119.0,2,4,0,0,0,1,0,0,0,0,1.6670361019794944,-0.7640789146099292,0
353.0,182.78,1,7,0,0,0,0,0,0,1,0,-0.496763071574312,1.718316585873434,2
832.0,62.58,2,4,0,0,0,1,0,0,0,0,1.8588513745342534,-1.0556881993764724,0
831.0,62.58,2,4,0,0,0,1,0,0,0,0,1.8588489944413138,-1.0557120299046971,0
3318.0,174.95,2,6,0,0,0,0,0,1,0,0,1.2998955191093917,0.5655918539099317,0
5792.0,42.12,2,4,0,0,0,1,0,0,0,0,1.9402626280411863,-1.0427705419751292,0
218.0,62.58,2,7,0,0,0,0,0,0,1,0,1.89301724207948,-0.37282586568542403,0
265.0,121.0,0,6,0,0,0,0,0,1,0,0,-1.9515565250999223,-0.541223492118447,3
6037.0,119.0,2,3,0,0,1,0,0,0,0,0,1.275749748800366,1.4048815816679807,0
560.0,118.46,0,1,1,0,0,0,0,0,0,0,-2.0433339347729764,-1.3992777525442568,3
1525.0,119.0,2,4,0,0,0,1,0,0,0,0,1.6685569813678813,-0.7488512070743161,0
387.0,167.67,1,3,0,0,1,0,0,0,0,0,-0.8844505928592237,2.990089917265549,2
1219.0,118.8,0,4,0,0,0,1,0,0,0,0,-1.7592172651467666,-1.5136207714732621,3
246.0,62.58,2,4,0,0,0,1,0,0,0,0,1.857456640071664,-1.069652888916174,0
1438.0,62.58,2,2,0,1,0,0,0,0,0,0,1.8426702179779828,-0.5335943158028331,0
269.0,119.0,0,8,0,0,0,0,0,0,0,1,-2.298591229913658,-1.2270496137329,3
3535.0,17.1,2,1,1,0,0,0,0,0,0,0,1.7363052236393663,-1.0935054764945826,0
378.0,186.13,2,6,0,0,0,0,0,1,0,0,1.254863099804097,0.5530594316131557,0
6783.0,122.67,0,8,0,0,0,0,0,0,0,1,-2.295572836889094,-1.0529327010334113,3
118.0,119.0,0,1,1,0,0,0,0,0,0,0,-2.0462230441594222,-1.4070321484731414,3
991.0,118.58,0,3,0,0,1,0,0,0,0,0,-2.1625576867153122,0.5260232515203657,1
38.0,141.64,1,5,0,0,0,0,1,0,0,0,-0.1481421269055622,1.0537625704519693,2
6432.0,62.58,2,5,0,0,0,0,1,0,0,0,2.1172173769648506,-0.6700947751773473,0
5896.0,119.0,2,8,0,0,0,0,0,0,0,1,1.1425279016165881,-0.33650695588950424,0
17997.0,118.88,2,3,0,0,1,0,0,0,0,0,1.3046239066481344,1.6892772108922944,0
44.0,62.58,2,4,0,0,0,1,0,0,0,0,1.8569758612978702,-1.0744666556175728,0
399.0,156.0,2,7,0,0,0,0,0,0,1,0,1.5756283017637194,0.11220213545968963,0
2.0,0.0,2,2,0,1,0,0,0,0,0,0,2.0521528450015025,-0.8898351255503332,0
437.0,118.65,0,7,0,0,0,0,0,0,1,0,-1.7249409453522897,-0.8355338269535414,3
434.0,77.3,2,5,0,0,0,0,1,0,0,0,2.052863367881215,-0.7372850466475377,0
101.0,62.58,2,3,0,0,1,0,0,0,0,0,1.4535653146845582,0.9731011298834774,0
40.0,143.0,2,4,0,0,0,1,0,0,0,0,1.583373285256836,-0.6607418727568036,0
445.0,164.0,2,3,0,0,1,0,0,0,0,0,1.109347910152688,1.503179396706312,0
909.0,143.0,0,8,0,0,0,0,0,0,0,1,-2.378717228528111,-1.0883004069378006,3
419.0,142.45,2,4,0,0,0,1,0,0,0,0,1.5861464693122957,-0.6545402574680494,0
368.0,119.0,2,4,0,0,0,1,0,0,0,0,1.6658032138367957,-0.776423128230348,0
651.0,119.0,0,4,0,0,0,1,0,0,0,0,-1.7612495684205753,-1.5261273642654911,3
10442.0,62.58,2,2,0,1,0,0,0,0,0,0,1.8641005748058956,-0.319024239667214,0
2140.0,62.58,2,7,0,0,0,0,0,0,1,0,1.8975917807093385,-0.32702359043746093,0
177.0,62.58,2,1,1,0,0,0,0,0,0,0,1.5735875274567783,-0.9395003080275419,0
277.0,72.57,2,7,0,0,0,0,0,0,1,0,1.8591711638805464,-0.32001395991077647,0
4396.0,119.0,0,3,0,0,1,0,0,0,0,0,-2.155882332272743,0.6093274093284252,2
373.0,118.42,2,4,0,0,0,1,0,0,0,0,1.667788304705475,-0.7792885025835631,0
5.0,142.36,1,8,0,0,0,0,0,0,0,1,-0.9321400956745973,1.1127196392563912,2
1717.0,62.58,2,2,0,1,0,0,0,0,0,0,1.8433342639081236,-0.5269455984281287,0
104.0,141.19,1,5,0,0,0,0,1,0,0,0,-0.14645411718225457,1.0530198040260914,2
86.0,142.84,1,4,0,0,0,1,0,0,0,0,-0.3971478273182417,0.8089388531027767,2
563.0,119.0,0,3,0,0,1,0,0,0,0,0,-2.1650052285101253,0.5179849946429712,1
3784.0,34.2,2,2,0,1,0,0,0,0,0,0,1.9448041637124802,-0.623723889862294,0
756.0,35.84,1,3,0,0,1,0,0,0,0,0,-0.4350797679492438,2.3205209793120565,2
159.0,119.0,2,5,0,0,0,0,1,0,0,0,1.910343256381415,-0.5292612424887763,0
1593.0,75.2,2,4,0,0,0,1,0,0,0,0,1.8177287237125705,-0.9726139765895851,0
325.0,119.0,0,4,0,0,0,1,0,0,0,0,-1.762025478718876,-1.5338961164667584,3
10466.0,151.03,2,4,0,0,0,1,0,0,0,0,1.5808696533069415,-0.37096452382259343,0
616.0,25.2,0,4,0,0,0,1,0,0,0,0,-1.4422203546157872,-2.009631488044703,3
648.0,119.0,2,2,0,1,0,0,0,0,0,0,1.6488461469822244,-0.2620979968579762,0
2751.0,148.78,2,2,0,1,0,0,0,0,0,0,1.5525383613469657,-0.05874237205062726,0
1056.0,62.58,2,6,0,0,0,0,0,1,0,0,1.6768003793893609,-0.06653917740660482,0
481.0,141.17,2,7,0,0,0,0,0,0,1,0,1.626275906783115,0.03784497097059356,0
8620.0,48.6,0,3,0,0,1,0,0,0,0,0,-1.9063243292817005,0.34772773227138876,2
0.0,62.58,1,1,1,0,0,0,0,0,0,0,-0.4080086742311293,0.5256895278294613,2
1060.0,62.58,2,3,0,0,1,0,0,0,0,0,1.4558478238136083,0.9959546064510095,0
376.0,96.99,2,7,0,0,0,0,0,0,1,0,1.776328672969108,-0.19199585968246824,0
689.0,25.5,2,5,0,0,0,0,1,0,0,0,2.2296966069708644,-0.9977573969618663,0
615.0,14.25,2,7,0,0,0,0,0,0,1,0,2.0583833324668674,-0.6120585763877772,0
309.0,119.0,0,6,0,0,0,0,0,1,0,0,-1.944647696169266,-0.5504664212708299,3
3436.0,31.16,2,2,0,1,0,0,0,0,0,0,1.9543181307283077,-0.647659951723799,0
682.0,75.2,2,7,0,0,0,0,0,0,1,0,1.851187703654744,-0.2968293097812867,0
585.0,62.58,2,1,1,0,0,0,0,0,0,0,1.574558605376124,-0.9297774525118452,0
222.0,62.58,2,7,0,0,0,0,0,0,1,0,1.8930267624512382,-0.37273054357252505,0
38.0,62.58,2,2,0,1,0,0,0,0,0,0,1.8393380878625811,-0.5669570553174785,0
388.0,145.45,1,4,0,0,0,1,0,0,0,0,-0.4053083960684068,0.8295660441011747,2
2204.0,62.58,0,6,0,0,0,0,0,1,0,0,-1.7481936224752799,-0.7956300065273417,3
163.0,131.81,0,7,0,0,0,0,0,0,1,0,-1.7703641006735853,-0.7743455033328137,3
559.0,17.1,2,2,0,1,0,0,0,0,0,0,1.9953034603756015,-0.7885694323581257,0
1007.0,62.58,2,3,0,0,1,0,0,0,0,0,1.4557216788878111,0.9946915884550981,0
508.0,164.0,2,7,0,0,0,0,0,0,1,0,1.5486713125288727,0.15596555261327408,0
227.0,62.58,2,3,0,0,1,0,0,0,0,0,1.4538652063949444,0.9761037764397956,0
654.0,62.58,2,1,1,0,0,0,0,0,0,0,1.5747228317889546,-0.9281331460643378,0
166.0,130.0,2,4,0,0,0,1,0,0,0,0,1.6278998584357696,-0.724633796763252,0
12040.0,113.58,2,1,1,0,0,0,0,0,0,0,1.4283178965453973,-0.3943662056434417,0
89.0,62.58,2,4,0,0,0,1,0,0,0,0,1.8570829654801508,-1.073394281847459,0
399.0,62.58,2,2,0,1,0,0,0,0,0,0,1.8401973014137667,-0.558354234628345,0
638.0,263.0,0,8,0,0,0,0,0,0,0,1,-2.787608524193635,-0.4772701364304005,3
6230.0,64.8,2,4,0,0,0,1,0,0,0,0,1.8641465598482072,-0.9156274736616481,0
746.0,19.0,2,7,0,0,0,0,0,0,1,0,2.042535375643828,-0.5844945302539399,0
1574.0,62.58,2,4,0,0,0,1,0,0,0,0,1.8606174034954164,-1.0380059474337104,0
1545.0,119.0,0,1,1,0,0,0,0,0,0,0,-2.0428266515346523,-1.373025984696428,3
748.0,119.0,2,4,0,0,0,1,0,0,0,0,1.6667076491538335,-0.7673675275049442,0
125.0,142.69,1,1,1,0,0,0,0,0,0,0,-0.6802495820325547,0.9408932706101109,2
1756.0,119.0,0,7,0,0,0,0,0,0,1,0,-1.7229923211122233,-0.802300352556103,3
884.0,180.2,0,4,0,0,0,1,0,0,0,0,-1.9689006149098935,-1.2056557959244085,3
7964.0,62.58,2,8,0,0,0,0,0,0,0,1,1.3393937313891204,-0.5775478597631348,0
65.0,149.51,2,8,0,0,0,0,0,0,0,1,1.0248529603316794,-0.3184663545933862,0
32.0,62.58,2,5,0,0,0,0,1,0,0,0,2.101984782151585,-0.822610155815726,0
301.0,148.14,1,4,0,0,0,1,0,0,0,0,-0.41466698516571826,0.8413348185159173,2
400.0,119.0,2,6,0,0,0,0,0,1,0,0,1.4832952408475055,0.20815043232036817,0
4222.0,63.63,2,4,0,0,0,1,0,0,0,0,1.8633477345577145,-0.9694996856875884,0
952.0,62.58,2,8,0,0,0,0,0,0,0,1,1.3227045196968366,-0.7446475236750585,0
106.0,148.32,1,1,1,0,0,0,0,0,0,0,-0.6994483589267082,0.9694109853637156,2
34.0,8.0,2,4,0,0,0,1,0,0,0,0,2.0426360814879607,-1.355559242539497,0
782.0,63.63,2,2,0,1,0,0,0,0,0,0,1.8375367219679328,-0.5438241193112742,0
553.0,62.58,1,1,1,0,0,0,0,0,0,0,-0.4066924828355456,0.5388678099377462,2
423.0,119.0,0,3,0,0,1,0,0,0,0,0,-2.1653384415216657,0.5146487206915068,1
646.0,62.58,2,2,0,1,0,0,0,0,0,0,1.8407851843698413,-0.5524680941568325,0
297.0,62.58,2,1,1,0,0,0,0,0,0,0,1.573873138609527,-0.9366406446405724,0
189.0,62.58,2,2,0,1,0,0,0,0,0,0,1.8396974818964564,-0.5633586455555418,0
2604.0,62.58,2,8,0,0,0,0,0,0,0,1,1.3266364332330107,-0.7052794910477771,0
1205.0,142.87,1,3,0,0,1,0,0,0,0,0,-0.7981327768023474,2.881969031664422,2
1154.0,119.07,0,2,0,1,0,0,0,0,0,0,-1.7779140182190678,-1.0061278235652011,3
1164.0,62.58,2,2,0,1,0,0,0,0,0,0,1.84201807251254,-0.5401238805364137,0
,82.04,2,4,0,0,0,1,0,0,0,0,1.790667197102534,-0.9753791724631973,0
4.0,119.0,0,3,0,0,1,0,0,0,0,0,-2.1663357004633466,0.5046637293653379,1
51.0,149.83,0,8,0,0,0,0,0,0,0,1,-2.4039953663033553,-1.0736016219281952,3
50463.0,412.87,0,1,1,0,0,0,0,0,0,0,-2.926158409975252,1.3048932912540534,2
909.0,62.58,2,2,0,1,0,0,0,0,0,0,1.841411148812949,-0.5462006652337241,0
2274.0,36.0,0,2,0,1,0,0,0,0,0,0,-1.4926398195427282,-1.406893937849563,3
3173.0,62.58,2,4,0,0,0,1,0,0,0,0,1.8644231721057931,-0.9999009328023405,0
23522.0,222.75,2,4,0,0,0,1,0,0,0,0,1.3679489471164472,0.3092190527382849,0
7500.0,119.0,0,3,0,0,1,0,0,0,0,0,-2.1484945237883095,0.6832973689380389,2
60.0,119.0,0,1,1,0,0,0,0,0,0,0,-2.046361089549918,-1.4084143191101766,3
2610.0,389.51,0,1,1,0,0,0,0,0,0,0,-2.9605810528660657,0.0443266265501564,3
1404.0,62.58,2,3,0,0,1,0,0,0,0,0,1.4566665757848214,1.0041523081603225,0
660.0,62.58,2,3,0,0,1,0,0,0,0,0,1.4548957866377794,0.986422395161111,0
1622.0,121.0,2,4,0,0,0,1,0,0,0,0,1.661983745541705,-0.7362481734422439,0
7320.0,33.25,2,8,0,0,0,0,0,0,0,1,1.4376431490339199,-0.7438191626018673,0
1229.0,184.44,0,7,0,0,0,0,0,0,1,0,-1.9468769404992046,-0.47812206418997216,3
223.0,62.58,2,4,0,0,0,1,0,0,0,0,1.8574018979340536,-1.0702009910653432,0
319.0,119.0,2,7,0,0,0,0,0,0,1,0,1.7013138338928808,-0.08009654609231785,0
3913.0,359.0,0,1,1,0,0,0,0,0,0,0,-2.8536831724115426,-0.0816186065476146,3
498.0,62.52,2,4,0,0,0,1,0,0,0,0,1.8582605466376756,-1.063956339975366,0
8617.0,34.2,2,5,0,0,0,0,1,0,0,0,2.2189681277360767,-0.7640610642809923,0
39971.0,119.0,0,3,0,0,1,0,0,0,0,0,-2.071210525947444,1.457098450923788,2
2450.0,19.0,2,6,0,0,0,0,0,1,0,0,1.828379673439379,-0.2575706045324899,0
8676.0,119.0,2,4,0,0,0,1,0,0,0,0,1.685577025978766,-0.5784390997391526,0
1043.0,62.58,2,2,0,1,0,0,0,0,0,0,1.8417300812668516,-0.543007374451608,0
1575.0,118.9,0,4,0,0,0,1,0,0,0,0,-1.7587101573023445,-1.5046225298055387,3
1031.0,119.0,0,3,0,0,1,0,0,0,0,0,-2.1638913450144055,0.5291376818521528,1
1759.0,119.0,0,3,0,0,1,0,0,0,0,0,-2.162158637354396,0.5464863063997681,1
945.0,62.58,2,1,1,0,0,0,0,0,0,0,1.5754154388343702,-0.9211984623509364,0
463.0,64.8,2,3,0,0,1,0,0,0,0,0,1.446874351954824,0.9931513154584776,0
1931.0,75.2,2,4,0,0,0,1,0,0,0,0,1.8185331951261463,-0.9645592580496208,0
,119.27,0,8,0,0,0,0,0,0,0,1,-2.3001500290679804,-1.2320706770521301,3
242.0,118.9,0,7,0,0,0,0,0,0,1,0,-1.7262555765806706,-0.838894345908083,3
137.0,118.97,0,4,0,0,0,1,0,0,0,0,-1.762370874618896,-1.5385306278589248,3
574.0,62.58,2,2,0,1,0,0,0,0,0,0,1.840613817678192,-0.5541838921890143,0
4372.0,62.58,2,8,0,0,0,0,0,0,0,1,1.3308444375501751,-0.6631471171464249,0
494.0,1.0,2,7,0,0,0,0,0,0,1,0,2.103172535794891,-0.6831230749150219,0
3729.0,62.58,2,2,0,1,0,0,0,0,0,0,1.848123010902544,-0.4789985756399385,0
284.0,119.0,2,7,0,0,0,0,0,0,1,0,1.7012305306399957,-0.08093061458018398,0
2019.0,34.2,2,4,0,0,0,1,0,0,0,0,1.958226792551786,-1.1734373556484146,0
816.0,62.57,2,4,0,0,0,1,0,0,0,0,1.8588473135714267,-1.0561209451900397,0
672.0,119.0,0,4,0,0,0,1,0,0,0,0,-1.7611995864688443,-1.5256269231727713,3
331.0,119.1,0,8,0,0,0,0,0,0,0,1,-2.29878386939347,-1.2250575473632521,3
30.0,119.0,2,4,0,0,0,1,0,0,0,0,1.6649987424232202,-0.7844778467703123,0
691.0,62.58,2,4,0,0,0,1,0,0,0,0,1.8585157814297737,-1.0590483038561618,0
287.0,119.0,2,4,0,0,0,1,0,0,0,0,1.6656104263086904,-0.7783534010165525,0
326.0,62.58,2,4,0,0,0,1,0,0,0,0,1.8576470475068296,-1.0677464466581943,0
2513.0,62.58,2,7,0,0,0,0,0,0,1,0,1.8984795553757992,-0.3181348034096304,0
1512.0,19.0,2,6,0,0,0,0,0,1,0,0,1.8261471462620598,-0.27992364000730224,0
237.0,62.58,2,2,0,1,0,0,0,0,0,0,1.839811726357556,-0.5622147802007539,0
1187.0,62.58,2,7,0,0,0,0,0,0,1,0,1.895323552137926,-0.3497340838356445,0
4718.0,62.58,2,3,0,0,1,0,0,0,0,0,1.4645542037865653,1.083126678697133,0
0.0,63.63,2,7,0,0,0,0,0,0,1,0,1.8889262267769626,-0.37261789783142607,0
5408.0,45.9,0,6,0,0,0,0,0,1,0,0,-1.683821570320322,-0.8051078738634799,3
324.0,119.0,2,7,0,0,0,0,0,0,1,0,1.7013257343575787,-0.07997739345119413,0
5426.0,48.6,2,8,0,0,0,0,0,0,0,1,1.3809137483492766,-0.7099671324335016,0
175.0,145.2,1,1,1,0,0,0,0,0,0,0,-0.6886697289614263,0.9550005948761592,2
109109.0,543.02,0,8,0,0,0,0,0,0,0,1,-3.4820801817777545,3.548560140558088,2
1170.0,62.58,2,3,0,0,1,0,0,0,0,0,1.4561096340369615,0.9985759645557316,0
152.0,142.14,1,8,0,0,0,0,0,0,0,1,-0.9310417704799354,1.1150906649420589,2
987.0,119.0,2,7,0,0,0,0,0,0,1,0,1.7029037359765153,-0.0641777532381871,0
465.0,119.0,2,3,0,0,1,0,0,0,0,0,1.2624878709410667,1.2720978783996921,0
5522.0,82.63,2,1,1,0,0,0,0,0,0,0,1.5180979731846118,-0.7089541239136964,0
454.0,142.82,1,3,0,0,1,0,0,0,0,0,-0.7997501239789336,2.8638150181577804,2
108.0,62.58,2,4,0,0,0,1,0,0,0,0,1.8571281872460028,-1.072941501811189,0
72.0,62.58,2,2,0,1,0,0,0,0,0,0,1.8394190110225266,-0.5661468173578371,0
1306.0,194.36,0,5,0,0,0,0,1,0,0,0,-1.7710317959969142,-0.8705932223215774,3
3106.0,62.58,2,6,0,0,0,0,0,1,0,0,1.681679569915485,-0.017686594545874113,0
136.0,62.58,2,4,0,0,0,1,0,0,0,0,1.8571948298483107,-1.0722742470208961,0
1148.0,118.66,0,2,0,1,0,0,0,0,0,0,-1.7765334572842357,-1.0083805585753753,3
211.0,27.0,0,4,0,0,0,1,0,0,0,0,-1.4493079866134977,-2.010020526820881,3
1876.0,174.17,0,1,1,0,0,0,0,0,0,0,-2.2297300728193274,-1.0812478138580497,3
2096.0,119.0,2,4,0,0,0,1,0,0,0,0,1.6699160144363774,-0.7352439754579857,0
330.0,119.0,0,4,0,0,0,1,0,0,0,0,-1.7620135782541781,-1.5337769638256347,3
5337.0,50.06,2,4,0,0,0,1,0,0,0,0,1.9121673895336604,-1.0127562869121298,0
312.0,119.0,2,1,1,0,0,0,0,0,0,0,1.3819650424301249,-0.6459607504747943,0
2386.0,75.19,2,3,0,0,1,0,0,0,0,0,1.4161039460269909,1.0924416203229073,0
2601.0,293.0,0,4,0,0,0,1,0,0,0,0,-2.3485655083828125,-0.5842997359255905,3
534.0,36.1,0,4,0,0,0,1,0,0,0,0,-1.479497893621999,-1.9554970668103513,3
2313.0,62.58,2,4,0,0,0,1,0,0,0,0,1.8623762921777607,-1.0203951870756225,0
9.0,119.0,0,4,0,0,0,1,0,0,0,0,-1.762777588087781,-1.5414265633857784,3
109.0,119.0,0,1,1,0,0,0,0,0,0,0,-2.0462444649958784,-1.407246623227164,3
3959.0,62.58,2,7,0,0,0,0,0,0,1,0,1.9019211697664213,-0.2836758595966467,0
1925.0,62.58,2,4,0,0,0,1,0,0,0,0,1.8614528161172064,-1.0296414320268243,0
976.0,138.16,2,4,0,0,0,1,0,0,0,0,1.6020669859642584,-0.6633418615325785,0
1584.0,62.58,2,2,0,1,0,0,0,0,0,0,1.8430177115471604,-0.53011505868202,0
13.0,137.98,2,4,0,0,0,1,0,0,0,0,1.6003873258991683,-0.6872168927284941,0
16.0,62.57,2,4,0,0,0,1,0,0,0,0,1.8569432392197687,-1.075185367769837,0
171.0,79.41,2,4,0,0,0,1,0,0,0,0,1.8000215908615302,-0.984837438335233,0
3380.0,43.89,1,4,0,0,0,1,0,0,0,0,-0.05267471415123006,0.37826601636849594,2
1254.0,143.53,1,4,0,0,0,1,0,0,0,0,-0.39671529493507446,0.8403234680453046,2
395.0,183.0,2,7,0,0,0,0,0,0,1,0,1.4837633660342087,0.25104169066945975,0
2838.0,145.91,1,4,0,0,0,1,0,0,0,0,-0.4010421124799561,0.8903178769024866,2
3385.0,119.0,2,4,0,0,0,1,0,0,0,0,1.6729839542354867,-0.7045264245762872,0
797.0,118.38,0,4,0,0,0,1,0,0,0,0,-1.75879280235059,-1.5258384635869022,3
622.0,62.57,2,3,0,0,1,0,0,0,0,0,1.454839363630282,0.9854653777265993,0
5140.0,119.0,2,4,0,0,0,1,0,0,0,0,1.6771610173444367,-0.662703847541857,0
2501.0,119.0,2,4,0,0,0,1,0,0,0,0,1.6708799520769044,-0.7255926115269633,0
1729.0,144.45,1,2,0,1,0,0,0,0,0,0,-0.4163381318934339,1.3640296297228667,2
5825.0,62.58,2,4,0,0,0,1,0,0,0,0,1.87073517858154,-0.9367023719503121,0
114.0,119.0,0,7,0,0,0,0,0,0,1,0,-1.7269004337190017,-0.841430079901137,3
8802.0,80.37,2,4,0,0,0,1,0,0,0,0,1.817298202699151,-0.7742162424781938,0
345.0,36.0,2,5,0,0,0,0,1,0,0,0,2.1931563045827476,-0.9519248686012524,0
495.0,62.57,2,6,0,0,0,0,0,1,0,0,1.6754991677744673,-0.07995956110265902,0
10510.0,91.37,2,7,0,0,0,0,0,0,1,0,1.819568069422833,0.020583675919210967,0
280.0,62.58,2,3,0,0,1,0,0,0,0,0,1.4539913513207416,0.9773667944357073,0
1411.0,159.54,2,4,0,0,0,1,0,0,0,0,1.5303664456393153,-0.5429597418600483,0
392.0,118.66,2,7,0,0,0,0,0,0,1,0,1.7026442785004932,-0.08010646783893756,0
1288.0,119.0,2,1,1,0,0,0,0,0,0,0,1.384288013139148,-0.6227021549274416,0
5331.0,142.06,2,8,0,0,0,0,0,0,0,1,1.0627318202853675,-0.23131052763053248,0
1464.0,148.83,1,6,0,0,0,0,0,1,0,0,-0.5968304892106058,1.8564112644648458,2
154.0,143.95,1,4,0,0,0,1,0,0,0,0,-0.4007622591852805,0.8162710962008802,2
210.0,119.0,2,4,0,0,0,1,0,0,0,0,1.6654271591523433,-0.7801883516898579,0
203.0,78.87,2,7,0,0,0,0,0,0,1,0,1.8375621067528758,-0.28935928095745156,0
798.0,141.0,1,1,1,0,0,0,0,0,0,0,-0.6728983108933111,0.9482349219322057,2
821.0,119.0,0,7,0,0,0,0,0,0,1,0,-1.7252177080107238,-0.8245818964462411,3
972.0,62.57,2,3,0,0,1,0,0,0,0,0,1.4556723961591325,0.9938060626052606,0
,119.0,0,8,0,0,0,0,0,0,0,1,-2.2992314749144027,-1.2334600258253567,3
180.0,147.12,1,1,1,0,0,0,0,0,0,0,-0.6951897691443909,0.9649995610157839,2
2008.0,119.24,2,1,1,0,0,0,0,0,0,0,1.3851851874746826,-0.6043091979183114,0
2836.0,119.32,2,1,1,0,0,0,0,0,0,0,1.386883740234996,-0.5841658616524503,0
62.0,118.97,0,3,0,0,1,0,0,0,0,0,-2.1660955935002315,0.5058915279164592,1
998.0,72.57,2,4,0,0,0,1,0,0,0,0,1.825259966279854,-1.0003264270817767,0
29.0,119.0,2,2,0,1,0,0,0,0,0,0,1.647372869452629,-0.27684909382909434,0
1701.0,62.58,2,5,0,0,0,0,1,0,0,0,2.1059571572677322,-0.7828370042086239,0
2828.0,340.25,2,3,0,0,1,0,0,0,0,0,0.5154079324868062,2.466903550211084,2
222.0,62.58,2,1,1,0,0,0,0,0,0,0,1.5736946316390592,-0.9384279342574282,0
2561.0,119.34,0,4,0,0,0,1,0,0,0,0,-1.7578602887290151,-1.4788615050491987,3
3598.0,119.35,0,4,0,0,0,1,0,0,0,0,-1.7554261528748847,-1.4540977899181649,3
188.0,62.58,2,3,0,0,1,0,0,0,0,0,1.453772382770301,0.9751743858390304,0
351.0,91.5,2,1,1,0,0,0,0,0,0,0,1.4756143076228494,-0.7865391052952662,0
1950.0,119.0,2,1,1,0,0,0,0,0,0,0,1.385863634665145,-0.6069263452426593,0
269.0,62.58,2,4,0,0,0,1,0,0,0,0,1.857511382209274,-1.0691047867670047,0
4385.0,119.9,0,4,0,0,0,1,0,0,0,0,-1.7554241485628026,-1.4325130092968645,3
151.0,62.58,2,4,0,0,0,1,0,0,0,0,1.8572305312424044,-1.071916789097525,0
1049.0,62.58,2,4,0,0,0,1,0,0,0,0,1.8593678547021406,-1.0505169747517025,0
446.0,64.8,2,1,1,0,0,0,0,0,0,0,1.566675216083664,-0.9216663615774434,0
290.0,63.63,2,1,1,0,0,0,0,0,0,0,1.5702843229172596,-0.9314044353311528,0
1150.0,137.98,0,8,0,0,0,0,0,0,0,1,-2.3610653229779737,-1.1083888453452588,3
645.0,119.08,2,7,0,0,0,0,0,0,1,0,1.701817579997529,-0.07191613499527959,0
157.0,120.0,0,4,0,0,0,1,0,0,0,0,-1.7658273867533818,-1.53275390901138,3
368.0,119.0,2,7,0,0,0,0,0,0,1,0,1.70143045844692,-0.07892885020930528,0
5580.0,146.92,1,4,0,0,0,1,0,0,0,0,-0.39795197058451176,0.9608583788538492,2
1143.0,91.5,2,4,0,0,0,1,0,0,0,0,1.7612042274330457,-0.8994622142774062,0
26961.0,144.08,1,4,0,0,0,1,0,0,0,0,-0.3374013745688404,1.455765012027292,2
167.0,119.0,0,4,0,0,0,1,0,0,0,0,-1.7624015334033285,-1.5376613399262684,3
1680.0,9.5,2,8,0,0,0,0,0,0,0,1,1.5050181698453453,-1.0004345764714158,0
327.0,119.0,0,5,0,0,0,0,1,0,0,0,-1.5169832365640068,-1.281705989269765,3
104.0,142.36,1,4,0,0,0,1,0,0,0,0,-0.39547200048341385,0.8068978492361969,2
20889.0,23.37,2,1,1,0,0,0,0,0,0,0,1.7562784878351887,-0.6476867237262869,0
3054.0,144.87,1,4,0,0,0,1,0,0,0,0,-0.39698987788752466,0.8901137053540107,2
406.0,142.82,1,4,0,0,0,1,0,0,0,0,-0.39631815652916524,0.8164617074107529,2
8065.0,119.0,2,3,0,0,1,0,0,0,0,0,1.2805765772818194,1.4532098929077668,0
52.0,147.0,0,5,0,0,0,0,1,0,0,0,-1.6128952299007995,-1.1441787710117657,3
413.0,119.0,0,3,0,0,1,0,0,0,0,0,-2.1653622424510615,0.5144104154092594,1
1357.0,119.0,2,7,0,0,0,0,0,0,1,0,1.7037843703641573,-0.055360457795030814,0
308.0,119.0,2,5,0,0,0,0,1,0,0,0,1.9106978902294114,-0.525710493783289,0
1657.0,119.0,0,7,0,0,0,0,0,0,1,0,-1.723227950313241,-0.8046595748503529,3
1784.0,144.96,1,4,0,0,0,1,0,0,0,0,-0.4003187806386412,0.8603120507663246,2
1055.0,62.58,2,4,0,0,0,1,0,0,0,0,1.8593821352597781,-1.050373991582354,0
676.0,119.0,2,4,0,0,0,1,0,0,0,0,1.666536282462184,-0.769083325537126,0
1309.0,36.0,2,6,0,0,0,0,0,1,0,0,1.7678290962441492,-0.19728372188561585,0
1102.0,119.0,0,3,0,0,1,0,0,0,0,0,-2.1637223584156957,0.5308296493561099,1
2921.0,48.6,2,5,0,0,0,0,1,0,0,0,2.1564215634948027,-0.8257011518103926,0
3838.0,62.58,0,7,0,0,0,0,0,0,1,0,-1.526093170038537,-1.043007629034587,3
2919.0,119.0,2,3,0,0,1,0,0,0,0,0,1.2683286190147782,1.3305779946632206,0
201.0,99.01,0,2,0,1,0,0,0,0,0,0,-1.7119370752320915,-1.1320617850779306,3
2403.0,119.0,0,4,0,0,0,1,0,0,0,0,-1.757079645590444,-1.4843762788157349,3
142.0,119.0,0,4,0,0,0,1,0,0,0,0,-1.7624610357268178,-1.538257103131887,3
753.0,173.57,0,3,0,0,1,0,0,0,0,0,-2.350203011446886,0.8033156192833785,1
5819.0,46.36,2,1,1,0,0,0,0,0,0,0,1.642197302084912,-0.8885123089010651,0
120.0,119.0,0,2,0,1,0,0,0,0,0,0,-1.7801368906491402,-1.0311287912833886,3
2809.0,119.0,2,7,0,0,0,0,0,0,1,0,1.7072402653124168,-0.020758530812698673,0
131.0,119.0,2,1,1,0,0,0,0,0,0,0,1.3815342456080622,-0.6502740760834735,0
47.0,119.0,0,4,0,0,0,1,0,0,0,0,-1.7626871445560772,-1.540521003313238,3
2333.0,62.58,2,8,0,0,0,0,0,0,0,1,1.3259914280463865,-0.7117375641966833,0
106.0,72.57,2,4,0,0,0,1,0,0,0,0,1.8231369233777552,-1.021583258258251,0
,84.14,2,1,1,0,0,0,0,0,0,0,1.4998180008170985,-0.8327762391130723,0
7.0,62.58,2,4,0,0,0,1,0,0,0,0,1.8568877978591058,-1.0753483851618884,0
1860.0,62.58,2,4,0,0,0,1,0,0,0,0,1.861298110076134,-1.031190416361433,0
189.0,119.0,0,4,0,0,0,1,0,0,0,0,-1.7623491713586579,-1.537137068305324,3
300.0,119.0,0,3,0,0,1,0,0,0,0,0,-2.165631192953233,0.5117175657198628,1
815.0,62.58,2,5,0,0,0,0,1,0,0,0,2.1038483949232707,-0.8039508522157494,0
420.0,62.58,2,2,0,1,0,0,0,0,0,0,1.840247283365498,-0.5578537935356253,0
509.0,19.0,2,4,0,0,0,1,0,0,0,0,2.006344049007025,-1.2876366434642477,0
21.0,149.99,2,4,0,0,0,1,0,0,0,0,1.5595477170705883,-0.625225956775094,0
0.0,121.0,0,2,0,1,0,0,0,0,0,0,-1.7872266066432039,-1.0236969822760864,3
95.0,119.0,0,4,0,0,0,1,0,0,0,0,-1.7625729000949777,-1.5393771379584502,3
3915.0,240.0,0,3,0,0,1,0,0,0,0,0,-2.5686754998762344,1.2204990051057643,2
126.0,62.58,2,2,0,1,0,0,0,0,0,0,1.8395475360412634,-0.5648599688337008,0
345.0,62.58,2,2,0,1,0,0,0,0,0,0,1.8400687763950299,-0.5596410831524813,0
4118.0,119.0,0,1,1,0,0,0,0,0,0,0,-2.0367026724011317,-1.3117100355741547,3
6767.0,144.43,2,4,0,0,0,1,0,0,0,0,1.5945192354998015,-0.49307550662702826,0
118.0,62.58,2,1,1,0,0,0,0,0,0,0,1.5734471019733436,-0.940906309192802,0
24.0,164.0,0,8,0,0,0,0,0,0,0,1,-2.4522667116134405,-1.0013299642768478,3
519.0,119.0,0,3,0,0,1,0,0,0,0,0,-2.1651099525994666,0.5169364514010825,1
14289.0,14.25,2,1,1,0,0,0,0,0,0,0,1.7715965925104051,-0.8518973241274943,0
528.0,119.0,2,7,0,0,0,0,0,0,1,0,1.7018112733172515,-0.07511596569334582,0
261.0,78.87,2,4,0,0,0,1,0,0,0,0,1.8020729075332467,-0.9854713883414592,0
15.0,63.63,2,2,0,1,0,0,0,0,0,0,1.8357111906832806,-0.562102134459655,0
4017.0,62.58,2,3,0,0,1,0,0,0,0,0,1.462885758635925,1.0664214784115855,0
407.0,36.0,2,7,0,0,0,0,0,0,1,0,1.9838936329861354,-0.5050955639708188,0
713.0,143.0,0,8,0,0,0,0,0,0,0,1,-2.3791837267442673,-1.092971190469851,3
756.0,62.58,2,2,0,1,0,0,0,0,0,0,1.8410469945931942,-0.5498467360521104,0
1666.0,25.65,1,4,0,0,0,1,0,0,0,0,0.005299242703134953,0.24356226275552184,2
7625.0,62.58,2,4,0,0,0,1,0,0,0,0,1.8750193458727709,-0.8938074211457682,0
628.0,36.0,2,7,0,0,0,0,0,0,1,0,1.984419633525781,-0.49982901723314976,0
837.0,119.0,1,7,0,0,0,0,0,0,1,0,-0.27862820320202375,1.4016555068808845,2
3.0,62.57,2,4,0,0,0,1,0,0,0,0,1.8569122980115542,-1.0754951646367588,0
1494.0,62.58,0,8,0,0,0,0,0,0,0,1,-2.1037318184891856,-1.488179652899992,3
78.0,119.0,1,4,0,0,0,1,0,0,0,0,-0.31606193835328356,0.6860738579372591,2
189.0,174.0,2,7,0,0,0,0,0,0,1,0,1.5138915386745742,0.19982097608093888,0
137.0,62.57,2,3,0,0,1,0,0,0,0,0,1.4536850185545893,0.973907571537597,0
2220.0,146.56,1,3,0,0,1,0,0,0,0,0,-0.8082705559009072,2.925144784379971,2
1557.0,180.91,1,1,1,0,0,0,0,0,0,0,-0.806867732460616,1.1716886244824818,2
518.0,62.58,2,7,0,0,0,0,0,0,1,0,1.8937312699613518,-0.36567670721800005,0
1933.0,310.99,1,4,0,0,0,1,0,0,0,0,-0.9648069101924087,1.718209380282283,2
8201.0,19.0,2,3,0,0,1,0,0,0,0,0,1.6211055119873508,0.9418772250327436,0
5221.0,62.58,2,6,0,0,0,0,0,1,0,0,1.6867134664826813,0.03271497264946508,0
1723.0,142.22,2,1,1,0,0,0,0,0,0,0,1.3063276963601949,-0.49285188065218133,0
409.0,62.58,2,4,0,0,0,1,0,0,0,0,1.8578445952208142,-1.0657685128155403,0
73258.0,62.58,2,4,0,0,0,1,0,0,0,0,2.031231985775747,0.6702616378290303,0
529.0,119.0,2,4,0,0,0,1,0,0,0,0,1.666186408800067,-0.7725864131861637,0
192.0,63.63,2,2,0,1,0,0,0,0,0,0,1.8361324671335848,-0.5578841309638748,0
2235.0,119.0,2,4,0,0,0,1,0,0,0,0,1.670246847354978,-0.7319315320347459,0
6127.0,174.0,2,8,0,0,0,0,0,0,0,1,0.9559648199494671,-0.047986613027113816,0
138.0,91.5,2,1,1,0,0,0,0,0,0,0,1.4751073478267205,-0.7916150078071372,0
542.0,19.0,2,7,0,0,0,0,0,0,1,0,2.0420498366841553,-0.5893559580117882,0
988.0,119.0,0,1,1,0,0,0,0,0,0,0,-2.0441523633019942,-1.3862995889176117,3
5905.0,119.0,0,8,0,0,0,0,0,0,0,1,-2.285177026106226,-1.0927407566582277,3
248.0,119.34,0,3,0,0,1,0,0,0,0,0,-2.1669116556091144,0.5122279285592023,1
352.0,119.0,2,4,0,0,0,1,0,0,0,0,1.6657651323497626,-0.7768044166819439,0
104.0,118.43,0,3,0,0,1,0,0,0,0,0,-2.1641585212896146,0.5041137125554452,1
664.0,119.02,2,4,0,0,0,1,0,0,0,0,1.6664396802984962,-0.7692663771518803,0
10700.0,34.2,2,7,0,0,0,0,0,0,1,0,2.014515623970341,-0.2690702621083458,0
46.0,119.0,0,4,0,0,0,1,0,0,0,0,-1.7626895246490168,-1.5405448338414627,3
3245.0,72.57,2,1,1,0,0,0,0,0,0,0,1.5469031489130192,-0.8149823428246317,0
326.0,62.57,2,7,0,0,0,0,0,0,1,0,1.8933083126411603,-0.37030362599912275,0
2388.0,62.58,2,5,0,0,0,0,1,0,0,0,2.1075922811172187,-0.7664654313182229,0
626.0,119.0,0,8,0,0,0,0,0,0,0,1,-2.29774153673423,-1.2185421151566653,3
296.0,119.0,0,4,0,0,0,1,0,0,0,0,-1.7620945014141236,-1.534587201785276,3
,119.23,0,4,0,0,0,1,0,0,0,0,-1.7635814809809884,-1.5404575188144598,3
3146.0,62.58,2,1,1,0,0,0,0,0,0,0,1.5806540233943698,-0.8687474697282691,0
156.0,62.58,2,5,0,0,0,0,1,0,0,0,2.1022799136760923,-0.8196551703158574,0
7208.0,143.85,0,4,0,0,0,1,0,0,0,0,-1.8301843016691357,-1.241999046197,3
544.0,62.75,2,4,0,0,0,1,0,0,0,0,1.8575875588561448,-1.0616766163516864,0
695.0,119.0,2,7,0,0,0,0,0,0,1,0,1.70220874883816,-0.07113626747981312,0
6522.0,118.78,0,4,0,0,0,1,0,0,0,0,-1.7465275912397993,-1.387350395021373,3
1024.0,70.24,0,7,0,0,0,0,0,0,1,0,-1.5588504731127308,-1.0706503961889635,3
1120.0,237.32,2,7,0,0,0,0,0,0,1,0,1.300689445925284,0.5478352138608223,0
1095.0,62.58,2,6,0,0,0,0,0,1,0,0,1.6768932030140042,-0.06560978680583969,0
3976.0,62.58,2,2,0,1,0,0,0,0,0,0,1.8487108938586183,-0.47311243516842605,0
4037.0,138.55,1,4,0,0,0,1,0,0,0,0,-0.3731492752293693,0.8810180618330379,2
156.0,348.0,2,6,0,0,0,0,0,1,0,0,0.7036444938396832,1.380709372577648,2
440.0,201.73,2,7,0,0,0,0,0,0,1,0,1.4201500283775748,0.34849370341192837,0
138.0,62.58,2,5,0,0,0,0,1,0,0,0,2.10223707200318,-0.820084119823903,0
2317.0,59.04,0,3,0,0,1,0,0,0,0,0,-1.9568434823514915,0.25124539876890917,1
731.0,389.48,0,8,0,0,0,0,0,0,0,1,-3.2176787657150143,0.17577881690824793,2
85.0,62.63,2,2,0,1,0,0,0,0,0,0,1.839279849609708,-0.5655797336810586,0
9535.0,62.58,2,2,0,1,0,0,0,0,0,0,1.861941830509703,-0.3406385287670593,0
345.0,119.0,0,8,0,0,0,0,0,0,0,1,-2.2984103428502505,-1.225238493587819,3
579.0,119.0,0,4,0,0,0,1,0,0,0,0,-1.7614209351122245,-1.5278431622976727,3
471.0,149.99,0,2,0,1,0,0,0,0,0,0,-1.884731082543526,-0.8632979111272613,3
377.0,119.0,2,7,0,0,0,0,0,0,1,0,1.7014518792833762,-0.07871437545528255,0
386.0,119.0,0,1,1,0,0,0,0,0,0,0,-2.045585179251617,-1.4006455669089093,3
393.0,91.5,2,8,0,0,0,0,0,0,0,1,1.2229866917382006,-0.6091540981315221,0
1936.0,208.8,1,4,0,0,0,1,0,0,0,0,-0.6171440330466006,1.1924380898816411,2
1940.0,143.99,1,2,0,1,0,0,0,0,0,0,-0.41427098816968166,1.366690832527606,2
227.0,27.0,0,7,0,0,0,0,0,0,1,0,-1.4136426605163404,-1.3121449603482425,3
4828.0,111.62,1,7,0,0,0,0,0,0,1,0,-0.2440221054157368,1.4587876118909857,2
171.0,142.14,1,3,0,0,1,0,0,0,0,0,-0.7981102946347856,2.8535718780561243,2
297.0,119.0,0,4,0,0,0,1,0,0,0,0,-1.762092121321184,-1.5345633712570512,3
1278.0,62.58,2,7,0,0,0,0,0,0,1,0,1.8955401405954269,-0.3475655057671926,0
1228.0,147.0,2,2,0,1,0,0,0,0,0,0,1.554969133108767,-0.1041956769678183,0
101.0,118.64,0,4,0,0,0,1,0,0,0,0,-1.7613338806659036,-1.5410866198200706,3
135.0,62.58,2,5,0,0,0,0,1,0,0,0,2.102229931724361,-0.8201556114085772,0
262.0,119.0,2,1,1,0,0,0,0,0,0,0,1.3818460377831463,-0.6471522768860317,0
148.0,86.24,2,2,0,1,0,0,0,0,0,0,1.7591073378131776,-0.4425875787885213,0
411.0,62.58,2,5,0,0,0,0,1,0,0,0,2.1028868373756833,-0.8135783856185471,0
29.0,119.0,0,6,0,0,0,0,0,1,0,0,-1.9453141221923462,-0.5571389691737589,3
669.0,119.0,0,3,0,0,1,0,0,0,0,0,-2.1647529386585305,0.5205110306347945,1
279.0,119.27,2,4,0,0,0,1,0,0,0,0,1.6646728314115964,-0.7771546964691237,0
329.0,62.58,2,5,0,0,0,0,1,0,0,0,2.1026916697546385,-0.8155324889329763,0
288508.0,34.2,2,2,0,1,0,0,0,0,0,0,2.6224737458393808,6.161399428400479,2
207.0,62.58,2,2,0,1,0,0,0,0,0,0,1.8397403235693688,-0.5629296960474963,0
8349.0,119.09,0,8,0,0,0,0,0,0,0,1,-2.2796662636797693,-1.0340358294192045,3
1.0,119.0,0,3,0,0,1,0,0,0,0,0,-2.166342840742165,0.5045922377806636,1
107.0,62.58,2,2,0,1,0,0,0,0,0,0,1.8395023142754117,-0.565312748869971,0
350.0,62.58,2,5,0,0,0,0,1,0,0,0,2.1027416517063693,-0.8150320478402566,0
1591.0,64.8,1,7,0,0,0,0,0,0,1,0,-0.09244237192594976,1.1407248232775784,2
786.0,155.2,0,6,0,0,0,0,0,1,0,0,-2.066666689464891,-0.3528236089713066,3
260.0,62.58,2,7,0,0,0,0,0,0,1,0,1.893117205982942,-0.37182498349998466,0
607.0,119.0,2,5,0,0,0,0,1,0,0,0,1.9114095380183436,-0.5185851658440899,0
80.0,119.0,2,7,0,0,0,0,0,0,1,0,1.700744991680323,-0.0857920423380323,0
194.0,62.58,2,4,0,0,0,1,0,0,0,0,1.857332875238806,-1.0708920763838607,0
2849.0,229.66,2,2,0,1,0,0,0,0,0,0,1.2776136106722658,0.35978016333974855,0
2891.0,101.02,2,6,0,0,0,0,0,1,0,0,1.5503929548834028,0.17499194130370885,0
53.0,119.0,2,4,0,0,0,1,0,0,0,0,1.6650534845608305,-0.7839297446211432,0
615.0,82.04,2,7,0,0,0,0,0,0,1,0,1.8277581988704954,-0.2632291195839352,0
52.0,119.0,0,2,0,1,0,0,0,0,0,0,-1.780298736969031,-1.0327492672026712,3
3635.0,119.0,0,3,0,0,1,0,0,0,0,0,-2.157693582999758,0.5911923773493929,2
1882.0,62.58,2,6,0,0,0,0,0,1,0,0,1.678766336157448,-0.04685516109296405,0
198.0,119.0,0,4,0,0,0,1,0,0,0,0,-1.7623277505222017,-1.5369225935513013,3
109.0,62.58,2,4,0,0,0,1,0,0,0,0,1.8571305673389424,-1.0729176712829642,0
38.0,119.0,0,5,0,0,0,0,1,0,0,0,-1.5176710834235434,-1.288593011926717,3
1453.0,62.58,2,2,0,1,0,0,0,0,0,0,1.8427059193720765,-0.5332368578794618,0
933.0,141.64,1,4,0,0,0,1,0,0,0,0,-0.3910494256936346,0.822948427072574,2
979.0,36.0,2,4,0,0,0,1,0,0,0,0,1.9496278015374469,-1.1889587798473065,0
899.0,145.72,1,8,0,0,0,0,0,0,0,1,-0.9414431887200284,1.1513138051116911,2
784.0,174.0,0,1,1,0,0,0,0,0,0,0,-2.2317507853978293,-1.1081455258329862,3
454.0,91.5,2,3,0,0,1,0,0,0,0,0,1.3560181314868125,1.130327997167983,0
1289.0,42.8,1,2,0,1,0,0,0,0,0,0,-0.07156674422701151,0.8304801128651152,2
972.0,27.0,2,7,0,0,0,0,0,0,1,0,2.0158568572829116,-0.5379429412980599,0
1836.0,144.01,1,3,0,0,1,0,0,0,0,0,-0.8005092779170265,2.9028722342389717,2
1242.0,118.32,2,1,1,0,0,0,0,0,0,0,1.3864919245099747,-0.6272974598398324,0
235.0,118.88,0,1,1,0,0,0,0,0,0,0,-2.0455363269950135,-1.4048614650145024,3
976.0,84.14,2,2,0,1,0,0,0,0,0,0,1.7682223648505246,-0.4336619474324164,0
419.0,62.58,2,1,1,0,0,0,0,0,0,0,1.574163509948155,-0.9337333201971532,0
106.0,62.58,2,4,0,0,0,1,0,0,0,0,1.8571234270601236,-1.0729891628676385,0
1.0,62.57,2,4,0,0,0,1,0,0,0,0,1.856907537825675,-1.0755428256932082,0
1.0,62.58,1,4,0,0,0,1,0,0,0,0,-0.12430140793613478,0.39391647102154664,2
2247.0,143.53,1,2,0,1,0,0,0,0,0,0,-0.4119753555237304,1.3716397660419206,2
1186.0,9.5,0,2,0,1,0,0,0,0,0,0,-1.4050749715135598,-1.5691835617821883,3
879.0,143.52,2,3,0,0,1,0,0,0,0,0,1.180054904063528,1.4081371686385094,0
1074.0,147.58,1,6,0,0,0,0,0,1,0,0,-0.5935061599312174,1.8406851882107746,2
605.0,62.58,2,2,0,1,0,0,0,0,0,0,1.8406876005593187,-0.5534451458140471,0
970.0,36.0,0,3,0,0,1,0,0,0,0,0,-1.8816661797691474,0.10058791526816446,1
795.0,62.58,2,1,1,0,0,0,0,0,0,0,1.5750584248934343,-0.9247730415846485,0
1636.0,119.02,1,6,0,0,0,0,0,1,0,0,-0.4950059305651993,1.7071157192828812,2
7413.0,62.58,2,4,0,0,0,1,0,0,0,0,1.8745147661695813,-0.8988594931294145,0
1806.0,64.8,2,6,0,0,0,0,0,1,0,0,1.6710328927201807,-0.03724274688040307,0
237.0,62.58,2,4,0,0,0,1,0,0,0,0,1.8574352192352077,-1.0698673636701967,0
22621.0,151.3,0,8,0,0,0,0,0,0,0,1,-2.3552776857155657,-0.5281823676858729,3
68.0,144.47,1,3,0,0,1,0,0,0,0,0,-0.8062822263476935,2.863106898988302,2
325.0,62.58,2,7,0,0,0,0,0,0,1,0,1.8932719120240142,-0.3702759991653762,0
35.0,150.78,0,1,1,0,0,0,0,0,0,0,-2.154537817801902,-1.2454785859708168,3
12126.0,62.58,2,7,0,0,0,0,0,0,1,0,1.9213593888039118,-0.08905193558514064,0
941.0,27.0,2,4,0,0,0,1,0,0,0,0,1.9801558297916606,-1.2361759656940698,0
386.0,119.0,2,7,0,0,0,0,0,0,1,0,1.701473300119832,-0.07849990070125983,0
738.0,119.38,0,3,0,0,1,0,0,0,0,0,-2.16588149216555,0.5241107168372136,1
8312.0,119.36,0,3,0,0,1,0,0,0,0,0,-2.147786627192813,0.7045002228875022,2
1235.0,142.14,1,4,0,0,0,1,0,0,0,0,-0.39203166383621235,0.8327181146950153,2
2134.0,62.58,2,7,0,0,0,0,0,0,1,0,1.8975775001517012,-0.3271665736068094,0
80.0,118.73,0,2,0,1,0,0,0,0,0,0,-1.7793135402131455,-1.033471361185605,3
568.0,196.81,2,3,0,0,1,0,0,0,0,0,0.998019321662483,1.6749421563059845,0
678.0,113.46,2,4,0,0,0,1,0,0,0,0,1.685388413058506,-0.7975430430128093,0
6008.0,185.99,2,4,0,0,0,1,0,0,0,0,1.4513234463561404,-0.2973060811966434,0
506.0,187.32,1,2,0,1,0,0,0,0,0,0,-0.5650949728321181,1.555482604475217,2
12.0,119.02,0,4,0,0,0,1,0,0,0,0,-1.7628384888573754,-1.5412521570771613,3
2880.0,62.58,2,2,0,1,0,0,0,0,0,0,1.8461023119968467,-0.49923069410274845,0
47.0,119.0,0,3,0,0,1,0,0,0,0,0,-2.166233356466945,0.5056884420790021,1
2401.0,314.26,1,1,1,0,0,0,0,0,0,0,-1.2585226243142935,1.8779855121922384,2
515.0,78.87,2,4,0,0,0,1,0,0,0,0,1.8026774511398982,-0.9794184341723735,0
1703.0,119.0,2,8,0,0,0,0,0,0,0,1,1.1325481719209596,-0.43642836073586694,0
37.0,118.66,0,8,0,0,0,0,0,0,0,1,-2.297986713652615,-1.2343278465880674,3
1224.0,62.58,2,2,0,1,0,0,0,0,0,0,1.8421608780889143,-0.5386940488429288,0
843.0,25.65,2,2,0,1,0,0,0,0,0,0,1.9668918585738184,-0.7378055178567858,0
649.0,240.0,2,3,0,0,1,0,0,0,0,0,0.8512774651423911,1.899116775446488,0
210.0,119.0,2,8,0,0,0,0,0,0,0,1,1.1289946931621777,-0.4720073393754137,0
844.0,36.0,2,2,0,1,0,0,0,0,0,0,1.931682996112953,-0.6845233176882046,0
310.0,197.97,0,4,0,0,0,1,0,0,0,0,-2.030721259772292,-1.1278947869023084,3
551.0,133.04,2,2,0,1,0,0,0,0,0,0,1.6008504619810549,-0.19216342188798885,0
264.0,119.0,0,4,0,0,0,1,0,0,0,0,-1.76217066438819,-1.535349778688468,3
8.0,118.52,0,5,0,0,0,0,1,0,0,0,-1.516109501049815,-1.2917778811480847,3
2606.0,119.0,2,1,1,0,0,0,0,0,0,0,1.3874249756335046,-0.5912935187272255,0
60628.0,30.6,2,2,0,1,0,0,0,0,0,0,2.0923455554839188,0.7123740062355167,0
679.0,36.0,0,2,0,1,0,0,0,0,0,0,-1.4964360677813466,-1.444903630368034,3
875.0,118.48,0,2,0,1,0,0,0,0,0,0,-1.7765708532210207,-1.0158125252962156,3
162.0,62.58,2,2,0,1,0,0,0,0,0,0,1.8396332193870881,-0.5640020698176099,0
469.0,62.58,2,4,0,0,0,1,0,0,0,0,1.8579874007971886,-1.0643386811220554,0
185.0,119.0,2,4,0,0,0,1,0,0,0,0,1.665367656828854,-0.7807841148954766,0
681.0,62.58,2,5,0,0,0,0,1,0,0,0,2.103529462469368,-0.8071441429978654,0
55.0,138.0,0,7,0,0,0,0,0,0,1,0,-1.791679855194929,-0.7450670933208152,3
6607.0,36.0,2,7,0,0,0,0,0,0,1,0,1.9986502092114864,-0.35734628897738946,0
1321.0,67.46,2,4,0,0,0,1,0,0,0,0,1.8434132241688959,-1.0189238784325483,0
475.0,62.58,2,2,0,1,0,0,0,0,0,0,1.8403781884771744,-0.5565431144832642,0
1587.0,144.36,1,4,0,0,0,1,0,0,0,0,-0.3987464274953425,0.852529994987768,2
35.0,119.0,0,3,0,0,1,0,0,0,0,0,-2.1662619175822195,0.505402475740305,1
555.0,119.0,0,2,0,1,0,0,0,0,0,0,-1.779101550220426,-1.0207625115056238,3
405.0,19.0,2,2,0,1,0,0,0,0,0,0,1.988473026463658,-0.7824624349301785,0
341.0,62.22,2,4,0,0,0,1,0,0,0,0,1.85890748777236,-1.069241453765792,0
606.0,62.58,2,2,0,1,0,0,0,0,0,0,1.8406899806522583,-0.5534213152858224,0
250.0,62.58,2,2,0,1,0,0,0,0,0,0,1.8398426675657704,-0.5619049833338322,0
3517.0,36.0,2,7,0,0,0,0,0,0,1,0,1.9912957220282066,-0.43098262119185665,0
1758.0,119.11,0,2,0,1,0,0,0,0,0,0,-1.7766125241803923,-0.9915283550695686,3
995.0,64.8,2,8,0,0,0,0,0,0,0,1,1.3152543073193785,-0.7321992766037527,0
71.0,118.84,0,4,0,0,0,1,0,0,0,0,-1.7620856939382223,-1.5407723884273858,3
0.0,119.0,0,2,0,1,0,0,0,0,0,0,-1.7804225018018889,-1.0339884546703582,3
332.0,19.0,2,6,0,0,0,0,0,1,0,0,1.823338636593364,-0.30804366331250344,0
310.0,119.0,2,4,0,0,0,1,0,0,0,0,1.6656651684463006,-0.7778052988673833,0
1158.0,19.0,2,4,0,0,0,1,0,0,0,0,2.007888729324808,-1.272170630646387,0
1437.0,118.58,0,2,0,1,0,0,0,0,0,0,-1.7755734462310466,-1.0019051948141944,3
176.0,119.0,2,2,0,1,0,0,0,0,0,0,1.647722743114746,-0.27334600618005656,0
14528.0,172.33,2,2,0,1,0,0,0,0,0,0,1.5004503813898296,0.3430918462947647,0
196.0,62.58,2,2,0,1,0,0,0,0,0,0,1.8397141425470336,-0.5631918318579685,0
37.0,143.0,2,3,0,0,1,0,0,0,0,0,1.1798199330671497,1.385396081050762,0
3553.0,119.0,2,2,0,1,0,0,0,0,0,0,1.6557603169716832,-0.19287031236508712,0
2783.0,62.58,2,2,0,1,0,0,0,0,0,0,1.8458714429817082,-0.5015422553405489,0
3306.0,64.8,0,6,0,0,0,0,0,1,0,0,-1.7531233164297304,-0.7579452300660292,3
726.0,62.58,2,7,0,0,0,0,0,0,1,0,1.8942263292927828,-0.3607199573472527,0
1435.0,147.0,0,4,0,0,0,1,0,0,0,0,-1.8546410433343603,-1.3633636166174845,3
5777.0,14.25,0,4,0,0,0,1,0,0,0,0,-1.392684220948453,-1.9429879432354238,3
265.0,142.88,1,3,0,0,1,0,0,0,0,0,-0.8004040846897523,2.859619792495131,2
7568.0,64.8,0,4,0,0,0,1,0,0,0,0,-1.5603952243579144,-1.6401905024196832,3
104.0,35.0,1,3,0,0,1,0,0,0,0,0,-0.4337738645124929,2.3006610565039276,2
25903.0,79.42,2,1,1,0,0,0,0,0,0,0,1.5775272356563537,-0.2397819413579404,0
4.0,147.11,2,3,0,0,1,0,0,0,0,0,1.1657589545512415,1.4057586493895737,0
1540.0,129.6,0,6,0,0,0,0,0,1,0,0,-1.9777795574196213,-0.4665862373365264,3
947.0,14.25,2,2,0,1,0,0,0,0,0,0,2.0059227858350295,-0.7939885355687613,0
591.0,62.58,2,3,0,0,1,0,0,0,0,0,1.4547315602249489,0.9847780887136034,0
531.0,178.59,1,2,0,1,0,0,0,0,0,0,-0.535335552876289,1.5111560906798394,2
11.0,62.58,2,2,0,1,0,0,0,0,0,0,1.8392738253532126,-0.5676004795795466,0
352.0,119.39,0,3,0,0,1,0,0,0,0,0,-2.1668342285644315,0.5149635903044328,1
54761.0,120.59,2,3,0,0,1,0,0,0,0,0,1.3863081338392613,2.574181959443984,0
1565.0,145.21,1,1,1,0,0,0,0,0,0,0,-0.6853954202996269,0.9881764864705285,2
1161.0,62.58,2,4,0,0,0,1,0,0,0,0,1.8596344251113728,-1.0478479555905307,0
5330.0,34.2,2,2,0,1,0,0,0,0,0,0,1.9484837873970595,-0.5868818932268356,0
205.0,77.3,2,4,0,0,0,1,0,0,0,0,1.807280844629063,-0.9948847037515482,0
5292.0,25.65,2,2,0,1,0,0,0,0,0,0,1.9774808920619775,-0.6317834977848878,0
1278.0,62.58,2,7,0,0,0,0,0,0,1,0,1.8955401405954269,-0.3475655057671926,0
191.0,62.58,2,2,0,1,0,0,0,0,0,0,1.8397022420823357,-0.5633109844990923,0
993.0,146.37,1,4,0,0,0,1,0,0,0,0,-0.4069983280669702,0.8487175909785116,2
523.0,119.0,0,3,0,0,1,0,0,0,0,0,-2.165100432227708,0.5170317735139814,1
20.0,119.0,0,2,0,1,0,0,0,0,0,0,-1.7803748999430973,-1.0335118441058633,3
35.0,119.0,0,8,0,0,0,0,0,0,0,1,-2.2991481716615176,-1.2326259573374907,3
214.0,119.0,0,7,0,0,0,0,0,0,1,0,-1.7266624244250446,-0.8390470270786623,3
105.0,8.0,2,2,0,1,0,0,0,0,0,0,2.0251815752090185,-0.8462146915660971,0
,62.58,2,7,0,0,0,0,0,0,1,0,1.892498381818653,-0.3780209208384188,0
6.0,119.0,2,2,0,1,0,0,0,0,0,0,1.6473181273150188,-0.2773971959782635,0
45.0,146.2,1,3,0,0,1,0,0,0,0,0,-0.8122225191730411,2.871460920460178,2
227.0,130.0,0,8,0,0,0,0,0,0,0,1,-2.3361137704443524,-1.1714473977498445,3
2288.0,142.82,2,4,0,0,0,1,0,0,0,0,1.5893361036207139,-0.6080970778230577,0
298.0,119.0,2,2,0,1,0,0,0,0,0,0,1.648013114453374,-0.2704386817366375,0
564.0,138.0,2,2,0,1,0,0,0,0,0,0,1.584007223182808,-0.16633077348327308,0
99.0,118.68,2,7,0,0,0,0,0,0,1,0,1.7018788702207852,-0.08698589788484558,0
3999.0,143.0,2,1,1,0,0,0,0,0,0,0,1.3090911870025497,-0.4345999241788919,0
765.0,119.0,0,7,0,0,0,0,0,0,1,0,-1.72535099321534,-0.8259164060268269,3
6655.0,119.0,2,7,0,0,0,0,0,0,1,0,1.7163941027580136,0.07089368073967704,0
950.0,22.61,2,4,0,0,0,1,0,0,0,0,1.995112260754803,-1.2585512728454737,0
437.0,119.36,0,3,0,0,1,0,0,0,0,0,-2.1665298590919484,0.516834813117622,1
113.0,62.58,2,3,0,0,1,0,0,0,0,0,1.453593875799833,0.9733870962221746,0
3191.0,62.57,2,7,0,0,0,0,0,0,1,0,1.9001272789130361,-0.3020291626352235,0
5889.0,62.58,2,2,0,1,0,0,0,0,0,0,1.853264011652021,-0.42752463467448565,0
1055.0,119.0,0,3,0,0,1,0,0,0,0,0,-2.1638342227838554,0.5297096145295467,1
433.0,14.25,2,5,0,0,0,0,1,0,0,0,2.2673603929107307,-1.0617475444051803,0
690.0,119.0,2,4,0,0,0,1,0,0,0,0,1.6665696037633382,-0.7687496981419796,0
192.0,119.0,2,8,0,0,0,0,0,0,0,1,1.1289518514892654,-0.4724362888834592,0
4.0,155.96,0,6,0,0,0,0,0,1,0,0,-2.071113481983337,-0.36754832253323516,3
2865.0,62.58,2,7,0,0,0,0,0,0,1,0,1.8993173480905288,-0.3097464574745196,0
3602.0,19.0,2,3,0,0,1,0,0,0,0,0,1.6101594645582558,0.8322806257271338,0
238.0,19.0,2,7,0,0,0,0,0,0,1,0,2.0413262884305254,-0.5966004385921112,0
687.0,62.58,2,7,0,0,0,0,0,0,1,0,1.8941335056681394,-0.36164934794801784,0
1364.0,62.58,2,2,0,1,0,0,0,0,0,0,1.8424940911004544,-0.5353577748914643,0
3993.0,119.0,0,4,0,0,0,1,0,0,0,0,-1.7532952978165233,-1.4464857389383874,3
1183.0,119.0,2,1,1,0,0,0,0,0,0,0,1.3840381033804927,-0.62520436039104,0
676.0,25.65,2,3,0,0,1,0,0,0,0,0,1.5805716640196936,0.7967716458524787,0
257.0,119.4,1,8,0,0,0,0,0,0,0,1,-0.853429188675529,1.0005788292827873,2
667.0,62.58,2,4,0,0,0,1,0,0,0,0,1.8584586591992238,-1.0596202365335556,0
5088.0,19.0,2,2,0,1,0,0,0,0,0,0,1.999619001699677,-0.6708640712536899,0
1035.0,62.58,2,4,0,0,0,1,0,0,0,0,1.8593345334009868,-1.0508506021468489,0
321.0,62.58,2,4,0,0,0,1,0,0,0,0,1.8576351470421317,-1.067865599299318,0
1783.0,63.63,2,6,0,0,0,0,0,1,0,0,1.6749585519147399,-0.04381136038022126,0
14128.0,23.37,2,1,1,0,0,0,0,0,0,0,1.7401866794707377,-0.8088049250537992,0
1517.0,78.87,2,4,0,0,0,1,0,0,0,0,1.8050623042653502,-0.9555402448911772,0
658.0,62.57,2,8,0,0,0,0,0,0,0,1,1.3220387928968087,-0.7517051563351054,0
2322.0,64.8,2,4,0,0,0,1,0,0,0,0,1.8548451566403572,-1.008757177963958,0
776.0,146.58,2,7,0,0,0,0,0,0,1,0,1.6085729306045318,0.07271340962339916,0
1068.0,14.25,2,2,0,1,0,0,0,0,0,0,2.006210777080718,-0.791105041653567,0
1162.0,265.04,2,1,1,0,0,0,0,0,0,0,0.887152385915941,0.1257785127459655,0
431.0,62.58,2,4,0,0,0,1,0,0,0,0,1.8578969572654846,-1.065244241194596,0
339.0,62.58,2,7,0,0,0,0,0,0,1,0,1.893305233325168,-0.3699423717702297,0
1823.0,119.44,2,7,0,0,0,0,0,0,1,0,1.703396590608909,-0.04199130771555908,0
335.0,36.0,2,2,0,1,0,0,0,0,0,0,1.9304715288067105,-0.6966530565546007,0
489.0,62.58,2,8,0,0,0,0,0,0,0,1,1.3216025366658144,-0.7556810582431163,0
8666.0,34.77,1,7,0,0,0,0,0,0,1,0,0.02656041981387178,1.1547993524676705,2
190.0,118.66,0,4,0,0,0,1,0,0,0,0,-1.7611900934426947,-1.5388627880841255,3
2984.0,119.0,2,2,0,1,0,0,0,0,0,0,1.6544060440890664,-0.206429882924968,0
747.0,218.0,2,4,0,0,0,1,0,0,0,0,1.3299020794158019,-0.25796347451671603,0
3208.0,0.0,2,8,0,0,0,0,0,0,0,1,1.5409744498532585,-1.0129060232167937,0
11873.0,151.16,2,2,0,1,0,0,0,0,0,0,1.566152684380583,0.17088655856469534,0
1034.0,119.0,2,2,0,1,0,0,0,0,0,0,1.6497648628568995,-0.252899412963224,0
160.0,119.0,1,4,0,0,0,1,0,0,0,0,-0.3158667707322386,0.6880279612516883,2
5627.0,62.58,2,3,0,0,1,0,0,0,0,0,1.466717708268637,1.1047886288534277,0
3954.0,154.08,2,7,0,0,0,0,0,0,1,0,1.5906214728115626,0.18703984980016328,0
210.0,62.58,2,3,0,0,1,0,0,0,0,0,1.4538247448149717,0.975698657459975,0
592.0,138.68,0,7,0,0,0,0,0,0,1,0,-1.7927151409324256,-0.7287709990500738,3
711.0,19.0,2,6,0,0,0,0,0,1,0,0,1.824240691817462,-0.2990118931153244,0
33.0,36.0,2,3,0,0,1,0,0,0,0,0,1.5438300217057435,0.834706985844323,0
254.0,62.58,2,7,0,0,0,0,0,0,1,0,1.8931029254253045,-0.3719679666693332,0
29.0,119.0,0,4,0,0,0,1,0,0,0,0,-1.7627299862289896,-1.5409499528212833,3
113.0,143.25,1,4,0,0,0,1,0,0,0,0,-0.3984784063013428,0.8116920292056705,2
627.0,72.57,2,4,0,0,0,1,0,0,0,0,1.8243769517992727,-1.0091675530531579,0
4423.0,62.57,2,4,0,0,0,1,0,0,0,0,1.8674323088044655,-0.9701642298833784,0
575.0,119.0,0,2,0,1,0,0,0,0,0,0,-1.7790539483616346,-1.020285900941129,3
539.0,72.52,2,3,0,0,1,0,0,0,0,0,1.4207913943307555,1.0346875190454472,0
621.0,119.0,2,3,0,0,1,0,0,0,0,0,1.2628591654396402,1.2758154408027527,0
1327.0,62.58,2,4,0,0,0,1,0,0,0,0,1.860029520539342,-1.0438920879052227,0
2245.0,62.58,2,1,1,0,0,0,0,0,0,0,1.5785095596558147,-0.8902187756587658,0
1644.0,119.0,2,6,0,0,0,0,0,1,0,0,1.486256076464334,0.23779560943195305,0
40.0,119.0,0,6,0,0,0,0,0,1,0,0,-1.945287941170011,-0.5568768333632867,3
2689.0,119.0,2,3,0,0,1,0,0,0,0,0,1.2677811976386764,1.3250969731715287,0
632.0,174.0,0,4,0,0,0,1,0,0,0,0,-1.9484076733225895,-1.2435646534592872,3
1102.0,119.0,0,7,0,0,0,0,0,0,1,0,-1.724548901894704,-0.8178855180150872,3
6627.0,62.58,2,1,1,0,0,0,0,0,0,0,1.5889391269170223,-0.7857934009779259,0
12.0,36.0,2,4,0,0,0,1,0,0,0,0,1.94732625166488,-1.2120029006406365,0
4931.0,64.8,2,8,0,0,0,0,0,0,0,1,1.3246223531295367,-0.6384023175111498,0
918.0,62.58,2,2,0,1,0,0,0,0,0,0,1.841432569649405,-0.5459861904797014,0
148.0,137.66,0,3,0,0,1,0,0,0,0,0,-2.229475265249517,0.6041147628682569,1
1171.0,62.58,2,7,0,0,0,0,0,0,1,0,1.8952854706508926,-0.35011537228724043,0
5348.0,119.0,0,4,0,0,0,1,0,0,0,0,-1.7500702718834023,-1.4141953731938557,3
2583.0,62.58,2,2,0,1,0,0,0,0,0,0,1.8453954243937936,-0.5063083609854981,0
5021.0,62.58,2,4,0,0,0,1,0,0,0,0,1.8688215838581235,-0.9558621166430085,0
39.0,119.0,2,4,0,0,0,1,0,0,0,0,1.6650201632596764,-0.7842633720162896,0
1034.0,180.07,1,3,0,0,1,0,0,0,0,0,-0.9250961227434731,3.069315397871445,2
2.0,119.0,0,5,0,0,0,0,1,0,0,0,-1.5177567667693679,-1.2894509109428078,3
449.0,19.0,2,7,0,0,0,0,0,0,1,0,2.041828488040775,-0.5915721971366896,0
285.0,19.0,2,1,1,0,0,0,0,0,0,0,1.7221060219865059,-1.1611777944504513,0
3418.0,87.47,1,6,0,0,0,0,0,1,0,0,-0.3834298510751368,1.5872337435597426,2
564.0,144.11,1,6,0,0,0,0,0,1,0,0,-0.5829148854307179,1.8106759142120923,2
164.0,119.0,0,6,0,0,0,0,0,1,0,0,-1.944992809645504,-0.5539218478634181,3
76.0,16.15,2,5,0,0,0,0,1,0,0,0,2.260046800132054,-1.0604781442068565,0
43972.0,46.36,2,2,0,1,0,0,0,0,0,0,1.9990863813328332,0.3965495305909979,0
3247.0,64.8,2,1,1,0,0,0,0,0,0,0,1.5733418564074069,-0.8549170520199278,0
648.0,34.2,2,3,0,0,1,0,0,0,0,0,1.551417473220764,0.8401004355476975,0
1149.0,119.0,0,3,0,0,1,0,0,0,0,0,-2.1636104940475356,0.5319496841826729,1
4810.0,62.57,2,3,0,0,1,0,0,0,0,0,1.4648071928612125,1.0852676299318382,0
420.0,119.0,2,3,0,0,1,0,0,0,0,0,1.262380766758786,1.2710255046295786,0
1.0,62.58,0,5,0,0,0,0,1,0,0,0,-1.3258153492888116,-1.5797971777134394,3
94.0,119.0,0,8,0,0,0,0,0,0,0,1,-2.299007746178083,-1.2312199561722306,3
181.0,119.0,0,3,0,0,1,0,0,0,0,0,-2.165914424013042,0.508881732861118,1
992.0,119.0,2,4,0,0,0,1,0,0,0,0,1.6672883918310892,-0.761552878618106,0
1781.0,119.0,2,1,1,0,0,0,0,0,0,0,1.3854613989583573,-0.6109537045126415,0
75.0,19.0,1,8,0,0,0,0,0,0,0,1,-0.5122963025565186,0.4796097589534401,2
3980.0,64.8,2,7,0,0,0,0,0,0,1,0,1.8944185953442927,-0.2717518841462853,0
215.0,62.58,2,2,0,1,0,0,0,0,0,0,1.8397593643128853,-0.5627390518216984,0
67.0,142.05,1,3,0,0,1,0,0,0,0,0,-0.798051639582642,2.850630386863009,2
4957.0,62.58,2,7,0,0,0,0,0,0,1,0,1.904296502520115,-0.2598929924283495,0
310.0,119.0,2,4,0,0,0,1,0,0,0,0,1.6656651684463006,-0.7778052988673833,0
349.0,119.0,2,7,0,0,0,0,0,0,1,0,1.701385236681068,-0.07938163024557547,0
1124.0,209.8,1,1,1,0,0,0,0,0,0,0,-0.9061836071362461,1.3100303244964222,2
117.0,118.61,0,3,0,0,1,0,0,0,0,0,-2.1647399495171182,0.5053497419378513,1
45.0,144.18,1,4,0,0,0,1,0,0,0,0,-0.40180416137244523,0.8148570879497241,2
1511.0,62.58,2,6,0,0,0,0,0,1,0,0,1.6778833216768665,-0.05569628706434506,0
3096.0,119.0,2,4,0,0,0,1,0,0,0,0,1.6722961073759501,-0.7114134472332391,0
369.0,62.22,2,4,0,0,0,1,0,0,0,0,1.8589741303746679,-1.068574198975499,0
980.0,17.1,2,7,0,0,0,0,0,0,1,0,2.0495562169909376,-0.5886950854239074,0
1921.0,62.58,2,2,0,1,0,0,0,0,0,0,1.8438198028677966,-0.5220841706702805,0
3383.0,72.57,2,7,0,0,0,0,0,0,1,0,1.866563732550859,-0.2459963392447133,0
1222.0,62.58,1,3,0,0,1,0,0,0,0,0,-0.5249415263677844,2.4692229913762023,2
408.0,121.0,2,6,0,0,0,0,0,1,0,0,1.476510176749707,0.21863254894043793,0
34.0,62.58,2,7,0,0,0,0,0,0,1,0,1.8925793049785986,-0.37721068287877746,0
803.0,61.2,2,2,0,1,0,0,0,0,0,0,1.8458536913018615,-0.5558278171775949,0
3491.0,119.0,2,4,0,0,0,1,0,0,0,0,1.6732362440870814,-0.7020003885844641,0
1459.0,97.87,2,2,0,1,0,0,0,0,0,0,1.7226617700047109,-0.35150084431318795,0
13.0,118.46,0,6,0,0,0,0,0,1,0,0,-1.9435150953722244,-0.5602989551718084,3
1464.0,77.07,1,7,0,0,0,0,0,0,1,0,-0.13448782693074293,1.2008365293318928,2
4177.0,143.33,1,3,0,0,1,0,0,0,0,0,-0.7926240846994398,2.9551604001990515,2
353.0,118.84,2,4,0,0,0,1,0,0,0,0,1.6663118408300075,-0.7776039039452609,0
5461.0,161.8,2,6,0,0,0,0,0,1,0,0,1.349733047610542,0.5489942449032271,0
280.0,146.44,1,1,1,0,0,0,0,0,0,0,-0.6926383642043865,0.9638835132242061,2
3131.0,119.0,2,6,0,0,0,0,0,1,0,0,1.4897952746654786,0.2732316049021514,0
1036.0,119.0,0,8,0,0,0,0,0,0,0,1,-2.2967656986290055,-1.208771598584519,3
356.0,138.64,1,4,0,0,0,1,0,0,0,0,-0.3822165820577955,0.7937610036954874,2
153.0,118.58,0,4,0,0,0,1,0,0,0,0,-1.7610059926878063,-1.540156176524212,3
475.0,63.0,0,3,0,0,1,0,0,0,0,0,-1.9746997411319882,0.22772668111958394,1
163.0,119.0,0,4,0,0,0,1,0,0,0,0,-1.7624110537750868,-1.5377566620391674,3
866.0,119.0,2,6,0,0,0,0,0,1,0,0,1.4844043641573463,0.21925545847310013,0
1407.0,119.07,0,3,0,0,1,0,0,0,0,0,-2.163234573738572,0.5384581619984569,1
281.0,118.34,2,6,0,0,0,0,0,1,0,0,1.4852573643853302,0.20191841357151366,0
283.0,43.66,1,8,0,0,0,0,0,0,0,1,-0.5956958559185013,0.6114603634455585,2
56.0,119.0,2,7,0,0,0,0,0,0,1,0,1.7006878694497731,-0.08636397501542624,0
697.0,141.31,1,4,0,0,0,1,0,0,0,0,-0.39048845032855684,0.815626329466479,2
126132.0,119.0,2,3,0,0,1,0,0,0,0,0,1.5615870103783507,4.2668088688189325,2
13.0,118.44,2,4,0,0,0,1,0,0,0,0,1.6668634301988157,-0.7877645780205291,0
1740.0,62.58,2,1,1,0,0,0,0,0,0,0,1.5773076127213306,-0.9022531924122628,0
6299.0,123.56,2,8,0,0,0,0,0,0,0,1,1.1279737200330378,-0.30343869595599166,0
15051.0,119.0,2,8,0,0,0,0,0,0,0,1,1.1643176524783763,-0.11833846999194823,0
5807.0,62.58,1,3,0,0,1,0,0,0,0,0,-0.5140288002398434,2.5784859632866657,2
2636.0,33.05,1,4,0,0,0,1,0,0,0,0,-0.017567255058344913,0.3047563229923315,2
5015.0,145.75,1,2,0,1,0,0,0,0,0,0,-0.4129398146408527,1.449026202525661,2
903.0,118.58,0,4,0,0,0,1,0,0,0,0,-1.7592209229831268,-1.5222832803556519,3
384.0,62.58,2,2,0,1,0,0,0,0,0,0,1.8401616000196732,-0.5587116925517162,0
24.0,119.0,0,5,0,0,0,0,1,0,0,0,-1.5177044047246973,-1.2889266393218635,3
13431.0,64.8,2,3,0,0,1,0,0,0,0,0,1.4777393971952029,1.3021856054769925,0
1176.0,119.0,0,1,1,0,0,0,0,0,0,0,-2.0437049058293546,-1.3818194496113594,3
65.0,184.44,2,3,0,0,1,0,0,0,0,0,1.0389055233574112,1.599302643850366,0
352.0,36.0,0,4,0,0,0,1,0,0,0,0,-1.4795908652949354,-1.9603487965669686,3
1002.0,174.0,0,4,0,0,0,1,0,0,0,0,-1.9475270389349475,-1.234747358016131,3
3597.0,143.99,1,3,0,0,1,0,0,0,0,0,-0.7962498932020259,2.944734879718808,2
936.0,118.97,0,7,0,0,0,0,0,0,1,0,-1.7248419357500533,-0.8219957577863093,3
131.0,143.99,1,4,0,0,0,1,0,0,0,0,-0.4009530834197171,0.8159288234995966,2
858.0,64.4,2,7,0,0,0,0,0,0,1,0,1.8883487661552099,-0.3482090877427988,0
599.0,119.0,0,3,0,0,1,0,0,0,0,0,-2.1649195451643006,0.5188428936590622,1
1854.0,30.6,2,4,0,0,0,1,0,0,0,0,1.9700814659311234,-1.195894043115187,0
4337.0,104.61,1,7,0,0,0,0,0,0,1,0,-0.22134234358025798,1.4110152117907124,2
334.0,14.25,2,2,0,1,0,0,0,0,0,0,2.0044637888630716,-0.808596649370531,0
1979.0,25.65,2,1,1,0,0,0,0,0,0,0,1.7035142508287697,-1.0865897339267767,0
1687.0,145.92,1,7,0,0,0,0,0,0,1,0,-0.36818837536748666,1.560434674298817,2
1425.0,62.58,2,2,0,1,0,0,0,0,0,0,1.8426392767697684,-0.5339041126697548,0
229.0,75.19,2,4,0,0,0,1,0,0,0,0,1.8145162974672,-1.005170274450111,0
373.0,36.0,2,7,0,0,0,0,0,0,1,0,1.98381270982619,-0.5059058019304602,0
210.0,72.57,2,3,0,0,1,0,0,0,0,0,1.4198382411326032,1.0271045620693626,0
274.0,62.58,2,2,0,1,0,0,0,0,0,0,1.8398997897963203,-0.5613330506564383,0
312.0,62.58,2,5,0,0,0,0,1,0,0,0,2.1026512081746658,-0.815937607912797,0
464.0,62.58,2,6,0,0,0,0,0,1,0,0,1.6753913643691338,-0.08064685011565483,0
120.0,62.58,2,8,0,0,0,0,0,0,0,1,1.320724282371112,-0.7644745231580478,0
717.0,142.0,1,7,0,0,0,0,0,0,1,0,-0.35716102002989486,1.5171477760280403,2
1060.0,62.58,2,4,0,0,0,1,0,0,0,0,1.859394035724476,-1.05025483894123,0
358.0,119.0,2,6,0,0,0,0,0,1,0,0,1.4831952769440435,0.2071495501349288,0
3012.0,34.2,2,7,0,0,0,0,0,0,1,0,1.9962174694509058,-0.4522793631001983,0
19415.0,202.72,0,4,0,0,0,1,0,0,0,0,-2.0014093331598786,-0.6481702982321276,3
356.0,62.58,2,7,0,0,0,0,0,0,1,0,1.8933456949051408,-0.369537252790409,0
474.0,144.53,1,7,0,0,0,0,0,0,1,0,-0.3663465752384745,1.5243756702481805,2
517.0,119.0,0,8,0,0,0,0,0,0,0,1,-2.298000966864644,-1.2211396427331627,3
1289.0,36.0,2,4,0,0,0,1,0,0,0,0,1.9503656303487145,-1.181571316097635,0
358.0,119.0,0,6,0,0,0,0,0,1,0,0,-1.9445310716152269,-0.5492987253878173,3
60.0,36.0,0,7,0,0,0,0,0,0,1,0,-1.4446586078231665,-1.269813032787552,3
2087.0,14.25,2,6,0,0,0,0,0,1,0,0,1.8436754487004372,-0.2906633332144684,0
520.0,156.0,2,7,0,0,0,0,0,0,1,0,1.5759162930094077,0.11508562937488395,0
3378.0,119.0,0,7,0,0,0,0,0,0,1,0,-1.7191318103642363,-0.7636472357755638,3
109.0,62.58,2,4,0,0,0,1,0,0,0,0,1.8571305673389424,-1.0729176712829642,0
1040.0,62.58,2,2,0,1,0,0,0,0,0,0,1.841722940988033,-0.5430788660362822,0
16.0,118.58,0,8,0,0,0,0,0,0,0,1,-2.2977645314106936,-1.2352399465765578,3
486.0,119.0,2,3,0,0,1,0,0,0,0,0,1.2625378528927977,1.2725983194924118,0
1399.0,84.96,2,4,0,0,0,1,0,0,0,0,1.7840629540566764,-0.9270147137811398,0
193.0,119.0,2,4,0,0,0,1,0,0,0,0,1.6653866975723706,-0.7805934706696787,0
391.0,118.57,0,4,0,0,0,1,0,0,0,0,-1.7604055100439815,-1.5345359681686936,3
220.0,121.0,2,1,1,0,0,0,0,0,0,0,1.3749419690383693,-0.6378616866771992,0
14.0,119.0,0,1,1,0,0,0,0,0,0,0,-2.046470573825138,-1.409510523408515,3
173.0,119.0,0,7,0,0,0,0,0,0,1,0,-1.726760008235567,-0.8400240787358769,3
156.0,138.63,0,7,0,0,0,0,0,0,1,0,-1.7935827588330464,-0.7394183961659202,3
1400.0,36.0,0,4,0,0,0,1,0,0,0,0,-1.4770965278942632,-1.9353744029874345,3
445.0,119.05,0,3,0,0,1,0,0,0,0,0,-2.1654561820980276,0.5154302791223079,1
41.0,118.79,0,3,0,0,1,0,0,0,0,0,-2.1655332060162444,0.5044648543082549,1
507.0,119.26,0,3,0,0,1,0,0,0,0,0,-2.166023047344112,0.5179883764736409,1
462.0,62.58,2,2,0,1,0,0,0,0,0,0,1.84034724726896,-0.5568529113501859,0
2165.0,119.0,0,7,0,0,0,0,0,0,1,0,-1.7220188630999382,-0.7925536665121816,3
298.0,62.58,2,7,0,0,0,0,0,0,1,0,1.8932076495146457,-0.37091942342744433,0
52.0,119.28,0,4,0,0,0,1,0,0,0,0,-1.7636278187691634,-1.5389610445369162,3
10842.0,62.68,0,6,0,0,0,0,0,1,0,0,-1.7279745849053165,-0.5892673301022664,3
1032.0,96.99,2,7,0,0,0,0,0,0,1,0,1.7778900139374676,-0.1763630331670344,0
2725.0,36.0,2,8,0,0,0,0,0,0,0,1,1.4173509778197753,-0.8391696652524546,0
609.0,118.89,2,2,0,1,0,0,0,0,0,0,1.6491275491238535,-0.2635934184404263,0
1749.0,121.46,2,1,1,0,0,0,0,0,0,0,1.3770161870294735,-0.5990577703708792,0
38.0,119.0,0,3,0,0,1,0,0,0,0,0,-2.166254777303401,0.5054739673249794,1
445.0,144.01,1,6,0,0,0,0,0,1,0,0,-0.5828579112484612,1.8073255077336339,2
1450.0,19.0,2,2,0,1,0,0,0,0,0,0,1.9909602235855115,-0.7575595329353183,0
458.0,119.0,2,3,0,0,1,0,0,0,0,0,1.2624712102904898,1.271931064702119,0
1784.0,62.58,2,3,0,0,1,0,0,0,0,0,1.457571011101859,1.0132079088857262,0
266.0,149.99,0,6,0,0,0,0,0,1,0,0,-2.0501796446818434,-0.39202476923525276,3
1496.0,138.0,2,1,1,0,0,0,0,0,0,0,1.3201440764780865,-0.5199764173111123,0
1371.0,62.58,2,6,0,0,0,0,0,1,0,0,1.6775501086653264,-0.059032561015809636,0
199.0,119.0,0,4,0,0,0,1,0,0,0,0,-1.7623253704292623,-1.5368987630230766,3
4401.0,143.2,2,1,1,0,0,0,0,0,0,0,1.3093675738801263,-0.4239909045931166,0
4281.0,65.9,2,2,0,1,0,0,0,0,0,0,1.838142008168605,-0.44876027988538714,0
1117.0,182.78,1,6,0,0,0,0,0,1,0,0,-0.7131560611419595,2.022839815063622,2
168.0,143.05,1,2,0,1,0,0,0,0,0,0,-0.41529058358318643,1.319626144488047,2
424.0,62.58,0,7,0,0,0,0,0,0,1,0,-1.5342188073342382,-1.1243650523938724,3
1116.0,153.08,0,3,0,0,1,0,0,0,0,0,-2.279630983610549,0.7065299663496473,1
1365.0,119.33,0,4,0,0,0,1,0,0,0,0,-1.7606728593605374,-1.507414274167967,3
400.0,62.58,2,7,0,0,0,0,0,0,1,0,1.893450418994482,-0.36848870954852014,0
21174.0,21.81,2,2,0,1,0,0,0,0,0,0,2.028345409423596,-0.2730666755164628,0
24.0,119.28,0,1,1,0,0,0,0,0,0,0,-2.0473993475735264,-1.4078314119910695,3
104.0,62.58,2,1,1,0,0,0,0,0,0,0,1.5734137806721895,-0.9412399365879485,0
914.0,119.0,2,6,0,0,0,0,0,1,0,0,1.4845186086184459,0.22039932382788796,0
453.0,141.57,2,8,0,0,0,0,0,0,0,1,1.052788732612254,-0.3500772550474434,0
1030.0,62.58,2,4,0,0,0,1,0,0,0,0,1.8593226329362889,-1.0509697547879726,0
1563.0,62.57,2,1,1,0,0,0,0,0,0,0,1.5769203567952328,-0.9065226532700144,0
1424.0,62.57,1,1,1,0,0,0,0,0,0,0,-0.4045854013609712,0.5595727426595293,2
975.0,146.13,2,7,0,0,0,0,0,0,1,0,1.6105774926888028,0.07514010345141252,0
1681.0,34.2,2,7,0,0,0,0,0,0,1,0,1.9930495657483347,-0.48399779616733607,0
385.0,142.33,1,7,0,0,0,0,0,0,1,0,-0.35907388818465,1.5109341336024793,2
3459.0,23.37,1,8,0,0,0,0,0,0,0,1,-0.5191090371272777,0.5827391336474669,2
12927.0,180.71,1,8,0,0,0,0,0,0,0,1,-1.0318532450416538,1.617996708136729,2
5993.0,34.2,2,2,0,1,0,0,0,0,0,0,1.9500617890159961,-0.5710822530138285,0
16008.0,141.27,1,8,0,0,0,0,0,0,0,1,-0.8903432312240985,1.488470729982134,2
580.0,62.56,2,1,1,0,0,0,0,0,0,0,1.5746147459598394,-0.9299995198769118,0
18.0,43.77,1,3,0,0,1,0,0,0,0,0,-0.4638145522344624,2.3437397375254814,2
220.0,43.2,1,7,0,0,0,0,0,0,1,0,-0.022221147059902104,0.9969052672233155,2
412.0,119.0,2,7,0,0,0,0,0,0,1,0,1.701535182536261,-0.07788030696741642,0
2853.0,62.58,2,4,0,0,0,1,0,0,0,0,1.86366154236513,-1.007526701834259,0
706.0,62.57,2,3,0,0,1,0,0,0,0,0,1.4550392914372061,0.987467142097478,0
674.0,62.58,2,4,0,0,0,1,0,0,0,0,1.858475319849801,-1.0594534228359824,0
1922.0,19.0,2,3,0,0,1,0,0,0,0,0,1.6061609084197737,0.7922453383095593,0
595.0,119.0,2,8,0,0,0,0,0,0,0,1,1.1299110289439132,-0.46283258600888627,0
659.0,119.0,2,3,0,0,1,0,0,0,0,0,1.262949608971344,1.276721000875293,0
398.0,119.0,0,3,0,0,1,0,0,0,0,0,-2.165397943845155,0.5140529574858882,1
1365.0,48.6,0,8,0,0,0,0,0,0,0,1,-2.0564781576375983,-1.563191183076944,3
172.0,119.0,0,2,0,1,0,0,0,0,0,0,-1.7800131258162823,-1.0298896038157017,3
8647.0,287.68,1,2,0,1,0,0,0,0,0,0,-0.887148617148243,2.2659130194974373,2
206.0,164.0,2,7,0,0,0,0,0,0,1,0,1.5479525244611219,0.1487687330894006,0
325.0,62.58,2,7,0,0,0,0,0,0,1,0,1.8932719120240142,-0.3702759991653762,0
168.0,118.97,0,1,1,0,0,0,0,0,0,0,-2.046001977939824,-1.405994994147818,3
2395.0,118.78,0,3,0,0,1,0,0,0,0,0,-2.1598964467122834,0.5605104603873371,1
2867.0,74.47,1,8,0,0,0,0,0,0,0,1,-0.6943629308431029,0.8315785806120607,2
363.0,74.47,1,7,0,0,0,0,0,0,1,0,-0.128262972963503,1.1612202036438934,2
185.0,138.01,0,7,0,0,0,0,0,0,1,0,-1.791404463636991,-0.7419176672896268,3
7.0,19.0,2,3,0,0,1,0,0,0,0,0,1.6016030304404918,0.7466098767591695,0
975.0,62.58,2,7,0,0,0,0,0,0,1,0,1.8948189724347364,-0.3547861558192908,0
238.0,119.0,0,2,0,1,0,0,0,0,0,0,-1.7798560396822705,-1.0283167889528684,3
652.0,142.56,2,1,1,0,0,0,0,0,0,0,1.302621918998889,-0.5166248260738588,0
1122.0,119.0,0,4,0,0,0,1,0,0,0,0,-1.7601285446460366,-1.5149031854716353,3
482.0,118.42,1,8,0,0,0,0,0,0,0,1,-0.8495596563918807,1.0008978766601622,2
8.0,130.0,0,1,1,0,0,0,0,0,0,0,-2.0839074310100076,-1.3530504084093686,3
319.0,62.57,2,1,1,0,0,0,0,0,0,0,1.5739595211784043,-0.9361678303815992,0
121.0,62.58,2,4,0,0,0,1,0,0,0,0,1.8571591284542173,-1.0726317049442673,0
11725.0,119.0,2,2,0,1,0,0,0,0,0,0,1.6752104364738714,0.0018727642875427152,0
185.0,118.62,1,8,0,0,0,0,0,0,0,1,-0.8509469544790653,0.9948493570168395,2
9481.0,143.93,1,8,0,0,0,0,0,0,0,1,-0.9149275572796386,1.3466165305435938,2
785.0,19.0,2,7,0,0,0,0,0,0,1,0,2.0426281992684716,-0.5835651396531748,0
194.0,172.71,0,1,1,0,0,0,0,0,0,0,-2.228766392609529,-1.128843537179892,3
5255.0,118.79,0,3,0,0,1,0,0,0,0,0,-2.153123401429312,0.628717228472084,2
216.0,62.58,2,4,0,0,0,1,0,0,0,0,1.8573852372834767,-1.0703678047629164,0
1153.0,119.0,2,3,0,0,1,0,0,0,0,0,1.2641253748834929,1.288493281818318,0
1136.0,91.5,2,1,1,0,0,0,0,0,0,0,1.477482680580414,-0.76783214063884,0
2722.0,34.2,2,7,0,0,0,0,0,0,1,0,1.9955272424984298,-0.4591902162853749,0
1385.0,62.58,2,7,0,0,0,0,0,0,1,0,1.8957948105399614,-0.3450156392471447,0
1729.0,62.58,2,2,0,1,0,0,0,0,0,0,1.8433628250233984,-0.5266596320894318,0
201.0,119.0,2,8,0,0,0,0,0,0,0,1,1.1289732723257215,-0.4722218141294365,0
988.0,96.99,2,7,0,0,0,0,0,0,1,0,1.7777852898481266,-0.17741157640892324,0
909.0,240.0,1,7,0,0,0,0,0,0,1,0,-0.6901051794099314,2.026005384766509,2
704.0,68.36,2,4,0,0,0,1,0,0,0,0,1.8388828596465878,-1.0289961517697945,0
1472.0,174.79,0,2,0,1,0,0,0,0,0,0,-1.9667195095433194,-0.71182929468532,3
1414.0,119.0,0,1,1,0,0,0,0,0,0,0,-2.043138443709736,-1.3761477838938696,3
1844.0,78.87,2,7,0,0,0,0,0,0,1,0,1.8414678392667145,-0.2502533841406423,0
2349.0,63.63,2,4,0,0,0,1,0,0,0,0,1.8588898204818949,-1.0141342650525387,0
1735.0,62.58,2,2,0,1,0,0,0,0,0,0,1.843377105581036,-0.5265166489200833,0
186.0,149.99,0,7,0,0,0,0,0,0,1,0,-1.8321586715435283,-0.6802479171197141,3
82.0,118.93,0,5,0,0,0,0,1,0,0,0,-1.517328215664756,-1.2879046702186276,3
1132.0,113.04,1,7,0,0,0,0,0,0,1,0,-0.2576498433577312,1.378016924972255,2
848.0,91.5,2,1,1,0,0,0,0,0,0,0,1.476797213813817,-0.7746953327675671,0
885.0,50.18,1,1,1,0,0,0,0,0,0,0,-0.36371684196345455,0.4829724164638772,2
1314.0,36.0,2,6,0,0,0,0,0,1,0,0,1.7678409967088469,-0.19716456924449213,0
1197.0,142.69,1,5,0,0,0,0,1,0,0,0,-0.14895575423028787,1.0867851756714435,2
5361.0,125.3,1,3,0,0,1,0,0,0,0,0,-0.728467049514531,2.8905981219827916,2
173.0,62.58,2,3,0,0,1,0,0,0,0,0,1.4537366813762074,0.9748169279156592,0
437.0,143.95,1,3,0,0,1,0,0,0,0,0,-0.8036349047942493,2.869224581080723,2
626.0,143.25,1,7,0,0,0,0,0,0,1,0,-0.36163017401321784,1.5214113682060082,2
415.0,19.0,2,7,0,0,0,0,0,0,1,0,2.0417475648808296,-0.592382435096331,0
479.0,119.0,0,3,0,0,1,0,0,0,0,0,-2.1652051563170494,0.5159832302720925,1
1064.0,119.0,2,8,0,0,0,0,0,0,0,1,1.1310272925325726,-0.4516560682714801,0
70.0,119.0,0,8,0,0,0,0,0,0,0,1,-2.299064868408633,-1.2317918888496244,3
3957.0,118.58,0,6,0,0,0,0,0,1,0,0,-1.9345362551090286,-0.46569386350975117,3
899.0,119.0,2,2,0,1,0,0,0,0,0,0,1.6494435503100573,-0.2561165342735648,0
1078.0,62.58,2,2,0,1,0,0,0,0,0,0,1.8418133845197366,-0.5421733059637419,0
4936.0,119.24,0,2,0,1,0,0,0,0,0,0,-1.7694908556331157,-0.915125990665696,3
844.0,174.0,0,5,0,0,0,0,1,0,0,0,-1.7028656116504102,-0.9863701153350972,3
197.0,97.0,0,8,0,0,0,0,0,0,0,1,-2.223917443350842,-1.3419716081020712,3
141.0,119.0,0,4,0,0,0,1,0,0,0,0,-1.7624634158197574,-1.5382809336601118,3
1231.0,119.0,0,7,0,0,0,0,0,0,1,0,-1.724241869905499,-0.8148113798740949,3
2303.0,62.58,2,7,0,0,0,0,0,0,1,0,1.897979735858489,-0.32313921433682724,0
3104.0,50.32,2,7,0,0,0,0,0,0,1,0,1.9415953529803476,-0.3671376870056911,0
748.0,64.8,0,7,0,0,0,0,0,0,1,0,-1.5410002135956764,-1.1052204268914128,3
2865.0,64.8,2,1,1,0,0,0,0,0,0,0,1.57243266090449,-0.8640203138017812,0
1428.0,36.0,0,8,0,0,0,0,0,0,0,1,-2.013462351282121,-1.6265261358826972,3
2574.0,62.58,2,7,0,0,0,0,0,0,1,0,1.8986247410451131,-0.31668114118792096,0
198.0,19.0,2,3,0,0,1,0,0,0,0,0,1.6020576281919503,0.751161507650096,0
3541.0,93.56,0,2,0,1,0,0,0,0,0,0,-1.6854463791213352,-1.0805120830816672,3
238.0,19.0,2,1,1,0,0,0,0,0,0,0,1.721994157618346,-1.1622978292770143,0
4032.0,64.8,2,4,0,0,0,1,0,0,0,0,1.8589151155670265,-0.9680069746996413,0
213.0,62.58,2,7,0,0,0,0,0,0,1,0,1.893005341614782,-0.37294501832654775,0
467.0,34.2,2,3,0,0,1,0,0,0,0,0,1.5509866763987015,0.8357871099390184,0
286.0,141.19,1,3,0,0,1,0,0,0,0,0,-0.7946046341471101,2.8514239394146914,2
855.0,119.0,0,3,0,0,1,0,0,0,0,0,-2.16431024137177,0.5249435088845974,1
388.0,62.58,2,3,0,0,1,0,0,0,0,0,1.4542484013582155,0.9799404914839799,0
60.0,119.36,0,2,0,1,0,0,0,0,0,0,-1.7815044350969511,-1.0307061579459045,3
358.0,142.82,2,3,0,0,1,0,0,0,0,0,1.1811963123364708,1.392119448095421,0
1765.0,119.0,2,7,0,0,0,0,0,0,1,0,1.704755448283503,-0.04563760227933419,0
1906.0,62.58,2,1,1,0,0,0,0,0,0,0,1.5777027081492996,-0.898297324726955,0
1533.0,141.64,1,1,1,0,0,0,0,0,0,0,-0.6733262561319459,0.9690436313435614,2
3859.0,35.91,2,1,1,0,0,0,0,0,0,0,1.6730837677192205,-0.9889930874816388,0
42.0,143.28,1,8,0,0,0,0,0,0,0,1,-0.935181920462838,1.1183354461020718,2
,348.0,2,1,1,0,0,0,0,0,0,0,0.6021524491024118,0.5249777138632029,2
84.0,149.51,1,7,0,0,0,0,0,0,1,0,-0.3842170325397822,1.5407075305022662,2
1005.0,62.58,2,8,0,0,0,0,0,0,0,1,1.322830664622634,-0.7433845056791469,0
1461.0,62.58,2,1,1,0,0,0,0,0,0,0,1.5766435667911898,-0.908901909786967,0
303.0,246.0,2,8,0,0,0,0,0,0,0,1,0.6971553843820559,0.18371739678574542,2
415.0,119.0,0,3,0,0,1,0,0,0,0,0,-2.165357482265182,0.5144580764657088,1
12.0,143.0,0,1,1,0,0,0,0,0,0,0,-2.128124592106797,-1.2860605157337033,3
817.0,119.0,0,8,0,0,0,0,0,0,0,1,-2.297286938982772,-1.2139904842657387,3
1135.0,80.3,2,7,0,0,0,0,0,0,1,0,1.8349154184110172,-0.2597908258900834,0
458.0,43.4,1,8,0,0,0,0,0,0,0,1,-0.5943948060247051,0.6142928144736339,2
12279.0,78.88,2,3,0,0,1,0,0,0,0,0,1.4270966320459575,1.3471848026177575,0
599.0,64.8,0,8,0,0,0,0,0,0,0,1,-2.1134145580439627,-1.4980844413034986,3
2366.0,119.0,0,4,0,0,0,1,0,0,0,0,-1.7571677090292082,-1.4852580083600504,3
1784.0,62.58,2,2,0,1,0,0,0,0,0,0,1.843493730135075,-0.5253489530370707,0
1253.0,62.58,2,4,0,0,0,1,0,0,0,0,1.8598533936618136,-1.045655546993854,0
393.0,119.01,1,1,1,0,0,0,0,0,0,0,-0.5990511158035797,0.8254288190261652,2
433.0,119.0,2,4,0,0,0,1,0,0,0,0,1.665957919877868,-0.7748741438957394,0
1964.0,166.35,1,2,0,1,0,0,0,0,0,0,-0.49028375806503344,1.482321426572958,2
2108.0,119.37,0,7,0,0,0,0,0,0,1,0,-1.7234132877931372,-0.7920080842280518,3
830.0,119.0,2,1,1,0,0,0,0,0,0,0,1.3831979305728235,-0.6336165368543756,0
226.0,72.57,2,8,0,0,0,0,0,0,0,1,1.2869900685403384,-0.7105425825568371,0
29768.0,44.65,2,2,0,1,0,0,0,0,0,0,1.9710970508584666,0.04926149878959372,0
208.0,142.27,1,4,0,0,0,1,0,0,0,0,-0.3949182860998391,0.8089131079138283,2
251.0,62.57,2,6,0,0,0,0,0,1,0,0,1.6749184250972116,-0.08577420998949721,0
379.0,19.0,2,3,0,0,1,0,0,0,0,0,1.602488425014013,0.7554748332587752,0
996.0,36.0,2,8,0,0,0,0,0,0,0,1,1.413235797127254,-0.8803726485530416,0
252.0,62.58,2,4,0,0,0,1,0,0,0,0,1.8574709206293012,-1.0695099057468256,0
34.0,118.82,0,4,0,0,0,1,0,0,0,0,-1.7621057163285734,-1.5417570326956442,3
1.0,119.0,0,6,0,0,0,0,0,1,0,0,-1.9453807647946544,-0.5578062239640519,3
6063.0,34.21,2,4,0,0,0,1,0,0,0,0,1.9678178678752114,-1.0770152421455677,0
409.0,62.58,2,2,0,1,0,0,0,0,0,0,1.8402211023431625,-0.5581159293460976,0
512.0,119.0,2,7,0,0,0,0,0,0,1,0,1.7017731918302184,-0.07549725414494175,0
255.0,174.0,0,7,0,0,0,0,0,0,1,0,-1.9136777237506843,-0.555054484578974,3
1503.0,118.71,0,7,0,0,0,0,0,0,1,0,-1.7226078894239445,-0.8098217396941334,3
645.0,19.0,2,6,0,0,0,0,0,1,0,0,1.8240836056834502,-0.30058470797815773,0
171.0,118.84,0,1,1,0,0,0,0,0,0,0,-2.04555257084632,-1.4065924482687715,3
812.0,119.0,0,3,0,0,1,0,0,0,0,0,-2.1644125853681717,0.5239187961709332,1
334.0,25.2,2,4,0,0,0,1,0,0,0,0,1.9848348077345235,-1.2599034214813358,0
112.0,119.34,2,3,0,0,1,0,0,0,0,0,1.260491000310374,1.2654352522433827,0
208.0,119.0,2,5,0,0,0,0,1,0,0,0,1.910459880935454,-0.5280935466057637,0
654.0,142.14,1,3,0,0,1,0,0,0,0,0,-0.7969607097449719,2.8650820231886773,2
1.0,174.11,2,3,0,0,1,0,0,0,0,0,1.0738963989146704,1.5446220351275686,0
484.0,142.82,2,2,0,1,0,0,0,0,0,0,1.567418923080073,-0.14343476727105792,0
499.0,144.25,1,2,0,1,0,0,0,0,0,0,-0.41858523572497686,1.3336889327670014,2
3499.0,19.0,2,7,0,0,0,0,0,0,1,0,2.0490877715064717,-0.5188890860512122,0
4.0,118.4,0,3,0,0,1,0,0,0,0,0,-2.164294469010952,0.5015762876470563,1
1111.0,14.25,2,4,0,0,0,1,0,0,0,0,2.023936613954771,-1.2977329124093455,0
528.0,62.58,2,5,0,0,0,0,1,0,0,0,2.103165308249613,-0.8107902138162517,0
7548.0,34.2,2,7,0,0,0,0,0,0,1,0,2.0070135710248076,-0.3441840870727474,0
399.0,119.0,2,4,0,0,0,1,0,0,0,0,1.6658769967179226,-0.7756843818553808,0
4249.0,119.25,0,3,0,0,1,0,0,0,0,0,-2.157082719040025,0.6071107557286713,2
1191.0,151.22,2,2,0,1,0,0,0,0,0,0,1.540524408454828,-0.08336239976022054,0
110.0,119.0,2,3,0,0,1,0,0,0,0,0,1.2616429379475185,1.263638040879907,0
694.0,62.58,2,1,1,0,0,0,0,0,0,0,1.5748180355065375,-0.9271799249353478,0
574.0,62.58,2,7,0,0,0,0,0,0,1,0,1.8938645551659679,-0.3643421976374142,0
3160.0,134.88,0,4,0,0,0,1,0,0,0,0,-1.8093025076752285,-1.3846222781390836,3
207.0,62.58,2,7,0,0,0,0,0,0,1,0,1.8929910610571445,-0.37308800149589627,0
249.0,62.58,2,3,0,0,1,0,0,0,0,0,1.4539175684396148,0.97662804806074,0
1871.0,62.58,2,6,0,0,0,0,0,1,0,0,1.6787401551351127,-0.04711729690343624,0
416.0,138.65,0,1,1,0,0,0,0,0,0,0,-2.1123641065293497,-1.2988169347884466,3
153.0,149.16,1,6,0,0,0,0,0,1,0,0,-0.6010734683532025,1.8268675349072576,2
1496.0,143.71,1,4,0,0,0,1,0,0,0,0,-0.39675168187941623,0.8470166883911777,2
286.0,118.97,2,4,0,0,0,1,0,0,0,0,1.6657101077883705,-0.7785316036306913,0
92.0,119.34,0,4,0,0,0,1,0,0,0,0,-1.76373673819682,-1.5376990792360983,3
88.0,119.0,0,3,0,0,1,0,0,0,0,0,-2.1661357726564225,0.5066654937362166,1
1417.0,218.0,0,4,0,0,0,1,0,0,0,0,-2.0962296068739543,-0.9984452961288819,3
253.0,142.29,1,7,0,0,0,0,0,0,1,0,-0.35925197835584727,1.5075826744289271,2
1227.0,119.0,0,7,0,0,0,0,0,0,1,0,-1.7242513902772574,-0.814906701986994,3
134.0,62.58,2,7,0,0,0,0,0,0,1,0,1.8928173142725557,-0.37482763005630276,0
3.0,119.0,0,3,0,0,1,0,0,0,0,0,-2.166338080556286,0.5046398988371131,1
3038.0,27.0,0,8,0,0,0,0,0,0,0,1,-1.9790119298634916,-1.634470611215078,3
2730.0,62.57,2,4,0,0,0,1,0,0,0,0,1.863402811457769,-1.0105093141678743,0
109.0,119.34,0,4,0,0,0,1,0,0,0,0,-1.7636962766168474,-1.5372939602562774,3
1399.0,62.58,2,7,0,0,0,0,0,0,1,0,1.8958281318411152,-0.3446820118519982,0
254.0,119.42,2,1,1,0,0,0,0,0,0,0,1.3803981350229535,-0.6451817119090326,0
278.0,181.39,1,1,1,0,0,0,0,0,0,0,-0.8115448564922451,1.143679332257656,2
30.0,1.0,2,8,0,0,0,0,0,0,0,1,1.530008462070639,-1.0834937057179028,0
618.0,119.0,2,6,0,0,0,0,0,1,0,0,1.4838141011083323,0.21334548747336296,0
1230.0,172.78,0,3,0,0,1,0,0,0,0,0,-2.3463800857023904,0.8106176496508454,1
42.0,62.57,2,3,0,0,1,0,0,0,0,0,1.4534589097253299,0.9716436713562461,0
27485.0,179.82,0,1,1,0,0,0,0,0,0,0,-2.187999868906525,-0.44189840703669436,3
146.0,156.0,2,3,0,0,1,0,0,0,0,0,1.1358526817290158,1.4548881791900257,0
105.0,119.0,2,6,0,0,0,0,0,1,0,0,1.4825931134303316,0.2011204264940679,0
780.0,119.0,0,3,0,0,1,0,0,0,0,0,-2.164488748342238,0.5231562192677414,1
2892.0,120.39,0,1,1,0,0,0,0,0,0,0,-2.044349519209762,-1.3337736898636752,3
6013.0,119.15,0,4,0,0,0,1,0,0,0,0,-1.7489978179416852,-1.3975762114948287,3
248.0,144.39,1,6,0,0,0,0,0,1,0,0,-0.5846195694774069,1.8045862734282703,2
411.0,118.58,2,4,0,0,0,1,0,0,0,0,1.6673344198498736,-0.7775596247194809,0
10.0,141.87,1,4,0,0,0,1,0,0,0,0,-0.39402872353361146,0.8021363688464741,2
47.0,119.0,0,8,0,0,0,0,0,0,0,1,-2.299119610546243,-1.2323399909987938,3
1777.0,217.23,0,6,0,0,0,0,0,1,0,0,-2.275337329015159,-0.010017539192243591,3
462.0,146.68,2,3,0,0,1,0,0,0,0,0,1.1683119196584484,1.4144603647517393,0
859.0,62.58,2,4,0,0,0,1,0,0,0,0,1.858915637043622,-1.0550447751144043,0
7870.0,28.5,2,7,0,0,0,0,0,0,1,0,2.027171659749098,-0.3658413533080535,0
93.0,119.0,0,3,0,0,1,0,0,0,0,0,-2.1661238721917244,0.5067846463773403,1
723.0,119.0,2,3,0,0,1,0,0,0,0,0,1.2631019349194765,1.2782461546816768,0
348.0,49.74,1,1,1,0,0,0,0,0,0,0,-0.36349804880691583,0.46791129888044863,2
4.0,62.58,2,1,1,0,0,0,0,0,0,0,1.5731757713782324,-0.9436229894104231,0
253.0,119.0,2,3,0,0,1,0,0,0,0,0,1.2619832912378774,1.267045806416046,0
1040.0,142.8,1,7,0,0,0,0,0,0,1,0,-0.35911389194693893,1.5289616256023422,2
878.0,141.55,1,3,0,0,1,0,0,0,0,0,-0.7944203579983198,2.8673840771547106,2
3.0,119.0,2,7,0,0,0,0,0,0,1,0,1.700561724523976,-0.08762699301133782,0
30.0,0.0,2,2,0,1,0,0,0,0,0,0,2.0522194876038107,-0.8891678707600403,0
1915.0,36.0,2,7,0,0,0,0,0,0,1,0,1.9874828131390112,-0.46915912740790083,0
2655.0,25.65,2,1,1,0,0,0,0,0,0,0,1.7051231936559208,-1.0704802968468479,0
2099.0,142.21,1,7,0,0,0,0,0,0,1,0,-0.3545861625957435,1.5511621706360388,2
43.0,184.44,2,1,1,0,0,0,0,0,0,0,1.1586944870215534,-0.3156341858266787,0
224.0,119.0,0,4,0,0,0,1,0,0,0,0,-1.7622658681057728,-1.5363029998174578,3
28.0,75.2,2,2,0,1,0,0,0,0,0,0,1.7963803853844877,-0.502256169791871,0
7587.0,91.8,2,7,0,0,0,0,0,0,1,0,1.8111481752195793,-0.04686029151695519,0
1395.0,62.58,2,7,0,0,0,0,0,0,1,0,1.895818611469357,-0.3447773339648972,0
985.0,19.0,2,7,0,0,0,0,0,0,1,0,2.043104217856386,-0.5787990340082254,0
592.0,184.44,0,1,1,0,0,0,0,0,0,0,-2.2677251905138913,-1.0589995013540388,3
,119.0,0,3,0,0,1,0,0,0,0,0,-2.1663452208351046,0.5045684072524389,1
384.0,118.61,0,3,0,0,1,0,0,0,0,0,-2.1641044647022523,0.5117124929738587,1
8.0,62.58,2,6,0,0,0,0,0,1,0,0,1.6743060419886888,-0.09151357098613934,0
232.0,27.0,2,1,1,0,0,0,0,0,0,0,1.6947634576954484,-1.1212749228692758,0
426.0,119.0,2,3,0,0,1,0,0,0,0,0,1.2623950473164234,1.271168487798927,0
706.0,149.99,0,2,0,1,0,0,0,0,0,0,-1.8841717607027262,-0.8576977369944458,3
6643.0,118.86,2,4,0,0,0,1,0,0,0,0,1.6812145843715065,-0.6276069666876617,0
835.0,118.97,0,3,0,0,1,0,0,0,0,0,-2.1642557816579417,0.5243125262341882,1
15.0,119.0,0,7,0,0,0,0,0,0,1,0,-1.7271360629200194,-0.843789302195387,3
178.0,51.0,2,3,0,0,1,0,0,0,0,0,1.493144348872119,0.9153484553939495,0
295.0,62.58,2,4,0,0,0,1,0,0,0,0,1.8575732646257028,-1.0684851930331614,0
291.0,62.58,2,6,0,0,0,0,0,1,0,0,1.674979608290588,-0.08476953149853601,0
4033.0,64.8,0,1,1,0,0,0,0,0,0,0,-1.852513739101359,-1.5926345323580233,3
531.0,119.0,0,4,0,0,0,1,0,0,0,0,-1.761535179573324,-1.5289870276524606,3
1207.0,119.0,2,3,0,0,1,0,0,0,0,0,1.2642538999022297,1.289780130342454,0
921.0,119.0,0,1,1,0,0,0,0,0,0,0,-2.0443118295289455,-1.3878962343086698,3
562.0,62.58,2,4,0,0,0,1,0,0,0,0,1.8582087494405688,-1.062122441997154,0
389.0,62.58,2,2,0,1,0,0,0,0,0,0,1.8401735004843711,-0.5585925399105924,0
1.0,63.63,0,1,1,0,0,0,0,0,0,0,-1.858129872501547,-1.6947397335108507,3
346.0,141.17,2,2,0,1,0,0,0,0,0,0,1.572703856748497,-0.1552138448913472,0
402.0,119.0,0,3,0,0,1,0,0,0,0,0,-2.1653884234733964,0.5141482795987872,1
41.0,118.43,0,1,1,0,0,0,0,0,0,0,-2.044467141435995,-1.4118001687788142,3
257.0,42.96,1,1,1,0,0,0,0,0,0,0,-0.34064872185235906,0.43085462939541525,2
615.0,119.02,2,1,1,0,0,0,0,0,0,0,1.3826181695424022,-0.6386371856987534,0
40.0,119.0,0,3,0,0,1,0,0,0,0,0,-2.166250017117522,0.5055216283814289,1
696.0,36.0,0,3,0,0,1,0,0,0,0,0,-1.8823183252345903,0.09405835053458389,1
478.0,119.0,0,3,0,0,1,0,0,0,0,0,-2.165207536409989,0.5159593997438677,1
26.0,97.12,2,3,0,0,1,0,0,0,0,0,1.3358799171045803,1.1490475685156951,0
23.0,119.0,0,8,0,0,0,0,0,0,0,1,-2.2991767327767927,-1.2329119236761876,3
8262.0,62.58,2,1,1,0,0,0,0,0,0,0,1.5928305788732238,-0.7468304873304651,0
1.0,62.58,2,1,1,0,0,0,0,0,0,0,1.5731686310994135,-0.9436944809950973,0
345.0,138.0,2,1,1,0,0,0,0,0,0,0,1.3174045895046385,-0.5474053552977959,0
66.0,119.0,2,8,0,0,0,0,0,0,0,1,1.128651959778879,-0.4754389354397773,0
158.0,197.87,2,7,0,0,0,0,0,0,1,0,1.4326107645123531,0.32191095273160547,0
628.0,62.58,2,2,0,1,0,0,0,0,0,0,1.840742342696929,-0.552897043664878,0
512.0,27.0,2,4,0,0,0,1,0,0,0,0,1.979134769920584,-1.2463992623024862,0
472.0,141.64,1,3,0,0,1,0,0,0,0,0,-0.7956928604496454,2.8581719989532055,2
222.0,119.0,0,1,1,0,0,0,0,0,0,0,-2.0459755144937066,-1.4045537735377678,3
382.0,62.58,2,2,0,1,0,0,0,0,0,0,1.840156839833794,-0.5587593536081656,0
2034.0,62.58,2,3,0,0,1,0,0,0,0,0,1.4581660343367522,1.019165540941913,0
2032.0,141.64,2,6,0,0,0,0,0,1,0,0,1.4101570857212025,0.3635413218863112,0
920.0,62.58,2,6,0,0,0,0,0,1,0,0,1.676476686749579,-0.06978012924517037,0
41.0,118.76,0,1,1,0,0,0,0,0,0,0,-2.0455898187348116,-1.4101020758337595,3
388.0,62.58,2,7,0,0,0,0,0,0,1,0,1.8934218578792072,-0.36877467588721713,0
435.0,119.0,0,3,0,0,1,0,0,0,0,0,-2.1653098804063906,0.5149346870302037,1
582.0,48.6,0,7,0,0,0,0,0,0,1,0,-1.486282059808994,-1.1925372209703222,3
183.0,119.0,0,4,0,0,0,1,0,0,0,0,-1.7623634519162954,-1.5372800514746725,3
152.0,119.3,0,4,0,0,0,1,0,0,0,0,-1.7634578505236194,-1.536475076990499,3
1233.0,119.0,2,6,0,0,0,0,0,1,0,0,1.4852778582661694,0.2280012623315822,0
74.0,119.0,2,7,0,0,0,0,0,0,1,0,1.7007307111226855,-0.08593502550738079,0
323.0,119.0,0,4,0,0,0,1,0,0,0,0,-1.7620302389047553,-1.5339437775232079,3
99.0,96.44,1,1,1,0,0,0,0,0,0,0,-0.5229665399935745,0.7022833777587327,2
363.0,119.0,2,2,0,1,0,0,0,0,0,0,1.6481678204944463,-0.26888969740202895,0
1038.0,142.94,1,3,0,0,1,0,0,0,0,0,-0.798768395992702,2.8783495349846886,2
3.0,199.49,0,1,1,0,0,0,0,0,0,0,-2.320327954186195,-0.9955923527115194,3
841.0,62.58,2,4,0,0,0,1,0,0,0,0,1.8588727953707096,-1.0554737246224497,0
294.0,146.87,2,1,1,0,0,0,0,0,0,0,1.287106999793488,-0.5029780321686624,0
2184.0,62.58,2,8,0,0,0,0,0,0,0,1,1.3256367941983902,-0.7152883129021707,0
1823.0,62.58,2,1,1,0,0,0,0,0,0,0,1.577505160435315,-0.9002752585696088,0
174.0,62.58,2,3,0,0,1,0,0,0,0,0,1.453739061469147,0.974840758443884,0
465.0,119.0,0,3,0,0,1,0,0,0,0,0,-2.1652384776182036,0.5156496028769461,1
296.0,62.58,2,1,1,0,0,0,0,0,0,0,1.5738707585165874,-0.9366644751687971,0
882.0,119.0,2,4,0,0,0,1,0,0,0,0,1.667026581607736,-0.7641742367228281,0
2213.0,185.99,2,7,0,0,0,0,0,0,1,0,1.477918238260586,0.30975134221148554,0
512.0,62.58,2,8,0,0,0,0,0,0,0,1,1.3216572788034247,-0.755132956093947,0
4573.0,179.7,1,7,0,0,0,0,0,0,1,0,-0.47624075791369,1.8030325474946864,2
4583.0,119.05,2,6,0,0,0,0,0,1,0,0,1.4930810669927053,0.30809081869434035,0
173.0,118.49,0,4,0,0,0,1,0,0,0,0,-1.7606522061111558,-1.5401426822174593,3
1199.0,72.57,2,4,0,0,0,1,0,0,0,0,1.8257383649607082,-0.9955364909086029,0
367.0,150.68,2,2,0,1,0,0,0,0,0,0,1.5404003201797751,-0.10577745256386507,0
360.0,62.58,2,5,0,0,0,0,1,0,0,0,2.102765452635765,-0.8147937425580092,0
55.0,142.52,1,3,0,0,1,0,0,0,0,0,-0.7996791653356259,2.8527629165369657,2
222.0,62.58,2,5,0,0,0,0,1,0,0,0,2.102436999810104,-0.8180823554530242,0
516.0,164.0,2,8,0,0,0,0,0,0,0,1,0.9766306426720996,-0.23315706886752638,0
49.0,119.34,0,1,1,0,0,0,0,0,0,0,-2.0475439683952765,-1.4069269046136226,3
31.0,119.0,0,1,1,0,0,0,0,0,0,0,-2.046430112245165,-1.4091054044286944,3
449.0,215.76,0,7,0,0,0,0,0,0,1,0,-2.0552856948070644,-0.3355454185109786,3
70.0,141.16,2,2,0,1,0,0,0,0,0,0,1.5720809716213815,-0.1618425280433486,0
160.0,62.58,2,6,0,0,0,0,0,1,0,0,1.6746678161155037,-0.08789133069597783,0
1.0,62.58,0,4,0,0,0,1,0,0,0,0,-1.5708528312578014,-1.831939643853983,3
1102.0,119.0,0,1,1,0,0,0,0,0,0,0,-2.043881032706883,-1.3835829086999907,3
121.0,119.0,0,3,0,0,1,0,0,0,0,0,-2.1660572295894163,0.5074519011676332,1
719.0,119.0,2,3,0,0,1,0,0,0,0,0,1.2630924145477183,1.2781508325687778,0
2441.0,27.0,2,7,0,0,0,0,0,0,1,0,2.019353213811144,-0.502935895335907,0
183.0,62.58,2,4,0,0,0,1,0,0,0,0,1.8573066942164707,-1.071154212194333,0
4592.0,62.57,2,4,0,0,0,1,0,0,0,0,1.8678345445112534,-0.9661368706133961,0
1342.0,62.58,2,3,0,0,1,0,0,0,0,0,1.456519010022568,1.0026748154103882,0
1294.0,148.9,1,8,0,0,0,0,0,0,0,1,-0.9513215787065881,1.1770903048673582,2
94.0,119.0,2,4,0,0,0,1,0,0,0,0,1.6651510683713528,-0.7829526929639286,0
524.0,146.86,1,3,0,0,1,0,0,0,0,0,-0.8133278092526198,2.8862719293699417,2
477.0,118.77,0,1,1,0,0,0,0,0,0,0,-2.0445861187373646,-1.3996605081657987,3
967.0,119.0,1,8,0,0,0,0,0,0,0,1,-0.8503785017201693,1.0154402098435031,2
131.0,119.0,2,3,0,0,1,0,0,0,0,0,1.2616929198992495,1.2641384819726267,0
1143.0,62.58,2,1,1,0,0,0,0,0,0,0,1.5758866972364056,-0.9164800177624366,0
43.0,62.58,2,6,0,0,0,0,0,1,0,0,1.6743893452415737,-0.09067950249827318,0
1972.0,119.0,2,3,0,0,1,0,0,0,0,0,1.266074671001003,1.3080104844343854,0
375.0,119.0,0,1,1,0,0,0,0,0,0,0,-2.045611360273952,-1.4009077027193815,3
264.0,119.0,2,3,0,0,1,0,0,0,0,0,1.2620094722602127,1.267307942226518,0
161.0,119.0,2,2,0,1,0,0,0,0,0,0,1.6476870417206526,-0.2737034641034278,0
1409.0,119.0,0,3,0,0,1,0,0,0,0,0,-2.162991669883247,0.5381456215211068,1
187.0,118.58,0,3,0,0,1,0,0,0,0,0,-2.1644712814387286,0.5068635068276696,1
31.0,119.0,2,3,0,0,1,0,0,0,0,0,1.2614549106052921,1.261755429150152,0
982.0,119.0,2,4,0,0,0,1,0,0,0,0,1.6672645909016934,-0.7617911839003535,0
5.0,62.58,2,6,0,0,0,0,0,1,0,0,1.67429890170987,-0.09158506257081357,0
4.0,119.0,2,1,1,0,0,0,0,0,0,0,1.3812319738047365,-0.6533005531680163,0
26.0,119.0,0,4,0,0,0,1,0,0,0,0,-1.7627371265078082,-1.5410214444059578,3
103.0,119.0,2,2,0,1,0,0,0,0,0,0,1.6475489963301573,-0.2750856347404631,0
300.0,119.0,2,7,0,0,0,0,0,0,1,0,1.701268612127029,-0.08054932612858805,0
1079.0,144.54,1,8,0,0,0,0,0,0,0,1,-0.9370003501345295,1.1495313314795252,2
2626.0,119.0,2,4,0,0,0,1,0,0,0,0,1.671177463694351,-0.72261379549887,0
132.0,62.58,2,6,0,0,0,0,0,1,0,0,1.6746011735131958,-0.08855858548627073,0
1.0,143.46,1,6,0,0,0,0,0,1,0,0,-0.58204354368227,1.7939145982934217,2
890.0,71.89,0,1,1,0,0,0,0,0,0,0,-1.8841149228728977,-1.6310506129307085,3
6781.0,119.0,0,3,0,0,1,0,0,0,0,0,-2.1502058106118622,0.6661632191444461,2
1082.0,141.88,1,8,0,0,0,0,0,0,0,1,-0.9279437504167618,1.135915164779818,2
3823.0,119.0,0,3,0,0,1,0,0,0,0,0,-2.1572461255271183,0.5956725166556452,2
552.0,119.0,2,3,0,0,1,0,0,0,0,0,1.2626949390268096,1.274171134355245,0
1659.0,62.58,0,2,0,1,0,0,0,0,0,0,-1.584530130041642,-1.2847760445879104,3
66.0,62.58,2,7,0,0,0,0,0,0,1,0,1.8926554679526648,-0.37644810597558553,0
21.0,119.0,2,3,0,0,1,0,0,0,0,0,1.2614311096758966,1.2615171238679046,0
486.0,62.58,2,7,0,0,0,0,0,0,1,0,1.8936551069872853,-0.3664392841211919,0
8181.0,93.55,0,4,0,0,0,1,0,0,0,0,-1.6567452344798597,-1.4776424729502569,3
894.0,119.0,2,7,0,0,0,0,0,0,1,0,1.7026823873331351,-0.06639399236308853,0
182.0,119.0,2,4,0,0,0,1,0,0,0,0,1.6653605165500354,-0.7808556064801508,0
203.0,141.72,1,8,0,0,0,0,0,0,0,1,-0.9294915237233411,1.114144812678724,2
1149.0,119.43,0,2,0,1,0,0,0,0,0,0,-1.7791506575552025,-1.0043945111753558,3
157.0,119.1,0,1,1,0,0,0,0,0,0,0,-2.0464704257768447,-1.4055881842526627,3
648.0,75.2,2,7,0,0,0,0,0,0,1,0,1.8511067804947985,-0.29763954774092805,0
387.0,119.0,2,7,0,0,0,0,0,0,1,0,1.7014756802127717,-0.07847607017303508,0
113.0,119.0,0,7,0,0,0,0,0,0,1,0,-1.7269028138119413,-0.8414539104293618,3
,62.57,2,6,0,0,0,0,0,1,0,0,1.6743210217693787,-0.09175567257390861,0
1.0,119.07,2,8,0,0,0,0,0,0,0,1,1.128259110068361,-0.47662771824058625,0
15.0,119.38,2,8,0,0,0,0,0,0,0,1,1.127237795119111,-0.47469891262432773,0
1753.0,24.69,2,1,1,0,0,0,0,0,0,0,1.7062423201482575,-1.09691534005482,0
,119.0,0,6,0,0,0,0,0,1,0,0,-1.945383144887594,-0.5578300544922766,3
69.0,62.58,2,3,0,0,1,0,0,0,0,0,1.4534891517104918,0.9723385529802856,0
417.0,119.0,0,3,0,0,1,0,0,0,0,0,-2.165352722079303,0.5145057375221583,1
135.0,118.34,0,7,0,0,0,0,0,0,1,0,-1.7246050971696367,-0.844325824698527,3
231.0,118.34,0,4,0,0,0,1,0,0,0,0,-1.760003852857562,-1.5395323720099943,3
2065.0,62.63,2,1,1,0,0,0,0,0,0,0,1.5779110403056589,-0.8942509839293633,0
974.0,251.4,1,3,0,0,1,0,0,0,0,0,-1.1679073274853466,3.4349309291196635,2
2327.0,62.58,2,1,1,0,0,0,0,0,0,0,1.5787047272768597,-0.8882646723443366,0
57.0,142.86,2,7,0,0,0,0,0,0,1,0,1.619517278785825,0.036437121176460786,0
,119.0,2,2,0,1,0,0,0,0,0,0,1.6473038467573815,-0.277540179147612,0
503.0,119.0,0,8,0,0,0,0,0,0,0,1,-2.298034288165798,-1.221473270128309,3
83.0,119.0,2,2,0,1,0,0,0,0,0,0,1.647501394471366,-0.275562245304958,0
1118.0,119.05,1,7,0,0,0,0,0,0,1,0,-0.2781294997070367,1.408609172121895,2
1880.0,147.52,2,7,0,0,0,0,0,0,1,0,1.608002623934402,0.10385930480882719,0
,119.0,2,1,1,0,0,0,0,0,0,0,1.3812224534329782,-0.6533958752809153,0
,119.0,2,1,1,0,0,0,0,0,0,0,1.3812224534329782,-0.6533958752809153,0
,62.58,1,7,0,0,0,0,0,0,1,0,-0.08867654341895029,1.0913869185143648,2
348.0,119.0,0,3,0,0,1,0,0,0,0,0,-2.1655169484921335,0.5128614310746508,1
54.0,62.58,2,4,0,0,0,1,0,0,0,0,1.8569996622272658,-1.0742283503353254,0
2559.0,119.0,2,8,0,0,0,0,0,0,0,1,1.134585531477234,-0.4160294285754838,0
74.0,119.02,1,1,1,0,0,0,0,0,0,0,-0.5998443859755099,0.8178783378844422,2
1602.0,119.0,2,1,1,0,0,0,0,0,0,0,1.3850353623221736,-0.6152193690648712,0
8095.0,62.57,2,1,1,0,0,0,0,0,0,0,1.5924671238765216,-0.7508616429059691,0
224.0,62.58,2,1,1,0,0,0,0,0,0,0,1.5736993918249382,-0.9383802732009787,0
249.0,118.61,0,7,0,0,0,0,0,0,1,0,-1.725252320728103,-0.8402197957076792,3
68.0,119.0,2,4,0,0,0,1,0,0,0,0,1.665089185954924,-0.783572286697772,0
3015.0,266.03,2,3,0,0,1,0,0,0,0,0,0.7683533405277055,2.0894433184376857,0
199.0,119.0,0,6,0,0,0,0,0,1,0,0,-1.944909506392619,-0.5530877793755521,3
787.0,62.33,0,7,0,0,0,0,0,0,1,0,-1.532504320492009,-1.1170010046975734,3
932.0,119.14,0,8,0,0,0,0,0,0,0,1,-2.2974895156336133,-1.2105295704522938,3
286.0,119.0,0,3,0,0,1,0,0,0,0,0,-2.165664514254387,0.5113839383247164,1
161.0,119.0,0,1,1,0,0,0,0,0,0,0,-2.0461207001630206,-1.4060074357594772,3
315.0,119.0,0,4,0,0,0,1,0,0,0,0,-1.7620492796482718,-1.5341344217490058,3
1978.0,119.02,1,1,1,0,0,0,0,0,0,0,-0.5953126890185635,0.8632516636243599,2
966.0,62.58,2,3,0,0,1,0,0,0,0,0,1.4556240950772885,0.9937145367978834,0
49.0,62.58,2,4,0,0,0,1,0,0,0,0,1.856987761762568,-1.074347502976449,0
2317.0,119.0,0,7,0,0,0,0,0,0,1,0,-1.721657088973123,-0.7889314262220201,3
54.0,62.58,2,1,1,0,0,0,0,0,0,0,1.573294776025211,-0.9424314629991857,0
,118.97,0,1,1,0,0,0,0,0,0,0,-2.0464018335536722,-1.4099985228895755,3
98.0,119.0,2,1,1,0,0,0,0,0,0,0,1.3814557025410563,-0.6510604835148901,0
3098.0,62.58,2,1,1,0,0,0,0,0,0,0,1.5805397789332702,-0.8698913350830568,0
293.0,62.58,2,6,0,0,0,0,0,1,0,0,1.674984368476467,-0.08472187044208652,0
767.0,146.4,1,8,0,0,0,0,0,0,0,1,-0.9440707566340991,1.151667276000077,2
92.0,62.56,0,7,0,0,0,0,0,0,1,0,-1.5349409571417632,-1.132379702488431,3
9.0,62.58,2,7,0,0,0,0,0,0,1,0,1.892519802655109,-0.3778064460843961,0
37.0,119.0,2,1,1,0,0,0,0,0,0,0,1.3813105168717423,-0.6525141457365997,0
2383.0,119.0,2,3,0,0,1,0,0,0,0,0,1.2670528891991673,1.3178048315347564,0
2199.0,119.0,2,3,0,0,1,0,0,0,0,0,1.266614952098286,1.313420014341403,0
1599.0,119.0,2,1,1,0,0,0,0,0,0,0,1.385028222043355,-0.6152908606495454,0
54.0,62.58,2,4,0,0,0,1,0,0,0,0,1.8569996622272658,-1.0742283503353254,0
651.0,119.0,2,7,0,0,0,0,0,0,1,0,1.702104024748819,-0.07218481072170198,0
1583.0,62.58,2,4,0,0,0,1,0,0,0,0,1.8606388243318726,-1.0377914726796877,0
3801.0,238.12,0,1,1,0,0,0,0,0,0,0,-2.442709646211697,-0.7063042172185723,3
433.0,62.58,2,3,0,0,1,0,0,0,0,0,1.4543555055404964,0.9810128652540934,0
8.0,119.0,0,4,0,0,0,1,0,0,0,0,-1.7627799681807206,-1.5414503939140032,3
1723.0,147.22,2,1,1,0,0,0,0,0,0,0,1.2893174342569074,-0.46712319966650195,0
1183.0,118.97,0,3,0,0,1,0,0,0,0,0,-2.1634275093149706,0.5326055500564003,1
24.0,119.0,0,4,0,0,0,1,0,0,0,0,-1.7627418866936875,-1.5410691054624073,3
50.0,146.4,0,3,0,0,1,0,0,0,0,0,-2.2594424525141417,0.6467531054651995,1
,142.82,1,6,0,0,0,0,0,1,0,0,-0.5798686102259887,1.79059749659903,2
638.0,119.0,2,4,0,0,0,1,0,0,0,0,1.6664458389304804,-0.7699888856096664,0
1591.0,62.58,2,7,0,0,0,0,0,0,1,0,1.8962851096855131,-0.3401065504328469,0
1451.0,160.0,0,3,0,0,1,0,0,0,0,0,-2.3023758552267424,0.7501216877891176,1
139.0,118.97,0,8,0,0,0,0,0,0,0,1,-2.2987985804231825,-1.2303019544880311,3
1165.0,62.58,2,1,1,0,0,0,0,0,0,0,1.5759390592810762,-0.9159557461414922,0
44.0,118.97,0,4,0,0,0,1,0,0,0,0,-1.7625922232622762,-1.5407468669838262,3
249.0,119.0,0,3,0,0,1,0,0,0,0,0,-2.165752577693151,0.5105022087804009,1
1.0,119.0,0,4,0,0,0,1,0,0,0,0,-1.7627966288312975,-1.5416172076115764,3
180.0,119.0,0,3,0,0,1,0,0,0,0,0,-2.1659168041059815,0.5088579023328933,1
4.0,119.0,0,4,0,0,0,1,0,0,0,0,-1.7627894885524789,-1.5415457160269022,3
22.0,119.0,0,4,0,0,0,1,0,0,0,0,-1.7627466468795665,-1.5411167665188568,3
5.0,62.58,2,4,0,0,0,1,0,0,0,0,1.8568830376732268,-1.0753960462183378,0
179.0,119.0,2,4,0,0,0,1,0,0,0,0,1.6653533762712165,-0.7809270980648251,0
78.0,215.76,2,7,0,0,0,0,0,0,1,0,1.3715576392716247,0.4120617310403866,0
,119.0,2,7,0,0,0,0,0,0,1,0,1.7005545842451573,-0.08769848459601205,0
326.0,144.01,1,7,0,0,0,0,0,0,1,0,-0.36492976173478936,1.5181729692484074,2
16.0,49.33,0,1,1,0,0,0,0,0,0,0,-1.809444821492051,-1.767966303206523,3
64.0,119.0,2,6,0,0,0,0,0,1,0,0,1.482495529619809,0.20014337483685327,0
1.0,119.0,2,4,0,0,0,1,0,0,0,0,1.6649297197279727,-0.78516893208883,0
288.0,119.0,2,3,0,0,1,0,0,0,0,0,1.2620665944907623,1.267879874903912,0
601.0,119.0,2,4,0,0,0,1,0,0,0,0,1.6663577754917163,-0.770870615153982,0
680.0,142.82,1,3,0,0,1,0,0,0,0,0,-0.7992122229745902,2.869200717536573,2
233.0,119.0,0,8,0,0,0,0,0,0,0,1,-2.2986769132594826,-1.2279075127489907,3
5.0,141.64,1,4,0,0,0,1,0,0,0,0,-0.39325815194155805,0.800833696880009,2
897.0,119.02,2,7,0,0,0,0,0,0,1,0,1.7026214865635407,-0.06621958605447158,0
726.0,62.58,2,1,1,0,0,0,0,0,0,0,1.5748941984806037,-0.926417348032156,0
112.0,119.0,2,7,0,0,0,0,0,0,1,0,1.7008211546543892,-0.08502946543484043,0
73.0,119.0,2,3,0,0,1,0,0,0,0,0,1.2615548745087541,1.2627563113355915,0
10111.0,118.99,0,6,0,0,0,0,0,1,0,0,-1.9212840046513677,-0.3169310409738343,3
68.0,119.0,0,1,1,0,0,0,0,0,0,0,-2.0463420488064012,-1.4082236748843786,3
321.0,149.05,1,3,0,0,1,0,0,0,0,0,-0.821261462920593,2.8927034944120456,2
1711.0,118.78,0,4,0,0,0,1,0,0,0,0,-1.7579782183720836,-1.5019990663106295,3
679.0,62.58,2,2,0,1,0,0,0,0,0,0,1.8408637274368471,-0.551681686725416,0
,118.8,0,1,1,0,0,0,0,0,0,0,-2.0458234846421606,-1.4108732980430887,3
845.0,119.0,0,6,0,0,0,0,0,1,0,0,-1.943371966353655,-0.5376932581423657,3
27.0,147.11,2,6,0,0,0,0,0,1,0,0,1.3867757726363625,0.3439082897940276,0
169.0,218.01,0,7,0,0,0,0,0,0,1,0,-2.0636067387766235,-0.3306400599703519,3
,119.0,0,2,0,1,0,0,0,0,0,0,-1.7804225018018889,-1.0339884546703582,3
215.0,119.0,0,4,0,0,0,1,0,0,0,0,-1.762287288942229,-1.5365174745714805,3
371.0,62.58,2,7,0,0,0,0,0,0,1,0,1.8933813962992345,-0.3691797948670378,0
235.0,119.0,0,4,0,0,0,1,0,0,0,0,-1.7622396870834376,-1.5360408640069856,3
1851.0,62.51,2,6,0,0,0,0,0,1,0,0,1.6789306969457674,-0.047954109001730715,0
7.0,119.0,0,3,0,0,1,0,0,0,0,0,-2.1663285601845277,0.5047352209500121,1
,119.0,0,3,0,0,1,0,0,0,0,0,-2.1663452208351046,0.5045684072524389,1
1186.0,119.34,0,7,0,0,0,0,0,0,1,0,-1.7255056719108033,-0.8141342033371823,3
105.0,142.8,2,3,0,0,1,0,0,0,0,0,1.180662189871172,1.3859874097306175,0
2354.0,119.0,2,7,0,0,0,0,0,0,1,0,1.7061573230249114,-0.03160142115495839,0
130.0,119.0,0,4,0,0,0,1,0,0,0,0,-1.7624895968420928,-1.538543069470584,3
3471.0,119.44,1,8,0,0,0,0,0,0,0,1,-0.8459156520645685,1.0773759764450086,2
1.0,119.0,2,7,0,0,0,0,0,0,1,0,1.7005569643380967,-0.08767465406778731,0
313.0,119.0,2,6,0,0,0,0,0,1,0,0,1.4830881727617626,0.2060771763648152,0
,215.73,2,7,0,0,0,0,0,0,1,0,1.3714740535949577,0.4100485777529423,0
99.0,119.0,2,8,0,0,0,0,0,0,0,1,1.128730502845885,-0.4746525280083606,0
63.0,119.0,0,1,1,0,0,0,0,0,0,0,-2.046353949271099,-1.4083428275255023,3
,62.58,2,2,0,1,0,0,0,0,0,0,1.8392476443308772,-0.5678626153900189,0
,119.0,0,3,0,0,1,0,0,0,0,0,-2.1663452208351046,0.5045684072524389,1
1173.0,62.53,2,4,0,0,0,1,0,0,0,0,1.8598330888476806,-1.0478192760616905,0
227.0,118.56,1,7,0,0,0,0,0,0,1,0,-0.27858315683007384,1.3848547607370492,2
541.0,62.58,2,7,0,0,0,0,0,0,1,0,1.8937860120989618,-0.3651286050688309,0
500.0,62.58,2,7,0,0,0,0,0,0,1,0,1.8936884282884394,-0.3661056567260455,0
,119.0,0,6,0,0,0,0,0,1,0,0,-1.945383144887594,-0.5578300544922766,3
280.0,62.58,2,3,0,0,1,0,0,0,0,0,1.4539913513207416,0.9773667944357073,0
141.0,119.0,2,2,0,1,0,0,0,0,0,0,1.6476394398618612,-0.2741800746679227,0
1161.0,62.58,2,3,0,0,1,0,0,0,0,0,1.4560882132005053,0.9983614898017089,0
138.0,62.58,2,7,0,0,0,0,0,0,1,0,1.892826834644314,-0.3747323079434038,0
538.0,62.58,2,7,0,0,0,0,0,0,1,0,1.8937788718201432,-0.3652000966535051,0
36.0,119.0,2,2,0,1,0,0,0,0,0,0,1.647389530103206,-0.27668228013152113,0
,62.58,2,2,0,1,0,0,0,0,0,0,1.8392476443308772,-0.5678626153900189,0
5053.0,118.46,0,3,0,0,1,0,0,0,0,0,-2.1524815029042887,0.6222053688256303,2
56.0,119.44,2,3,0,0,1,0,0,0,0,0,1.2600175098636923,1.2646153162825104,0
296.0,62.58,2,3,0,0,1,0,0,0,0,0,1.4540294328077747,0.9777480828873032,0
633.0,62.58,2,4,0,0,0,1,0,0,0,0,1.8583777360392784,-1.060430474493197,0
1123.0,118.46,1,1,1,0,0,0,0,0,0,0,-0.59544251912633,0.8399949497218054,2
1.0,145.66,2,6,0,0,0,0,0,1,0,0,1.391646866229887,0.33582737857433703,0
207.0,62.59,2,2,0,1,0,0,0,0,0,0,1.8397063030451621,-0.562878238685525,0
2927.0,62.58,2,7,0,0,0,0,0,0,1,0,1.8994649138527824,-0.3082689647245853,0
50.0,119.0,1,7,0,0,0,0,0,0,1,0,-0.2805013363454675,1.3829008811680088,2
215.0,143.53,1,4,0,0,0,1,0,0,0,0,-0.39918821149929046,0.8155635492197927,2
1228.0,143.28,2,6,0,0,0,0,0,1,0,0,1.4026641250279075,0.35282058455691784,0
,62.58,2,1,1,0,0,0,0,0,0,0,1.573166251006474,-0.9437183115233221,0
1547.0,118.53,0,1,1,0,0,0,0,0,0,0,-2.041222926711064,-1.3753968196526323,3
1.0,146.86,1,7,0,0,0,0,0,0,1,0,-0.3753991413390244,1.5250933957372022,2
43.0,118.86,0,7,0,0,0,0,0,0,1,0,-1.7265931329788193,-0.843842450472693,3
,119.0,0,3,0,0,1,0,0,0,0,0,-2.1663452208351046,0.5045684072524389,1
,143.53,1,1,1,0,0,0,0,0,0,0,-0.6834048176833536,0.9422368729876116,2
129.0,62.58,2,1,1,0,0,0,0,0,0,0,1.5734732829956788,-0.9406441733823296,0
286.0,62.58,2,6,0,0,0,0,0,1,0,0,1.67496770782589,-0.08488868413965973,0
1884.0,146.08,1,1,1,0,0,0,0,0,0,0,-0.6875959562578753,1.000255215465731,2
451.0,62.58,2,2,0,1,0,0,0,0,0,0,1.8403210662466245,-0.5571150471606582,0
,148.47,1,7,0,0,0,0,0,0,1,0,-0.3808788258292225,1.533354200486366,2
197.0,62.58,2,7,0,0,0,0,0,0,1,0,1.892967260127749,-0.3733263067781437,0
242.0,62.58,2,1,1,0,0,0,0,0,0,0,1.5737422334978506,-0.9379513236929333,0
873.0,62.57,2,1,1,0,0,0,0,0,0,0,1.5752780926669276,-0.9229657177450896,0
49.0,119.0,0,1,1,0,0,0,0,0,0,0,-2.046387270572253,-1.408676454920649,3
207.0,62.58,2,3,0,0,1,0,0,0,0,0,1.4538176045361528,0.9756271658753007,0
3112.0,119.0,2,4,0,0,0,1,0,0,0,0,1.6723341888629832,-0.711032158781643,0
16.0,62.58,2,4,0,0,0,1,0,0,0,0,1.856909218695562,-1.0751339104078657,0
2541.0,75.2,2,7,0,0,0,0,0,0,1,0,1.8556122964294097,-0.2525283578114826,0
55.0,119.0,2,1,1,0,0,0,0,0,0,0,1.3813533585446547,-0.6520851962285542,0
1673.0,119.0,0,1,1,0,0,0,0,0,0,0,-2.042521999638387,-1.3699756770836602,3
36.0,119.0,0,1,1,0,0,0,0,0,0,0,-2.0464182117804675,-1.4089862517875706,3
,181.58,0,8,0,0,0,0,0,0,0,1,-2.512131915399149,-0.9114398546085928,3
793.0,119.0,0,1,1,0,0,0,0,0,0,0,-2.044616481425211,-1.3909465419214373,3
225.0,119.0,2,4,0,0,0,1,0,0,0,0,1.665462860546437,-0.7798308937664867,0
1569.0,119.0,2,1,1,0,0,0,0,0,0,0,1.3849568192551678,-0.6160057764962877,0
187.0,119.0,0,1,1,0,0,0,0,0,0,0,-2.0460588177465917,-1.4053878420256338,3
107.0,119.0,2,3,0,0,1,0,0,0,0,0,1.2616357976686998,1.2635665492952328,0
200.0,119.0,0,4,0,0,0,1,0,0,0,0,-1.7623229903363227,-1.5368749324948519,3
899.0,62.58,1,4,0,0,0,1,0,0,0,0,-0.12216408447639851,0.41531628536736914,2
1697.0,119.0,0,3,0,0,1,0,0,0,0,0,-2.16230620311665,0.545008813649834,1
884.0,145.07,1,7,0,0,0,0,0,0,1,0,-0.36720784544040475,1.53692488436678,2
152.0,145.74,1,4,0,0,0,1,0,0,0,0,-0.40685669320413664,0.825434302937304,2
64.0,119.0,0,3,0,0,1,0,0,0,0,0,-2.166192894886972,0.5060935610588227,1
285.0,49.63,0,1,1,0,0,0,0,0,0,0,-1.8098251922175035,-1.7600121702549254,3
439.0,119.0,0,7,0,0,0,0,0,0,1,0,-1.7261269035136406,-0.8336851582280943,3
1503.0,62.55,2,7,0,0,0,0,0,0,1,0,1.8961777230794505,-0.34235800900253865,0
21.0,119.0,0,6,0,0,0,0,0,1,0,0,-1.945333162935863,-0.557329613399557,3
732.0,141.23,1,1,1,0,0,0,0,0,0,0,-0.6738378690840741,0.9478456263947136,2
3124.0,25.65,2,7,0,0,0,0,0,0,1,0,2.0255715880567595,-0.4936063884245384,0
5906.0,119.0,2,7,0,0,0,0,0,0,1,0,1.7146114131462735,0.05304461509934175,0
4.0,119.0,0,4,0,0,0,1,0,0,0,0,-1.7627894885524789,-1.5415457160269022,3
,142.58,1,6,0,0,0,0,0,1,0,0,-0.579052117645031,1.7893625199117174,2
866.0,119.0,0,4,0,0,0,1,0,0,0,0,-1.7607378484385672,-1.5210038006971704,3
1258.0,118.58,0,4,0,0,0,1,0,0,0,0,-1.7583759899895786,-1.5138234428358668,3
153.0,119.0,0,8,0,0,0,0,0,0,0,1,-2.298867320694648,-1.2298139550069704,3
1566.0,119.0,0,3,0,0,1,0,0,0,0,0,-2.162617995291734,0.5418870144523921,1
1384.0,56.97,2,7,0,0,0,0,0,0,1,0,1.9148779445269102,-0.37390704984130174,0
367.0,62.58,2,7,0,0,0,0,0,0,1,0,1.8933718759274762,-0.3692751169799368,0
1054.0,119.0,0,3,0,0,1,0,0,0,0,0,-2.163836602876795,0.5296857840013219,1
2431.0,141.64,0,8,0,0,0,0,0,0,0,1,-2.370467935781987,-1.059028544207841,3
535.0,62.58,2,4,0,0,0,1,0,0,0,0,1.8581444869312003,-1.062765866259222,0
565.0,118.75,0,7,0,0,0,0,0,0,1,0,-1.72497649869809,-0.8319689457210602,3
2.0,62.58,2,1,1,0,0,0,0,0,0,0,1.5731710111923531,-0.9436706504668726,0
80.0,144.43,1,4,0,0,0,1,0,0,0,0,-0.4025713712247246,0.8169775904868742,2
41.0,62.58,2,6,0,0,0,0,0,1,0,0,1.6743845850556947,-0.09072716355472267,0
32.0,62.58,2,7,0,0,0,0,0,0,1,0,1.8925745447927194,-0.37725834393522695,0
309.0,62.58,2,1,1,0,0,0,0,0,0,0,1.5739016997248019,-0.9363546783018752,0
493.0,119.0,2,3,0,0,1,0,0,0,0,0,1.262554513543375,1.272765133189985,0
13.0,119.0,0,1,1,0,0,0,0,0,0,0,-2.0464729539180775,-1.4095343539367398,3
3787.0,62.58,2,8,0,0,0,0,0,0,0,1,1.3294520831805252,-0.6770879761579017,0
1284.0,119.0,0,1,1,0,0,0,0,0,0,0,-2.0434478557918805,-1.3792457525630868,3
50.0,119.0,0,1,1,0,0,0,0,0,0,0,-2.046384890479313,-1.4086526243924242,3
18.0,119.0,0,7,0,0,0,0,0,0,1,0,-1.7271289226412008,-0.8437178106107127,3
151.0,62.58,2,4,0,0,0,1,0,0,0,0,1.8572305312424044,-1.071916789097525,0
,62.43,2,8,0,0,0,0,0,0,0,1,1.320948979081462,-0.7681060469745877,0
75.0,348.0,0,1,1,0,0,0,0,0,0,0,-2.82539539248639,-0.2296832720426871,3
10506.0,119.0,0,3,0,0,1,0,0,0,0,0,-2.1413399644119537,0.7549319367816275,2
3522.0,222.0,0,8,0,0,0,0,0,0,0,1,-2.6412601869089496,-0.6195180771128024,3
,118.53,0,7,0,0,0,0,0,0,1,0,-1.725572799676404,-0.846565256131412,3
,214.92,0,7,0,0,0,0,0,0,1,0,-2.05349663250358,-0.35056774408948393,3
28.0,118.96,0,1,1,0,0,0,0,0,0,0,-2.0463011704271574,-1.409382725461254,3
14.0,128.46,2,1,1,0,0,0,0,0,0,0,1.3490723588347122,-0.6043835834608633,0
259.0,62.58,0,4,0,0,0,1,0,0,0,0,-1.5702387672793918,-1.8257913675719983,3
13.0,119.0,0,3,0,0,1,0,0,0,0,0,-2.1663142796268904,0.5048782041193606,1
1428.0,118.88,0,2,0,1,0,0,0,0,0,0,-1.7766154827937,-1.0005759487090762,3
867.0,62.58,2,1,1,0,0,0,0,0,0,0,1.5752297915850835,-0.9230572435524667,0
7.0,62.58,2,7,0,0,0,0,0,0,1,0,1.89251504246923,-0.3778541071408456,0
3051.0,62.58,2,4,0,0,0,1,0,0,0,0,1.8641328007671654,-1.0028082572457593,0
1014.0,62.58,2,1,1,0,0,0,0,0,0,0,1.5755796652472007,-0.919554155903429,0
49.0,62.58,2,2,0,1,0,0,0,0,0,0,1.8393642688849163,-0.5666949195070063,0
32.0,62.58,2,4,0,0,0,1,0,0,0,0,1.8569473001825954,-1.0747526219562697,0
19.0,62.58,2,3,0,0,1,0,0,0,0,0,1.4533701470635132,0.9711470265690484,0
3.0,62.58,2,6,0,0,0,0,0,1,0,0,1.674294141523991,-0.09163272362726306,0
2457.0,62.58,2,3,0,0,1,0,0,0,0,0,1.4591728136501916,1.0292458543809808,0
3821.0,119.0,0,3,0,0,1,0,0,0,0,0,-2.1572508857129975,0.5956248555991958,2
879.0,62.74,2,1,1,0,0,0,0,0,0,0,1.5747140243130533,-0.921947959422228,0
5.0,119.22,2,7,0,0,0,0,0,0,1,0,1.6998180331773103,-0.08644726999151843,0
638.0,119.0,2,4,0,0,0,1,0,0,0,0,1.6664458389304804,-0.7699888856096664,0
135.0,218.24,0,1,1,0,0,0,0,0,0,0,-2.3838022648054995,-0.8959641692895549,3
83.0,62.58,2,7,0,0,0,0,0,0,1,0,1.8926959295326375,-0.3760429869957648,0
1254.0,62.58,2,7,0,0,0,0,0,0,1,0,1.8954830183648772,-0.3481374384445865,0
83.0,119.0,0,2,0,1,0,0,0,0,0,0,-1.7802249540879043,-1.0320105208277042,3
1469.0,62.58,2,7,0,0,0,0,0,0,1,0,1.8959947383468854,-0.34301387487626595,0
1867.0,62.58,2,1,1,0,0,0,0,0,0,0,1.5776098845246562,-0.89922671532772,0
499.0,138.0,0,4,0,0,0,1,0,0,0,0,-1.8262503385398827,-1.4319806168100704,3
0.0,119.0,0,3,0,0,1,0,0,0,0,0,-2.1663452208351046,0.5045684072524389,1
1067.0,119.0,0,3,0,0,1,0,0,0,0,0,-2.163805661668581,0.5299955808682436,1
26.0,119.0,0,3,0,0,1,0,0,0,0,0,-2.1662833384186757,0.5051880009862822,1
982.0,218.36,0,3,0,0,1,0,0,0,0,0,-2.5020358980849733,1.039250334516562,1
252.0,119.0,2,4,0,0,0,1,0,0,0,0,1.6655271230558053,-0.7791874695044185,0
604.0,62.58,0,1,1,0,0,0,0,0,0,0,-1.8531225214172944,-1.6857729479983212,3
88.0,145.14,1,8,0,0,0,0,0,0,0,1,-0.9414002536900405,1.1290027197270827,2
267.0,62.58,2,7,0,0,0,0,0,0,1,0,1.893133866633519,-0.37165816980241145,0
1367.0,62.58,2,2,0,1,0,0,0,0,0,0,1.8425012313792732,-0.5352862833067901,0
1088.0,119.0,2,1,1,0,0,0,0,0,0,0,1.3838119945512333,-0.6274682605723909,0
313.0,141.57,1,1,1,0,0,0,0,0,0,0,-0.6759918258487786,0.939610185375571,2
393.0,119.0,2,7,0,0,0,0,0,0,1,0,1.7014899607704093,-0.07833308700368662,0
7.0,29.9,2,4,0,0,0,1,0,0,0,0,1.9680668709661928,-1.2435110440842891,0
78.0,72.57,2,1,1,0,0,0,0,0,0,0,1.5393653945733923,-0.8904536257124043,0
159.0,173.88,2,3,0,0,1,0,0,0,0,0,1.0750549256558741,1.547203739261737,0
5851.0,34.2,2,4,0,0,0,1,0,0,0,0,1.9673473086962285,-1.0821187714911853,0
317.0,58.83,1,3,0,0,1,0,0,0,0,0,-0.514337813900632,2.428359852593547,2
21.0,29.9,2,5,0,0,0,0,1,0,0,0,2.2131376742363367,-0.9910349505485991,0
1436.0,36.0,0,7,0,0,0,0,0,0,1,0,-1.4413835999383144,-1.2370222259503008,3
247.0,174.0,0,7,0,0,0,0,0,0,1,0,-1.913696764494201,-0.555245128804772,3
19.0,174.0,0,3,0,0,1,0,0,0,0,0,-2.3534128822054154,0.7880366781311828,1
,175.77,1,3,0,0,1,0,0,0,0,0,-0.9129283134341641,3.022547966039373,2
184.0,96.99,0,3,0,0,1,0,0,0,0,0,-2.091028109955552,0.3956955707468315,1
429.0,173.53,0,8,0,0,0,0,0,0,0,1,-2.4837243335417796,-0.9426397343871203,3
641.0,36.0,2,4,0,0,0,1,0,0,0,0,1.9488233301238713,-1.197013498387271,0
34.0,49.5,2,4,0,0,0,1,0,0,0,0,1.9014509060306743,-1.1420111903583576,0
1394.0,119.0,2,7,0,0,0,0,0,0,1,0,1.7038724338029214,-0.054478728250715196,0
1560.0,146.86,0,3,0,0,1,0,0,0,0,0,-2.2574134562888895,0.6851042417352496,1
113.0,25.65,2,1,1,0,0,0,0,0,0,0,1.699072997403527,-1.131057499594154,0
75.0,30.04,0,3,0,0,1,0,0,0,0,0,-1.8635201305229463,0.048591004772086444,1
2690.0,25.65,2,7,0,0,0,0,0,0,1,0,2.024538627720985,-0.5039488376740785,0
96.0,207.2,1,6,0,0,0,0,0,1,0,0,-0.7986642561457192,2.124167723680214,2
550.0,74.86,1,2,0,1,0,0,0,0,0,0,-0.18239543351563506,0.9778416549872041,2
,174.0,2,3,0,0,1,0,0,0,0,0,1.0742682445880032,1.5440321736176588,0
1961.0,96.99,2,7,0,0,0,0,0,0,1,0,1.7801011202783308,-0.15422447244624474,0
430.0,63.63,2,7,0,0,0,0,0,0,1,0,1.889949666740979,-0.362370770694785,0
8480.0,161.8,2,3,0,0,1,0,0,0,0,0,1.1359564722476012,1.6833370713584528,0
36.0,174.0,0,3,0,0,1,0,0,0,0,0,-2.3533724206254427,0.7884417971110035,1
149.0,174.0,0,1,1,0,0,0,0,0,0,0,-2.233262144414458,-1.1232779112557003,3
1422.0,64.8,2,3,0,0,1,0,0,0,0,0,1.449156861083874,1.0160047920260096,0
1153.0,68.15,2,1,1,0,0,0,0,0,0,0,1.556961066182739,-0.8875799618621423,0
203.0,167.73,1,4,0,0,0,1,0,0,0,0,-0.4815464411944767,0.9398043988517841,2
0.0,172.78,0,8,0,0,0,0,0,0,0,1,-2.482193854097363,-0.9567223331433887,3
1945.0,304.72,1,7,0,0,0,0,0,0,1,0,-0.9078202357894873,2.3837258586859806,2
36.0,321.97,0,2,0,1,0,0,0,0,0,0,-2.470851398276916,0.01129952027840397,3
3225.0,64.8,0,8,0,0,0,0,0,0,0,1,-2.1071644339846447,-1.435505474185314,3
2186.0,96.99,2,1,1,0,0,0,0,0,0,0,1.4613045103775557,-0.71455999428058,0
4.0,136.02,2,8,0,0,0,0,0,0,0,1,1.070601461817035,-0.3893359981144588,0
29771.0,59.04,2,7,0,0,0,0,0,0,1,0,1.9753993942917998,0.3132218288026534,0
6.0,184.44,0,3,0,0,1,0,0,0,0,0,-2.388961250685294,0.8414483671623597,1
190.0,174.0,0,1,1,0,0,0,0,0,0,0,-2.233164560603935,-1.1223008595984856,3
2.0,36.0,0,7,0,0,0,0,0,0,1,0,-1.4447966532136618,-1.2711952034245875,3
1205.0,91.5,2,2,0,1,0,0,0,0,0,0,1.7437283003176476,-0.39033213805802924,0
146.0,183.5,0,3,0,0,1,0,0,0,0,0,-2.3854301083983356,0.8399476490885166,1
170.0,36.0,2,8,0,0,0,0,0,0,0,1,1.411269840359167,-0.9000566648666823,0
316.0,293.44,1,4,0,0,0,1,0,0,0,0,-0.9089495004931587,1.589367745883133,2
584.0,216.86,0,7,0,0,0,0,0,0,1,0,-2.058706639922945,-0.3266679873837881,3
12584.0,48.6,2,3,0,0,1,0,0,0,0,0,1.530836707690036,1.1986402216770307,0
638.0,164.0,2,5,0,0,0,0,1,0,0,0,1.758390961969883,-0.28628829059800776,0
333.0,19.0,2,8,0,0,0,0,0,0,0,1,1.4694926866594946,-0.9836498041173588,0
969.0,137.98,0,1,1,0,0,0,0,0,0,0,-2.1087685400119254,-1.2890862959322429,3
1276.0,174.0,2,4,0,0,0,1,0,0,0,0,1.4808514550897656,-0.47176951775980414,0
822.0,183.37,0,1,1,0,0,0,0,0,0,0,-2.263537573047686,-1.0590244175932824,3
94.0,97.0,2,8,0,0,0,0,0,0,0,1,1.2035637556356522,-0.587977876986474,0
69.0,172.78,0,3,0,0,1,0,0,0,0,0,-2.3491433736052345,0.7829504063819145,1
6938.0,183.09,1,7,0,0,0,0,0,0,1,0,-0.48214479581762953,1.876835792454503,2
442.0,36.0,2,1,1,0,0,0,0,0,0,0,1.6646448054268415,-1.069958886167856,0
15260.0,35.7,2,3,0,0,1,0,0,0,0,0,1.5810923126228142,1.1960307182633998,0
7.0,219.14,1,4,0,0,0,1,0,0,0,0,-0.6569124543566348,1.1996759132144899,2
656.0,219.14,1,3,0,0,1,0,0,0,0,0,-1.0589139859497199,3.26135137142459,2
12552.0,36.0,0,4,0,0,0,1,0,0,0,0,-1.4505537314321484,-1.6696163522250593,3
1249.0,97.14,1,1,1,0,0,0,0,0,0,0,-0.522610869807526,0.7332905005551864,2
473.0,207.34,1,1,1,0,0,0,0,0,0,0,-0.8993639986850904,1.2818581395771578,2
1017.0,174.73,0,6,0,0,0,0,0,1,0,0,-2.1325589717712905,-0.24682252902132631,3
76.0,44.68,2,1,1,0,0,0,0,0,0,0,1.6342438763996507,-1.0340158693069736,0
10.0,348.0,0,8,0,0,0,0,0,0,0,1,-3.0782776783155734,-0.05484813139899104,3
175.0,36.0,0,3,0,0,1,0,0,0,0,0,-1.8835583536561076,0.08164264532949106,1
,138.0,0,4,0,0,0,1,0,0,0,0,-1.8274380049167296,-1.443872050394219,3
128.0,184.44,0,3,0,0,1,0,0,0,0,0,-2.388670879346666,0.844355691605779,1
378.0,72.0,0,3,0,0,1,0,0,0,0,0,-2.005549081933044,0.2717267456560065,1
78.0,96.99,2,3,0,0,1,0,0,0,0,0,1.3364459487521236,1.1496178102777541,0
8727.0,97.0,0,1,1,0,0,0,0,0,0,0,-1.9508876707881762,-1.3150813273232869,3
1191.0,145.2,1,3,0,0,1,0,0,0,0,0,-0.8060928802436333,2.893624969608602,2
136.0,290.84,1,8,0,0,0,0,0,0,0,1,-1.436965046918738,1.8798803490045692,2
566.0,184.44,0,8,0,0,0,0,0,0,0,1,-2.5205146527184312,-0.8832349701095776,3
2393.0,36.0,0,7,0,0,0,0,0,0,1,0,-1.4391058509951433,-1.2142164104392181,3
1917.0,184.44,0,7,0,0,0,0,0,0,1,0,-1.9452394365567787,-0.4617266607713464,3
416.0,36.0,2,4,0,0,0,1,0,0,0,0,1.9482878092124674,-1.202375367237839,0
522.0,19.0,2,3,0,0,1,0,0,0,0,0,1.6028287783043718,0.7588825987949139,0
141.0,143.99,1,1,1,0,0,0,0,0,0,0,-0.6846341686923763,0.9479640161179834,2
600.0,174.0,2,3,0,0,1,0,0,0,0,0,1.0756963003517468,1.5583304905525068,0
2395.0,63.63,2,6,0,0,0,0,0,1,0,0,1.6764151687937585,-0.029227077106676286,0
71.0,206.5,1,6,0,0,0,0,0,1,0,0,-0.7963423217747483,2.1199699451366003,2
6194.0,183.98,0,7,0,0,0,0,0,0,1,0,-1.9334948349407237,-0.3621705302047874,3
1419.0,210.54,1,3,0,0,1,0,0,0,0,0,-1.0278403242191716,3.235280733164703,2
784.0,96.98,2,1,1,0,0,0,0,0,0,0,1.4580016406004812,-0.7480218522136461,0
18048.0,36.0,2,3,0,0,1,0,0,0,0,0,1.5867073960121458,1.2640139518131344,0
10244.0,91.5,2,8,0,0,0,0,0,0,0,1,1.2464329872859314,-0.37439956458954254,0
47.0,138.0,0,7,0,0,0,0,0,0,1,0,-1.7916988959384454,-0.7452577375466132,3
1769.0,27.0,2,4,0,0,0,1,0,0,0,0,1.9821265467456268,-1.2164442883239797,0
385.0,97.0,2,3,0,0,1,0,0,0,0,0,1.3371426167603657,1.156985239804723,0
1580.0,315.12,0,2,0,1,0,0,0,0,0,0,-2.4438724756967116,0.012845562907031757,3
1073.0,36.0,2,5,0,0,0,0,1,0,0,0,2.194889012242757,-0.9345762440536367,0
798.0,64.8,2,3,0,0,1,0,0,0,0,0,1.4476716830895806,1.0011345424137676,0
22438.0,303.44,2,4,0,0,0,1,0,0,0,0,1.0908573165470974,0.6985962138895541,0
69.0,348.0,2,4,0,0,0,1,0,0,0,0,0.8860215617172973,0.39482513297457084,0
1373.0,64.58,0,3,0,0,1,0,0,0,0,0,-1.9779376604968906,0.25725675865688113,1
72.0,138.0,2,3,0,0,1,0,0,0,0,0,1.1969134984233223,1.3605014685529486,0
1018.0,239.43,0,4,0,0,0,1,0,0,0,0,-2.170085247331534,-0.8976805501859336,3
155.0,130.0,0,1,1,0,0,0,0,0,0,0,-2.083557557347891,-1.349547320760331,3
245.0,143.0,0,1,1,0,0,0,0,0,0,0,-2.1275700304518765,-1.2805080026573372,3
390.0,184.44,0,3,0,0,1,0,0,0,0,0,-2.388047294996498,0.8505992900006626,1
3324.0,71.75,0,6,0,0,0,0,0,1,0,0,-1.7767247390803875,-0.7217534139878893,3
471.0,72.57,2,3,0,0,1,0,0,0,0,0,1.4204594453898316,1.0333243299360213,0
537.0,19.0,2,3,0,0,1,0,0,0,0,0,1.6028644796984655,0.7592400567182852,0
171.0,99.0,0,1,1,0,0,0,0,0,0,0,-1.9780558508204753,-1.5086838544199475,3
37.0,52.06,0,4,0,0,0,1,0,0,0,0,-1.5349775564466601,-1.8852148896317618,3
654.0,173.99,0,3,0,0,1,0,0,0,0,0,-2.35186750266458,0.8031176061919257,1
,99.0,0,8,0,0,0,0,0,0,0,1,-2.2311904265012528,-1.3363747497680745,3
383.0,183.95,0,3,0,0,1,0,0,0,0,0,-2.386396949960953,0.8479110655664926,1
86.0,173.76,0,3,0,0,1,0,0,0,0,0,-2.352436923397506,0.7883983468349282,1
344.0,97.0,0,1,1,0,0,0,0,0,0,0,-1.9708399899006142,-1.5148526454313382,3
401.0,99.0,2,7,0,0,0,0,0,0,1,0,1.7695500499270758,-0.1810571667206064,0
1332.0,91.5,2,2,0,1,0,0,0,0,0,0,1.7440305721209735,-0.3873056609734864,0
3220.0,207.35,1,1,1,0,0,0,0,0,0,0,-0.8928599039042908,1.3473720579725081,2
127.0,130.0,0,6,0,0,0,0,0,1,0,0,-1.9825034497115006,-0.49820047923923905,3
989.0,184.43,0,3,0,0,1,0,0,0,0,0,-2.3865875988014875,0.8648223190453145,1
1927.0,19.0,2,7,0,0,0,0,0,0,1,0,2.0453462654054637,-0.5563506764205141,0
4.0,149.99,0,1,1,0,0,0,0,0,0,0,-2.1519239792707094,-1.2502824639415213,3
128.0,138.0,1,3,0,0,1,0,0,0,0,0,-0.7841281416096652,2.831243817486318,2
306.0,174.0,0,3,0,0,1,0,0,0,0,0,-2.352729795531758,0.7948760397316851,1
1610.0,64.8,0,8,0,0,0,0,0,0,0,1,-2.1110082840820548,-1.4739917772682798,3
412.0,159.54,0,8,0,0,0,0,0,0,0,1,-2.4361700817567535,-1.0150337027648721,3
804.0,211.71,1,1,1,0,0,0,0,0,0,0,-0.9134431570003652,1.312232911601033,2
403.0,239.96,0,1,1,0,0,0,0,0,0,0,-2.4570569784743745,-0.7778121975235314,3
6999.0,190.8,2,1,1,0,0,0,0,0,0,0,1.1536133601138394,-0.11714214928155647,0
63.0,294.0,0,1,1,0,0,0,0,0,0,0,-2.64171312288616,-0.507838993026722,3
548.0,91.8,2,3,0,0,1,0,0,0,0,0,1.3552212444969352,1.13411178768025,0
2172.0,348.0,1,3,0,0,1,0,0,0,0,0,-1.4936942399792525,3.960558018576237,2
5057.0,272.22,1,1,1,0,0,0,0,0,0,0,-1.1091788137023477,1.7249526454295732,2
1120.0,147.0,2,8,0,0,0,0,0,0,0,1,1.0359031099587788,-0.3062409451710895,0
3187.0,36.0,0,3,0,0,1,0,0,0,0,0,-1.8763895137221147,0.15342019634242787,2
355.0,62.22,2,1,1,0,0,0,0,0,0,0,1.575235922871459,-0.9371109390345058,0
99.0,51.0,2,1,1,0,0,0,0,0,0,0,1.6127976472387056,-1.0009467143919055,0
2679.0,97.0,2,4,0,0,0,1,0,0,0,0,1.7461487618746132,-0.8345569738399479,0
6174.0,184.44,2,3,0,0,1,0,0,0,0,0,1.0534455111252607,1.7448833407753435,0
169.0,93.72,0,3,0,0,1,0,0,0,0,0,-2.0799390999340956,0.37851155545882587,1
1565.0,99.01,0,1,1,0,0,0,0,0,0,0,-1.9747720217869176,-1.4754126407126793,3
4094.0,66.0,1,6,0,0,0,0,0,1,0,0,-0.3087788427764692,1.492864224487164,2
111.0,27.0,0,3,0,0,1,0,0,0,0,0,-1.853092207818323,0.03380586574888422,1
408.0,49.6,0,4,0,0,0,1,0,0,0,0,-1.5257254930112614,-1.889032274705335,3
240.0,77.31,2,7,0,0,0,0,0,0,1,0,1.8429573719678656,-0.29650489988066797,0
146.0,33.31,1,6,0,0,0,0,0,1,0,0,-0.20696235607060878,1.230567182771492,2
2339.0,174.0,2,3,0,0,1,0,0,0,0,0,1.0798352819736636,1.5997717791353412,0
,348.0,0,1,1,0,0,0,0,0,0,0,-2.825573899456858,-0.2314705616595432,3
165.0,174.54,2,3,0,0,1,0,0,0,0,0,1.0728238516158777,1.5507429083211952,0
1396.0,174.6,0,1,1,0,0,0,0,0,0,0,-2.232335399971205,-1.0904738008411596,3
734.0,26.99,0,3,0,0,1,0,0,0,0,0,-1.8515753893927624,0.048600827470930086,1
1256.0,19.0,2,1,1,0,0,0,0,0,0,0,1.724417092230831,-1.1380383515442223,0
0.0,173.41,0,4,0,0,0,1,0,0,0,0,-1.9479046811322114,-1.2616615316536373,3
307.0,19.0,2,1,1,0,0,0,0,0,0,0,1.7221583840311765,-1.1606535228295067,0
426.0,215.88,0,3,0,0,1,0,0,0,0,0,-2.494922139756145,1.0132391350547059,1
101.0,173.54,0,1,1,0,0,0,0,0,0,0,-2.2318114447620547,-1.1267888152611707,3
11929.0,18.0,2,3,0,0,1,0,0,0,0,0,1.6333805508867352,1.0255716980574636,0
341.0,97.36,0,3,0,0,1,0,0,0,0,0,-2.091913194759682,0.401340886071057,1
,91.5,2,1,1,0,0,0,0,0,0,0,1.4747788950010594,-0.7949036207021523,0
1168.0,14.25,2,1,1,0,0,0,0,0,0,0,1.7403673930502717,-1.1645776849643954,0
1989.0,25.65,0,1,1,0,0,0,0,0,0,0,-1.7241882968011049,-1.8427997041672755,3
78.0,85.93,1,3,0,0,1,0,0,0,0,0,-0.6071022767130081,2.562113807290215,2
9438.0,19.0,2,7,0,0,0,0,0,0,1,0,2.0632231434745942,-0.3773595789244417,0
3490.0,134.89,0,6,0,0,0,0,0,1,0,0,-1.9911352334927328,-0.3928957628154215,3
471.0,174.0,0,3,0,0,1,0,0,0,0,0,-2.3523370801967283,0.7988080768887683,1
310.0,174.0,0,3,0,0,1,0,0,0,0,0,-2.3527202751599994,0.7949713618445841,1
589.0,206.94,1,8,0,0,0,0,0,0,0,1,-1.150454666723948,1.4589483113506787,2
305.0,77.3,2,2,0,1,0,0,0,0,0,0,1.7898953610453687,-0.48484906745963086,0
263.0,215.13,2,3,0,0,1,0,0,0,0,0,0.934967792969468,1.7619437323289662,0
440.0,36.0,2,3,0,0,1,0,0,0,0,0,1.5447987195321495,0.8444060108317948,0
49.0,27.0,0,3,0,0,1,0,0,0,0,0,-1.8532397735805763,0.03232837299894997,1
452.0,72.04,0,2,0,1,0,0,0,0,0,0,-1.619586318119126,-1.264860827730274,3
62.0,174.0,0,3,0,0,1,0,0,0,0,0,-2.353310538209014,0.789061390844847,1
3953.0,232.06,2,1,1,0,0,0,0,0,0,0,1.0059949141435727,0.02258313723969184,0
2971.0,174.0,2,3,0,0,1,0,0,0,0,0,1.0813395007114737,1.614832672973381,0
11.0,56.9,2,3,0,0,1,0,0,0,0,0,1.4726747640693312,0.9417286007435186,0
85.0,96.99,1,7,0,0,0,0,0,0,1,0,-0.20553885931391094,1.2704772959569142,2
374.0,208.67,1,3,0,0,1,0,0,0,0,0,-1.0239656833143953,3.2007553044811985,2
2803.0,93.39,0,3,0,0,1,0,0,0,0,0,-2.072547257832444,0.43958307385775386,2
260.0,36.0,2,3,0,0,1,0,0,0,0,0,1.5443703028030265,0.8401165157513404,0
107.0,147.0,2,4,0,0,0,1,0,0,0,0,1.5699245418011574,-0.638562282577202,0
10.0,36.0,2,3,0,0,1,0,0,0,0,0,1.5437752795681332,0.8341588836951537,0
919.0,48.6,2,3,0,0,1,0,0,0,0,0,1.5030729235499205,0.9206571099353607,0
262.0,174.98,0,3,0,0,1,0,0,0,0,0,-2.3561685309933433,0.7988703179629894,1
480.0,164.0,2,7,0,0,0,0,0,0,1,0,1.5486046699265648,0.15529829782298119,0
1082.0,174.0,0,3,0,0,1,0,0,0,0,0,-2.3508828434106492,0.8133685296340886,1
1035.0,148.83,2,3,0,0,1,0,0,0,0,0,1.1623613002084099,1.4391785902483614,0
199.0,184.44,0,3,0,0,1,0,0,0,0,0,-2.388501892747956,0.8460476591097358,1
22.0,401.78,2,5,0,0,0,0,1,0,0,0,0.9479848001351672,0.9225852569705195,0
322.0,62.22,2,3,0,0,1,0,0,0,0,0,1.4553160540956405,0.9765152115901775,0
132.0,348.0,0,8,0,0,0,0,0,0,0,1,-3.0779873069769454,-0.05194080695557203,3
26.0,19.0,2,3,0,0,1,0,0,0,0,0,1.6016482522063438,0.7470626567954396,0
2186.0,34.2,2,1,1,0,0,0,0,0,0,0,1.6749193818706396,-1.0376607700987424,0
618.0,174.0,0,7,0,0,0,0,0,0,1,0,-1.9128137500136193,-0.5464040028333909,3
216.0,138.0,0,7,0,0,0,0,0,0,1,0,-1.7912966602316578,-0.741230378276631,3
679.0,44.37,2,1,1,0,0,0,0,0,0,0,1.6367337086926168,-1.0212412390085635,0
121.0,184.44,0,3,0,0,1,0,0,0,0,0,-2.388687539997243,0.8441888779082057,1
4.0,184.44,0,3,0,0,1,0,0,0,0,0,-2.388966010871173,0.8414007061059102,1
581.0,174.6,0,3,0,0,1,0,0,0,0,0,-2.3541165014257697,0.804516876711772,1
681.0,170.05,1,4,0,0,0,1,0,0,0,0,-0.4883015183852864,0.9631334993205685,2
4735.0,167.75,2,3,0,0,1,0,0,0,0,0,1.1068008122859891,1.624708873529735,0
1840.0,72.57,2,3,0,0,1,0,0,0,0,0,1.4237177926241067,1.0659483230756994,0
,184.44,1,3,0,0,1,0,0,0,0,0,-0.9424241079212645,3.0671614988685407,2
765.0,129.6,2,1,1,0,0,0,0,0,0,0,1.346981468872782,-0.5806207174993437,0
650.0,209.12,1,3,0,0,1,0,0,0,0,0,-1.0248397012523693,3.20964811155994,2
1413.0,48.6,0,1,1,0,0,0,0,0,0,0,-1.8036363333883882,-1.738431442700461,3
76.0,194.86,1,3,0,0,1,0,0,0,0,0,-0.9776926070811082,3.122591190187778,2
370.0,240.0,0,3,0,0,1,0,0,0,0,0,-2.5771129293470194,1.1360197825490375,1
40.0,149.99,2,3,0,0,1,0,0,0,0,0,1.1560467269255725,1.421436268653416,0
748.0,208.66,1,1,1,0,0,0,0,0,0,0,-0.9032001823219759,1.2952039066191825,2
260.0,240.0,0,3,0,0,1,0,0,0,0,0,-2.5773747395703728,1.1333984244443152,1
45.0,185.12,0,3,0,0,1,0,0,0,0,0,-2.391181822706698,0.8458768583771773,1
76.0,36.0,0,3,0,0,1,0,0,0,0,0,-1.8837939828571253,0.07928342303524105,1
1507.0,48.6,2,1,1,0,0,0,0,0,0,0,1.624313743907202,-0.9797430975245887,0
644.0,19.0,2,7,0,0,0,0,0,0,1,0,2.0422926061639917,-0.5869252441328641,0
150.0,36.0,2,4,0,0,0,1,0,0,0,0,1.947654704490541,-1.2087142877456216,0
363.0,138.64,1,2,0,1,0,0,0,0,0,0,-0.39982341428487017,1.3015804008625034,2
225.0,240.0,2,3,0,0,1,0,0,0,0,0,0.8502683057360123,1.889012631479195,0
38845.0,64.8,2,4,0,0,0,1,0,0,0,0,1.9417732910723713,-0.13839479561153528,0
11332.0,14.25,2,7,0,0,0,0,0,0,1,0,2.083890788500268,-0.35666680540316686,0
156.0,19.0,2,3,0,0,1,0,0,0,0,0,1.6019576642884883,0.7501606254646567,0
,77.3,0,4,0,0,0,1,0,0,0,0,-1.6209334229828196,-1.7562182375603677,3
6441.0,176.79,2,3,0,0,1,0,0,0,0,0,1.0801066969581565,1.7118812099032612,0
2484.0,65.37,1,2,0,1,0,0,0,0,0,0,-0.14550685629846186,0.9750968600630445,2
116.0,240.0,0,8,0,0,0,0,0,0,0,1,-2.7106037270329693,-0.6080616046978435,3
6445.0,64.8,0,3,0,0,1,0,0,0,0,0,-1.9666142806399225,0.3792572597761662,2
188.0,19.0,2,7,0,0,0,0,0,0,1,0,2.0412072837835464,-0.5977919650033485,0
360.0,43.2,1,4,0,0,0,1,0,0,0,0,-0.05751517865848601,0.3027472631537373,2
94.0,91.5,2,3,0,0,1,0,0,0,0,0,1.3551612980285663,1.1217490070070741,0
5592.0,19.0,2,3,0,0,1,0,0,0,0,0,1.6148958495080055,0.8797033768943796,0
4407.0,77.4,2,7,0,0,0,0,0,0,1,0,1.8525690345292058,-0.19673997251040634,0
1601.0,174.0,0,1,1,0,0,0,0,0,0,0,-2.2298062494661983,-1.088675984273368,3
109.0,239.99,2,3,0,0,1,0,0,0,0,0,0.8500262354792284,1.8861968328431533,0
848.0,119.0,2,6,0,0,0,0,0,1,0,0,1.484361522484434,0.21882650896505468,0
2004.0,184.44,0,7,0,0,0,0,0,0,1,0,-1.9450323684710358,-0.4596534048157934,3
11.0,178.99,0,3,0,0,1,0,0,0,0,0,-2.370408164528013,0.813523257529093,1
4.0,348.0,2,1,1,0,0,0,0,0,0,0,0.6021619694741701,0.5250730359761019,2
106.0,174.0,2,8,0,0,0,0,0,0,0,1,0.9416342803602998,-0.19147022346831355,0
143.0,184.44,0,8,0,0,0,0,0,0,0,1,-2.5215214320318706,-0.8933152835486454,3
3005.0,150.04,2,8,0,0,0,0,0,0,0,1,1.0300473457910746,-0.24567736142814892,0
226.0,32.21,1,3,0,0,1,0,0,0,0,0,-0.4239917669202306,2.2892117769573375,2
1837.0,96.99,2,3,0,0,1,0,0,0,0,0,1.340632532232832,1.1915357094250836,0
958.0,176.66,1,3,0,0,1,0,0,0,0,0,-0.9136760110524386,3.049957317294131,2
100.0,137.51,2,6,0,0,0,0,0,1,0,0,1.4196092226592634,0.29624885086192937,0
1634.0,327.61,1,6,0,0,0,0,0,1,0,0,-1.2046448051760255,2.7804171715870063,2
1827.0,96.99,2,1,1,0,0,0,0,0,0,0,1.460450057012249,-0.7231151539132641,0
803.0,174.79,2,3,0,0,1,0,0,0,0,0,1.0734918378061606,1.5672332193778675,0
173.0,16.15,2,7,0,0,0,0,0,0,1,0,2.0508674317883266,-0.612814771088557,0
75.0,179.73,1,7,0,0,0,0,0,0,1,0,-0.48704847752850783,1.6959972036256898,2
0.0,29.0,0,3,0,0,1,0,0,0,0,0,-1.8601605029759305,0.041452149510209146,1
520.0,27.0,0,3,0,0,1,0,0,0,0,0,-1.8521187498060376,0.043552551792805705,1
226.0,174.0,0,3,0,0,1,0,0,0,0,0,-2.352920202966924,0.7929695974737053,1
1920.0,72.57,2,3,0,0,1,0,0,0,0,0,1.4239082000592727,1.0678547653336792,0
99.0,164.0,2,4,0,0,0,1,0,0,0,0,1.5120706099064636,-0.5512754114516899,0
515.0,184.44,0,3,0,0,1,0,0,0,0,0,-2.3877497833790513,0.8535781060287558,1
2739.0,184.44,0,3,0,0,1,0,0,0,0,0,-2.382456456681442,0.9065772008005925,1
135.0,19.0,2,3,0,0,1,0,0,0,0,0,1.6019076823367573,0.749660184371937,0
1289.0,214.79,0,3,0,0,1,0,0,0,0,0,-2.4891598824107772,1.028196028457784,1
5001.0,143.35,1,7,0,0,0,0,0,0,1,0,-0.351557472644653,1.6261845028089883,2
378.0,138.58,1,2,0,1,0,0,0,0,0,0,-0.3995835897455372,1.3016291146140466,2
692.0,171.94,1,2,0,1,0,0,0,0,0,0,-0.5123287093156453,1.48077366001307,2
405.0,72.57,2,2,0,1,0,0,0,0,0,0,1.806225078289036,-0.506805346849609,0
7886.0,274.8,0,1,1,0,0,0,0,0,0,0,-2.557774249343259,-0.4202109057095379,3
74.0,138.19,0,7,0,0,0,0,0,0,1,0,-1.792281023389002,-0.7436366234070892,3
362.0,213.22,1,1,1,0,0,0,0,0,0,0,-0.9196322572348491,1.30946987978337,2
1924.0,293.0,2,7,0,0,0,0,0,0,1,0,1.113176761866491,0.8535095500100447,0
953.0,34.2,1,6,0,0,0,0,0,1,0,0,-0.20806944772275873,1.2543781242643135,2
2551.0,348.0,2,4,0,0,0,1,0,0,0,0,0.8919289523933167,0.4539725040283921,0
11060.0,59.04,2,4,0,0,0,1,0,0,0,0,1.8952382306893307,-0.8301654628316243,0
440.0,68.15,2,3,0,0,1,0,0,0,0,0,1.435422734208011,1.0098414295697136,0
340.0,130.0,0,1,1,0,0,0,0,0,0,0,-2.0831172401540696,-1.345138673038753,3
232.0,138.0,0,3,0,0,1,0,0,0,0,0,-2.230432035265616,0.6078660775461618,1
26.0,138.0,0,7,0,0,0,0,0,0,1,0,-1.7917488778901767,-0.7457581786393328,3
1043.0,84.14,2,6,0,0,0,0,0,1,0,0,1.6034211879917708,0.04409309813672322,0
74.0,169.41,0,3,0,0,1,0,0,0,0,0,-2.3376665564829207,0.7657284280386901,1
1159.0,164.0,2,1,1,0,0,0,0,0,0,0,1.2308886222203557,-0.3942181641973188,0
1604.0,25.65,2,1,1,0,0,0,0,0,0,0,1.7026217159764299,-1.0955261820110567,0
3014.0,64.8,2,4,0,0,0,1,0,0,0,0,1.8564921809545414,-0.9922664524324336,0
137.0,138.28,0,3,0,0,1,0,0,0,0,0,-2.23161071877266,0.607042983500009,1
1152.0,72.57,2,6,0,0,0,0,0,1,0,0,1.6430423646291916,-0.0128455420876416,0
19.0,138.0,0,2,0,1,0,0,0,0,0,0,-1.8450162760285294,-0.9357666868885061,3
2995.0,138.0,2,8,0,0,0,0,0,0,0,1,1.0709842560063951,-0.3078703305239125,0
1521.0,19.0,2,3,0,0,1,0,0,0,0,0,1.6052064911510049,0.782689296491436,0
435.0,138.13,0,8,0,0,0,0,0,0,0,1,-2.3632773972928667,-1.1246558125963824,3
272.0,138.0,0,1,1,0,0,0,0,0,0,0,-2.1104955058392205,-1.3055932593809485,3
292.0,149.99,2,2,0,1,0,0,0,0,0,0,1.5425692293795608,-0.11111530015674487,0
373.0,138.0,0,1,1,0,0,0,0,0,0,0,-2.1102551164523238,-1.3031863760302491,3
32.0,72.57,1,7,0,0,0,0,0,0,1,0,-0.1225868841272523,1.1435554000269441,2
,163.66,1,4,0,0,0,1,0,0,0,0,-0.46818324670913397,0.9140236552998176,2
1138.0,138.0,0,3,0,0,1,0,0,0,0,0,-2.2282756710623635,0.6294565361177823,1
2.0,143.0,0,1,1,0,0,0,0,0,0,0,-2.128148393036193,-1.2862988210159507,3
5724.0,138.0,0,4,0,0,0,1,0,0,0,0,-1.8138143529306154,-1.3074661068357691,3
170.0,138.01,0,4,0,0,0,1,0,0,0,0,-1.8270674096412087,-1.439769403234041,3
109.0,138.0,2,1,1,0,0,0,0,0,0,0,1.3168428875708993,-0.5530293599588361,0
30.0,237.15,2,4,0,0,0,1,0,0,0,0,1.2630462489225374,-0.1765091150787072,0
,138.0,0,4,0,0,0,1,0,0,0,0,-1.8274380049167296,-1.443872050394219,3
605.0,138.33,0,4,0,0,0,1,0,0,0,0,-1.8271207259871052,-1.4277564878731923,3
161.0,138.0,2,6,0,0,0,0,0,1,0,0,1.418087402642455,0.3002239238202356,0
484.0,72.57,2,8,0,0,0,0,0,0,0,1,1.2876041325187482,-0.7043943062748526,0
1014.0,75.2,2,3,0,0,1,0,0,0,0,0,1.4128044379896905,1.0597975929605261,0
99.0,72.57,2,3,0,0,1,0,0,0,0,0,1.4195740508163106,1.0244593734364158,0
271.0,143.0,0,3,0,0,1,0,0,0,0,0,-2.2473494737442605,0.6345241491326065,1
32.0,138.83,0,4,0,0,0,1,0,0,0,0,-1.830185545451809,-1.4388385124474043,3
259.0,138.0,0,6,0,0,0,0,0,1,0,0,-2.009405696808737,-0.45388895993648537,3
777.0,138.0,0,3,0,0,1,0,0,0,0,0,-2.2291348846135493,0.6208537154286488,1
418.0,137.74,2,3,0,0,1,0,0,0,0,0,1.1986215442097852,1.3674089399074556,0
1477.0,138.0,0,4,0,0,0,1,0,0,0,0,-1.8239226076449806,-1.4086743602062681,3
839.0,72.57,2,4,0,0,0,1,0,0,0,0,1.824881531502462,-1.0041154810695114,0
26.0,72.57,2,1,1,0,0,0,0,0,0,0,1.5392416297405345,-0.8916928131800912,0
18.0,164.96,1,4,0,0,0,1,0,0,0,0,-0.47256307318307644,0.9211420618641397,2
4053.0,138.0,0,3,0,0,1,0,0,0,0,0,-2.221337700143509,0.6989225258929189,2
1316.0,137.97,0,3,0,0,1,0,0,0,0,0,-2.2277499529464997,0.6335439980558731,1
46.0,138.0,0,3,0,0,1,0,0,0,0,0,-2.230874732552377,0.603433599296359,1
630.0,138.0,0,3,0,0,1,0,0,0,0,0,-2.2294847582756665,0.6173506277796111,1
11.0,138.0,0,1,1,0,0,0,0,0,0,0,-2.111116710096449,-1.3118130272476074,3
601.0,138.0,0,4,0,0,0,1,0,0,0,0,-1.8260075690600464,-1.4295499029311463,3
779.0,72.57,2,4,0,0,0,1,0,0,0,0,1.8247387259260877,-1.0055453127629963,0
77.0,138.0,0,4,0,0,0,1,0,0,0,0,-1.8272547377603825,-1.4420370997209135,3
939.0,138.0,0,3,0,0,1,0,0,0,0,0,-2.2287493095573385,0.6247142610010578,1
196.0,138.0,2,1,1,0,0,0,0,0,0,0,1.317049955656642,-0.5509561040032831,0
2.0,138.0,0,4,0,0,0,1,0,0,0,0,-1.8274332447308503,-1.4438243893377696,3
52.0,138.0,0,8,0,0,0,0,0,0,0,1,-2.3637467060740374,-1.1344518506120882,3
256.0,138.0,2,4,0,0,0,1,0,0,0,0,1.6008976474350711,-0.6813231596459378,0
4.0,72.55,2,1,1,0,0,0,0,0,0,0,1.5392573087442771,-0.8923199995249782,0
432.0,138.0,0,3,0,0,1,0,0,0,0,0,-2.229956016677702,0.6126321831911111,1
3446.0,64.8,2,3,0,0,1,0,0,0,0,0,1.4539741691935693,1.064237781152897,0
2248.0,97.02,2,7,0,0,0,0,0,0,1,0,1.7806821453793684,-0.14723073875982834,0
29.0,137.99,0,2,0,1,0,0,0,0,0,0,-1.8449584545749271,-0.9355798389682299,3
219.0,138.66,2,1,1,0,0,0,0,0,0,0,1.3148593431966182,-0.5470118159640043,0
34.0,72.57,2,3,0,0,1,0,0,0,0,0,1.4194193447752383,1.0229103891018072,0
1.0,138.0,2,4,0,0,0,1,0,0,0,0,1.6002907237354802,-0.6873999443432482,0
702.0,72.57,2,4,0,0,0,1,0,0,0,0,1.8245554587697406,-1.0073802634363018,0
103.0,72.57,2,1,1,0,0,0,0,0,0,0,1.5394248968968816,-0.8898578625067857,0
775.0,138.0,0,7,0,0,0,0,0,0,1,0,-1.7899661882784366,-0.7279091129989976,3
217.0,75.2,2,3,0,0,1,0,0,0,0,0,1.410907503916851,1.040804661965403,0
34.0,142.9,0,3,0,0,1,0,0,0,0,0,-2.2475733505288735,0.628361740323628,1
137.0,149.99,0,8,0,0,0,0,0,0,0,1,-2.404335006697857,-1.0707288787093252,3
3263.0,143.77,2,2,0,1,0,0,0,0,0,0,1.5708012515595209,-0.0723212799472077,0
125.0,143.0,0,8,0,0,0,0,0,0,0,1,-2.3805832213927363,-1.106983541066002,3
1757.0,121.0,0,8,0,0,0,0,0,0,0,1,-2.3018537564608885,-1.181298315340205,3
6.0,143.0,0,3,0,0,1,0,0,0,0,0,-2.2479801983732473,0.6282090591530486,1
45.0,143.0,0,8,0,0,0,0,0,0,0,1,-2.3807736288279018,-1.1088899833239818,3
4.0,78.87,2,1,1,0,0,0,0,0,0,0,1.5177563374457217,-0.8597989467590794,0
2536.0,184.27,0,7,0,0,0,0,0,0,1,0,-1.9431878101156714,-0.4478503389537412,3
,75.2,2,7,0,0,0,0,0,0,1,0,1.8495644802699553,-0.31308173003056394,0
2.0,178.99,1,3,0,0,1,0,0,0,0,0,-0.923878162042802,3.0391648976506,2
2406.0,19.0,2,3,0,0,1,0,0,0,0,0,1.6073128734025268,0.8037793139703366,0
91.0,174.87,1,1,1,0,0,0,0,0,0,0,-0.7898085520892584,1.1056728234743023,2
79.0,143.0,0,1,1,0,0,0,0,0,0,0,-2.1279651258798458,-1.2844638703426452,3
5940.0,77.3,2,1,1,0,0,0,0,0,0,0,1.5372257914354577,-0.7264197370464865,0
119.0,151.0,0,3,0,0,1,0,0,0,0,0,-2.2749276672363354,0.6720677984195321,1
167.0,143.0,2,1,1,0,0,0,0,0,0,0,1.299970670858107,-0.5259185083361212,0
328.0,143.0,0,3,0,0,1,0,0,0,0,0,-2.2472138084467046,0.6358824892414171,1
487.0,143.0,2,3,0,0,1,0,0,0,0,0,1.1808909748899574,1.396119818751898,0
1180.0,174.34,1,6,0,0,0,0,0,1,0,0,-0.6842927928564172,1.980911124837954,2
896.0,143.0,2,2,0,1,0,0,0,0,0,0,1.5677871519354587,-0.13269035712697774,0
5401.0,75.2,2,2,0,1,0,0,0,0,0,0,1.809168624748812,-0.3742147416403071,0
228.0,164.0,2,8,0,0,0,0,0,0,0,1,0.9759451759055027,-0.24002026099625343,0
3989.0,36.0,0,7,0,0,0,0,0,0,1,0,-1.4353072226635852,-1.1761828873925224,3
75.0,147.0,0,3,0,0,1,0,0,0,0,0,-2.2614241816430467,0.6504363103890997,1
3455.0,99.01,0,8,0,0,0,0,0,0,0,1,-2.2230012259192358,-1.2539888173896034,3
0.0,146.48,2,1,1,0,0,0,0,0,0,0,1.2877340529133103,-0.5119910445836211,0
22.0,147.0,0,2,0,1,0,0,0,0,0,0,-1.8756276075356282,-0.8893835695296088,3
527.0,77.3,2,3,0,0,1,0,0,0,0,0,1.4045010226447379,1.05899817172906,0
,76.94,2,4,0,0,0,1,0,0,0,0,1.8080176644478874,-1.00162242706859,0
31.0,77.3,2,7,0,0,0,0,0,0,1,0,1.8424939530677014,-0.30153693764161144,0
308.0,183.97,1,3,0,0,1,0,0,0,0,0,-0.9400920746581671,3.072082805549109,2
59.0,36.0,0,3,0,0,1,0,0,0,0,0,-1.883834444437098,0.0788783040554204,1
1348.0,146.96,2,3,0,0,1,0,0,0,0,0,1.1694681073251258,1.437015018894063,0
0.0,147.0,0,3,0,0,1,0,0,0,0,0,-2.2616026886135145,0.6486490207722436,1
627.0,151.0,0,8,0,0,0,0,0,0,0,1,-2.4066048341023305,-1.0538547263200921,3
19.0,79.41,2,3,0,0,1,0,0,0,0,0,1.3961136048238476,1.0577497667668454,0
534.0,147.0,0,8,0,0,0,0,0,0,0,1,-2.3932179730630807,-1.076653910233537,3
197.0,82.04,2,6,0,0,0,0,0,1,0,0,1.608551939448273,0.0131264252446022,0
417.0,183.35,1,4,0,0,0,1,0,0,0,0,-0.5341771601160782,1.0252805312911426,2
,146.58,2,4,0,0,0,1,0,0,0,0,1.5710987338732993,-0.643273358300047,0
887.0,146.78,0,7,0,0,0,0,0,0,1,0,-1.8195696381225772,-0.6800605300269729,3
1951.0,19.0,2,7,0,0,0,0,0,0,1,0,2.0454033876360134,-0.5557787437431202,0
2302.0,147.0,0,4,0,0,0,1,0,0,0,0,-1.8525775027557507,-1.3427025486466293,3
51.0,151.0,2,3,0,0,1,0,0,0,0,0,1.1526368350030438,1.4268955980229954,0
40.0,36.0,0,8,0,0,0,0,0,0,0,1,-2.016765920282248,-1.6596029090586455,3
623.0,151.0,2,1,1,0,0,0,0,0,0,0,1.2738395738732922,-0.4738858978885496,0
28.0,151.0,2,4,0,0,0,1,0,0,0,0,1.5561283047763013,-0.6198619495184136,0
,79.4,2,6,0,0,0,0,0,1,0,0,1.617064479529713,-0.0051529323761116365,0
349.0,79.4,2,3,0,0,1,0,0,0,0,0,1.396933056018113,1.0655623837190404,0
355.0,19.0,2,4,0,0,0,1,0,0,0,0,2.005977514694331,-1.2913065448108585,0
277.0,19.0,2,6,0,0,0,0,0,1,0,0,1.8232077314816875,-0.3093543423648645,0
83.0,79.4,2,7,0,0,0,0,0,0,1,0,1.8354734078171784,-0.28949170415993913,0
808.0,79.4,2,7,0,0,0,0,0,0,1,0,1.8371989751983686,-0.27221457119699777,0
31.0,79.41,2,1,1,0,0,0,0,0,0,0,1.515983491647935,-0.8563768249505579,0
49.0,49.53,0,4,0,0,0,1,0,0,0,0,-1.5263418027071218,-1.8979476358718186,3
160.0,36.0,0,3,0,0,1,0,0,0,0,0,-1.8835940550502013,0.08128518740611979,1
484.0,78.54,1,6,0,0,0,0,0,1,0,0,-0.3600327156433717,1.4713635495079125,2
360.0,79.41,2,8,0,0,0,0,0,0,0,1,1.264038962436944,-0.6721524561863116,0
3908.0,62.22,2,4,0,0,0,1,0,0,0,0,1.8673972792878157,-0.9842379595881205,0
669.0,79.41,2,4,0,0,0,1,0,0,0,0,1.8012068771454375,-0.972969835279309,0
11.0,19.0,2,1,1,0,0,0,0,0,0,0,1.721453876521063,-1.167707359184032,0
1540.0,151.0,2,3,0,0,1,0,0,0,0,0,1.1561807933900674,1.4623792545496432,0
2193.0,151.54,0,3,0,0,1,0,0,0,0,0,-2.2718284627868166,0.7242710115041101,1
273.0,156.0,0,6,0,0,0,0,0,1,0,0,-2.0706093190794177,-0.3609320809928929,3
122.0,151.0,0,7,0,0,0,0,0,0,1,0,-1.835747070436525,-0.6765758773669907,3
658.0,184.97,1,1,1,0,0,0,0,0,0,0,-0.8228197688411614,1.1711566685688062,2
306.0,156.0,0,8,0,0,0,0,0,0,0,1,-2.424379106039221,-1.0357756448945563,3
38.0,151.0,0,4,0,0,0,1,0,0,0,0,-1.8715742428535733,-1.3760719197589122,3
1997.0,151.0,0,3,0,0,1,0,0,0,0,0,-2.270457852695818,0.7168215304256064,1
27.0,151.0,0,3,0,0,1,0,0,0,0,0,-2.2751466357867765,0.6698753898228554,1
49.0,151.0,0,7,0,0,0,0,0,0,1,0,-1.8359208172211139,-0.6783155059273972,3
211.0,150.81,0,1,1,0,0,0,0,0,0,0,-2.154220983017157,-1.2411300409173474,3
,151.0,0,8,0,0,0,0,0,0,0,1,-2.4080971523754426,-1.0687964675170083,3
145.0,79.4,2,5,0,0,0,0,1,0,0,0,2.0450312109382978,-0.733366023290504,0
1464.0,188.15,1,1,1,0,0,0,0,0,0,0,-0.8317199406295566,1.2067275154248442,2
302.0,79.41,2,7,0,0,0,0,0,0,1,0,1.8359606276467384,-0.2842213611167483,0
,151.0,2,2,0,1,0,0,0,0,0,0,1.5384381692963416,-0.1128766208392637,0
1025.0,151.28,0,7,0,0,0,0,0,0,1,0,-1.8345504211898749,-0.6536161042448463,3
3646.0,151.22,0,3,0,0,1,0,0,0,0,0,-2.2672815309710073,0.7572501334315834,2
1423.0,151.0,2,1,1,0,0,0,0,0,0,0,1.2757436482249502,-0.4548214753087523,0
12.0,151.4,0,2,0,1,0,0,0,0,0,0,-1.8906204391159167,-0.8669806355444584,3
5103.0,174.63,0,1,1,0,0,0,0,0,0,0,-2.223614457016829,-1.0019796606261095,3
1110.0,82.04,2,6,0,0,0,0,0,1,0,0,1.6107249643021029,0.03488369751379592,0
6.0,163.53,0,1,1,0,0,0,0,0,0,0,-2.197983008860533,-1.180561534775852,3
1612.0,174.37,0,4,0,0,0,1,0,0,0,0,-1.9473339416374515,-1.2183068134060953,3
60.0,160.0,2,7,0,0,0,0,0,0,1,0,1.5612132405745742,0.12470653118004407,0
1.0,184.85,1,3,0,0,1,0,0,0,0,0,-0.9438165693207946,3.069295081237591,2
1446.0,82.04,2,1,1,0,0,0,0,0,0,0,1.5104039252911015,-0.809123341314074,0
1917.0,156.0,0,3,0,0,1,0,0,0,0,0,-2.2876585222342714,0.740643769153306,1
2485.0,82.04,2,4,0,0,0,1,0,0,0,0,1.7965817280573722,-0.9161603098247016,0
326.0,36.0,0,6,0,0,0,0,0,1,0,0,-1.6622368836747212,-0.977157406653288,3
492.0,187.97,1,3,0,0,1,0,0,0,0,0,-0.9532623472399158,3.097050567531006,2
66.0,86.24,2,1,1,0,0,0,0,0,0,0,1.4928307768677296,-0.8203973782362538,0
1158.0,188.64,1,4,0,0,0,1,0,0,0,0,-0.550410368553133,1.0701598971885287,2
540.0,156.0,0,3,0,0,1,0,0,0,0,0,-2.2909359102120628,0.7078291317878299,1
287.0,164.0,0,1,1,0,0,0,0,0,0,0,-2.198913167382222,-1.1714466603320441,3
292.0,160.0,0,3,0,0,1,0,0,0,0,0,-2.3051343829437068,0.7225021055766362,1
186.0,179.0,1,6,0,0,0,0,0,1,0,0,-0.7025121695186164,1.981202710461209,2
1220.0,64.8,0,8,0,0,0,0,0,0,0,1,-2.111936520328488,-1.483285683275931,3
1776.0,82.03,2,6,0,0,0,0,0,1,0,0,1.612344126724065,0.050703371949505784,0
605.0,155.64,0,3,0,0,1,0,0,0,0,0,-2.289556465299554,0.7075256510914695,1
2.0,91.5,2,7,0,0,0,0,0,0,1,0,1.7941157859991175,-0.22915856896079947,0
173.0,82.04,2,2,0,1,0,0,0,0,0,0,1.7734554603034285,-0.4636039076108732,0
11.0,155.72,0,1,1,0,0,0,0,0,0,0,-2.1714010789905,-1.2206305818343595,3
304.0,156.0,2,3,0,0,1,0,0,0,0,0,1.1362287364134682,1.4586534026495357,0
96.0,191.89,2,1,1,0,0,0,0,0,0,0,1.1334753414134524,-0.27603543316210477,0
599.0,164.0,0,3,0,0,1,0,0,0,0,0,-2.318011904093888,0.750401022530177,1
157.0,156.45,0,7,0,0,0,0,0,0,1,0,-1.8542049528762232,-0.647697546604734,3
483.0,192.22,2,3,0,0,1,0,0,0,0,0,1.013432434373437,1.6492976322620272,0
444.0,160.17,0,3,0,0,1,0,0,0,0,0,-2.3053509577284035,0.7269991210203107,1
81.0,160.0,0,8,0,0,0,0,0,0,0,1,-2.438522836633255,-1.0205545689565807,3
1933.0,119.0,2,1,1,0,0,0,0,0,0,0,1.3858231730851722,-0.60733146422248,0
21.0,160.0,2,3,0,0,1,0,0,0,0,0,1.1219469604289392,1.472492307950476,0
64.0,160.0,0,8,0,0,0,0,0,0,0,1,-2.4385632982132277,-1.0209596879364016,3
103.0,160.0,0,1,1,0,0,0,0,0,0,0,-2.185742894800473,-1.1964144223139412,3
178.0,209.26,0,1,1,0,0,0,0,0,0,0,-2.3531494900715932,-0.9411481676261713,3
,160.0,2,5,0,0,0,0,1,0,0,0,1.7704806723570656,-0.3220751123939397,0
12.0,159.82,0,3,0,0,1,0,0,0,0,0,-2.305188439531069,0.7149033251582227,1
462.0,64.83,0,7,0,0,0,0,0,0,1,0,-1.5417829817490138,-1.1118815858777762,3
387.0,159.96,2,1,1,0,0,0,0,0,0,0,1.2427954822504619,-0.4334041062232522,0
1309.0,84.14,2,8,0,0,0,0,0,0,0,1,1.2502059626868884,-0.6251979526885743,0
10590.0,64.8,0,1,1,0,0,0,0,0,0,0,-1.8369074696965808,-1.4363777587883593,3
,160.0,0,8,0,0,0,0,0,0,0,1,-2.43871562416136,-1.0224848417427852,3
723.0,64.8,2,3,0,0,1,0,0,0,0,0,1.4474931761191128,0.9993472527969117,0
258.0,192.0,0,8,0,0,0,0,0,0,0,1,-2.5469672376439902,-0.8516730071524523,3
,216.4,0,7,0,0,0,0,0,0,1,0,-2.058531670086153,-0.34295205451772276,3
181.0,86.24,2,4,0,0,0,1,0,0,0,0,1.7768093737578352,-0.9494537548265473,0
213.0,84.14,2,4,0,0,0,1,0,0,0,0,1.7840298468152822,-0.9594972239373407,0
1432.0,151.21,0,3,0,0,1,0,0,0,0,0,-2.2725170362150147,0.704437886580023,1
309.0,159.82,0,2,0,1,0,0,0,0,0,0,-1.9185588328947998,-0.8165758698818245,3
308.0,84.14,2,3,0,0,1,0,0,0,0,0,1.3807097437336742,1.08897612163625,0
1311.0,163.53,0,7,0,0,0,0,0,0,1,0,-1.8755448567622115,-0.5837653047576542,3
197.0,86.24,1,3,0,0,1,0,0,0,0,0,-0.6078736819036027,2.566544818370072,2
0.0,49.5,0,1,1,0,0,0,0,0,0,0,-1.810061251890596,-1.7674728165046056,3
134.0,164.0,0,3,0,0,1,0,0,0,0,0,-2.3191186473107894,0.7393198269056699,1
84.0,86.24,2,7,0,0,0,0,0,0,1,0,1.8122057493528207,-0.25427103804330503,0
2667.0,164.0,0,6,0,0,0,0,0,1,0,0,-2.0921277959473406,-0.2627159068457623,3
113.0,164.0,0,3,0,0,1,0,0,0,0,0,-2.3191686292625207,0.7388193858129503,1
46.0,164.0,0,3,0,0,1,0,0,0,0,0,-2.319328095489472,0.7372227404218922,1
18.0,164.0,2,3,0,0,1,0,0,0,0,0,1.1083316104674903,1.4930037611543452,0
36.0,164.0,0,1,1,0,0,0,0,0,0,0,-2.199510570710055,-1.1774281229164556,3
191.0,86.24,2,7,0,0,0,0,0,0,1,0,1.812460419297355,-0.2517211715232571,0
214.0,164.0,2,1,1,0,0,0,0,0,0,0,1.2286394343924596,-0.4167380133697045,0
3220.0,97.22,0,6,0,0,0,0,0,1,0,0,-1.8636225439002496,-0.5931698879822119,3
3276.0,174.6,2,1,1,0,0,0,0,0,0,0,1.1998655233144617,-0.2892241322558898,0
2680.0,64.8,0,8,0,0,0,0,0,0,0,1,-2.1084615846367116,-1.4484931120678008,3
294.0,164.0,0,6,0,0,0,0,0,1,0,0,-2.097775756492947,-0.31926575032308613,3
8.0,86.24,2,1,1,0,0,0,0,0,0,0,1.4926927314772345,-0.8217795488732891,0
12.0,206.23,1,1,1,0,0,0,0,0,0,0,-0.8966849433433036,1.2651604988867287,2
78.0,164.0,0,8,0,0,0,0,0,0,0,1,-2.4521381865947034,-1.0000431157527114,3
2324.0,200.0,0,3,0,0,1,0,0,0,0,0,-2.436380130916795,0.9767551868147569,1
340.0,78.87,2,7,0,0,0,0,0,0,1,0,1.8378881794855972,-0.2860944985906613,0
419.0,164.0,0,3,0,0,1,0,0,0,0,0,-2.318440320823011,0.7461115274497226,1
941.0,164.0,0,1,1,0,0,0,0,0,0,0,-2.1973565865997413,-1.15586149487306,3
333.0,164.0,0,3,0,0,1,0,0,0,0,0,-2.3186450088158144,0.7440621020223944,1
941.0,45.15,1,3,0,0,1,0,0,0,0,0,-0.4663125587917441,2.37283643102897,2
365.0,174.0,0,3,0,0,1,0,0,0,0,0,-2.352589370048323,0.7962820408969452,1
395.0,164.0,0,4,0,0,0,1,0,0,0,0,-1.9149512311426933,-1.300669850619911,3
524.0,86.24,2,3,0,0,1,0,0,0,0,0,1.3740795337252412,1.1049295617467805,0
19.0,164.0,0,8,0,0,0,0,0,0,0,1,-2.452278612078138,-1.0014491169179716,3
67.0,164.0,0,3,0,0,1,0,0,0,0,0,-2.3192781135377407,0.7377231815146118,1
907.0,164.0,0,3,0,0,1,0,0,0,0,0,-2.3172788354684997,0.7577408252233989,1
,164.0,0,3,0,0,1,0,0,0,0,0,-2.319437579764692,0.7361265361235537,1
985.0,164.0,2,3,0,0,1,0,0,0,0,0,1.1106331603400572,1.5160478819476753,0
63.0,164.12,0,2,0,1,0,0,0,0,0,0,-1.933773161166762,-0.8003115141774279,3
20.0,49.64,0,8,0,0,0,0,0,0,0,1,-2.0632175171588076,-1.589891677894207,3
358.0,86.24,2,7,0,0,0,0,0,0,1,0,1.8128578948182636,-0.2477414733097244,0
4757.0,202.59,1,1,1,0,0,0,0,0,0,0,-0.8730079315338379,1.3595058755555771,2
,164.27,0,3,0,0,1,0,0,0,0,0,-2.3203561339182697,0.7375158848967805,1
355.0,164.0,2,4,0,0,0,1,0,0,0,0,1.5126799136989941,-0.5451747962261546,0
116.0,164.0,2,1,1,0,0,0,0,0,0,0,1.2284061852843813,-0.41907340513572966,0
1823.0,164.64,2,3,0,0,1,0,0,0,0,0,1.1104503646741983,1.53931113576618,0
,263.0,0,4,0,0,0,1,0,0,0,0,-2.2526945574989163,-0.8006550257522329,3
4614.0,164.0,2,3,0,0,1,0,0,0,0,0,1.1192705176177666,1.602528868875281,0
1013.0,64.8,0,3,0,0,1,0,0,0,0,0,-1.9795429454876814,0.24980983045934224,1
7940.0,46.36,2,7,0,0,0,0,0,0,1,0,1.966577610021925,-0.27227036785147424,0
1867.0,61.2,0,3,0,0,1,0,0,0,0,0,-1.9652629574029195,0.2516364512535867,1
3561.0,91.91,2,7,0,0,0,0,0,0,1,0,1.8011916952785871,-0.14223596716810033,0
388.0,173.45,0,1,1,0,0,0,0,0,0,0,-2.2308221733705382,-1.1204125699184107,3
753.0,174.0,0,6,0,0,0,0,0,1,0,0,-2.1307038180402578,-0.25687017589656846,3
3175.0,204.61,0,1,1,0,0,0,0,0,0,0,-2.330196807775637,-0.8936557478532872,3
2614.0,14.25,2,6,0,0,0,0,0,1,0,0,1.844929757679592,-0.2781046448400269,0
380.0,174.0,2,3,0,0,1,0,0,0,0,0,1.0751726799050407,1.5530877743430624,0
190.0,68.36,2,3,0,0,1,0,0,0,0,0,1.4341132799647798,1.0049644021149255,0
41.0,78.87,2,6,0,0,0,0,0,1,0,0,1.618965151123184,-0.006903120903379019,0
518.0,240.0,0,7,0,0,0,0,0,0,1,0,-2.137587219070971,-0.20916846664489694,3
1186.0,91.5,2,6,0,0,0,0,0,1,0,0,1.5787224354660907,0.08537348208378212,0
441.0,91.5,2,6,0,0,0,0,0,1,0,0,1.5769492662261089,0.06761973855634588,0
1149.0,49.39,2,6,0,0,0,0,0,1,0,0,1.7218947994612135,-0.13219519872192573,0
209.0,19.0,2,7,0,0,0,0,0,0,1,0,2.0412572657352777,-0.5972915239106289,0
24.0,149.57,0,6,0,0,0,0,0,1,0,0,-2.0493267651565437,-0.39995296626843857,3
2762.0,34.2,2,6,0,0,0,0,0,1,0,0,1.7774110656425317,-0.17192028952990349,0
6088.0,174.0,2,1,1,0,0,0,0,0,0,0,1.2085995761129347,-0.22530012860618367,0
778.0,62.22,0,1,1,0,0,0,0,0,0,0,-1.851483646374372,-1.6834789011181843,3
1018.0,174.6,2,3,0,0,1,0,0,0,0,0,1.0746499477480937,1.5713790930687324,0
12.0,78.87,2,3,0,0,1,0,0,0,0,0,1.3979340524804256,1.0548042555228188,0
945.0,36.0,0,7,0,0,0,0,0,0,1,0,-1.4425522255716448,-1.2487230153086513,3
138.0,109.8,2,7,0,0,0,0,0,0,1,0,1.7321819193408672,-0.13175064471464717,0
2642.0,174.61,0,1,1,0,0,0,0,0,0,0,-2.2294038246927044,-1.0607295053111538,3
213.0,19.0,2,1,1,0,0,0,0,0,0,0,1.7219346552948567,-1.1628935924826331,0
351.0,64.8,2,3,0,0,1,0,0,0,0,0,1.4466077815455918,0.9904822962973058,0
1747.0,34.2,2,3,0,0,1,0,0,0,0,0,1.5540331953613544,0.8662901860666943,0
390.0,36.0,2,3,0,0,1,0,0,0,0,0,1.5446797148851708,0.8432144844205576,0
549.0,43.22,2,4,0,0,0,1,0,0,0,0,1.9240415430962834,-1.1620536916406266,0
,199.49,0,8,0,0,0,0,0,0,0,1,-2.5730626742531246,-0.819279719317889,3
1167.0,240.0,2,3,0,0,1,0,0,0,0,0,0.8525103532850897,1.9114609890669068,0
,184.44,2,8,0,0,0,0,0,0,0,1,0.9058645632370409,-0.14027477356203802,0
78.0,91.5,2,6,0,0,0,0,0,1,0,0,1.576085292489044,0.058969256810762795,0
4474.0,211.09,0,8,0,0,0,0,0,0,0,1,-2.6018779465211033,-0.6529713961535961,3
127.0,36.0,0,1,1,0,0,0,0,0,0,0,-1.7638312724083942,-1.8339137780813974,3
226.0,90.87,2,1,1,0,0,0,0,0,0,0,1.477460089030417,-0.792759735127555,0
1150.0,97.0,0,3,0,0,1,0,0,0,0,0,-2.0887629607001315,0.4187673183739081,1
662.0,174.0,2,8,0,0,0,0,0,0,0,1,0.9429576120347023,-0.1782204497753544,0
18.0,49.5,0,8,0,0,0,0,0,0,0,1,-2.0627459900057947,-1.5906597420182556,3
12.0,174.0,0,3,0,0,1,0,0,0,0,0,-2.3534295428559924,0.7878698644336096,1
568.0,121.0,0,2,0,1,0,0,0,0,0,0,-1.7858747138535265,-1.0101612422444304,3
2223.0,0.0,2,1,1,0,0,0,0,0,0,0,1.7913576380958902,-1.212763218496474,0
1333.0,174.0,2,3,0,0,1,0,0,0,0,0,1.0774409084764536,1.575798267741246,0
138.0,172.95,0,3,0,0,1,0,0,0,0,0,-2.3495574961039156,0.785469487982935,1
162.0,48.6,0,4,0,0,0,1,0,0,0,0,-1.5229089434537386,-1.9000403208457586,3
515.0,36.0,0,3,0,0,1,0,0,0,0,0,-1.882749122056653,0.08974502492590475,1
352.0,78.87,2,6,0,0,0,0,0,1,0,0,1.6197053600273912,0.0005081733745171722,0
131.0,240.0,0,1,1,0,0,0,0,0,0,0,-2.4578404458507648,-0.7840882717527771,3
902.0,122.27,0,7,0,0,0,0,0,0,1,0,-1.7361496318981684,-0.8058250662954023,3
298.0,314.27,0,7,0,0,0,0,0,0,1,0,-2.390781272799909,0.1677626445069409,3
1523.0,174.0,2,3,0,0,1,0,0,0,0,0,1.0778931261349725,1.580326068103948,0
149.0,184.44,0,8,0,0,0,0,0,0,0,1,-2.521507151474233,-0.893172300379297,3
35.0,91.5,2,1,1,0,0,0,0,0,0,0,1.4748621982539445,-0.7940695522142861,0
414.0,211.51,2,3,0,0,1,0,0,0,0,0,0.9476426167661236,1.746914577057271,0
3300.0,19.0,2,4,0,0,0,1,0,0,0,0,2.0129868884013726,-1.2211256391889795,0
296.0,93.57,0,3,0,0,1,0,0,0,0,0,-2.079126520267671,0.3807661721137984,1
247.0,29.0,0,3,0,0,1,0,0,0,0,0,-1.859572620019856,0.047338289981721626,1
1.0,49.33,1,4,0,0,0,1,0,0,0,0,-0.07922421336242294,0.3257354664094962,2
643.0,25.65,2,7,0,0,0,0,0,0,1,0,2.01966657747368,-0.5527299289501351,0
749.0,240.0,2,7,0,0,0,0,0,0,1,0,1.2906889309573404,0.5527846608977656,0
6.0,36.0,2,3,0,0,1,0,0,0,0,0,1.543765759196375,0.8340635615822547,0
383.0,63.63,2,3,0,0,1,0,0,0,0,0,1.4506643458518274,0.9852243618498487,0
3607.0,68.15,2,3,0,0,1,0,0,0,0,0,1.442960488547638,1.0853127124574864,0
29196.0,467.8,0,7,0,0,0,0,0,0,1,0,-2.844318455175682,1.6464421274919436,2
599.0,19.0,2,1,1,0,0,0,0,0,0,0,1.7228533711695317,-1.1536950085878808,0
133.0,19.0,2,1,1,0,0,0,0,0,0,0,1.721744247859691,-1.1648000347406127,0
871.0,36.0,0,8,0,0,0,0,0,0,0,1,-2.014788063049463,-1.639799740103881,3
1629.0,63.0,2,3,0,0,1,0,0,0,0,0,1.455773234679549,1.0116753862136876,0
1111.0,96.99,2,7,0,0,0,0,0,0,1,0,1.778078041279694,-0.1744804214372794,0
101.0,61.18,1,8,0,0,0,0,0,0,0,1,-0.6557329912434229,0.6972765054824753,2
755.0,44.14,1,2,0,1,0,0,0,0,0,0,-0.07739646410042436,0.8246498972972627,2
114.0,172.78,0,6,0,0,0,0,0,1,0,0,-2.1280741934754426,-0.27837568159268744,3
38.0,0.0,2,6,0,0,0,0,0,1,0,0,1.8872778852616219,-0.41281882635616063,0
299.0,84.96,0,1,1,0,0,0,0,0,0,0,-1.9299863829381787,-1.577879683014968,3
260.0,174.6,2,1,1,0,0,0,0,0,0,0,1.1926871630087104,-0.36109700538172573,0
2.0,1.2,2,4,0,0,0,1,0,0,0,0,2.0656938749743654,-1.3913128255832128,0
614.0,19.0,2,1,1,0,0,0,0,0,0,0,1.7228890725636252,-1.1533375506645096,0
7561.0,36.0,0,1,1,0,0,0,0,0,0,0,-1.7461376614956108,-1.6567576312586305,3
1790.0,174.0,0,3,0,0,1,0,0,0,0,0,-2.349197737609432,0.8302405436172092,1
554.0,174.0,2,4,0,0,0,1,0,0,0,0,1.4791330279873942,-0.4889751591380712,0
780.0,111.34,2,4,0,0,0,1,0,0,0,0,1.6928435336701362,-0.8060212898718132,0
400.0,43.34,1,3,0,0,1,0,0,0,0,0,-0.46144247419066287,2.350630332742566,2
560.0,91.5,2,4,0,0,0,1,0,0,0,0,1.7598166332492748,-0.9133554122324336,0
120.0,174.0,0,3,0,0,1,0,0,0,0,0,-2.3531724928185183,0.7904435614818822,1
97.0,192.37,2,8,0,0,0,0,0,0,0,1,0.8791171565563655,-0.09715752428094997,0
2164.0,33.25,2,3,0,0,1,0,0,0,0,0,1.558257643916781,0.8713390669491343,0
108.0,78.87,2,3,0,0,1,0,0,0,0,0,1.3981625414026246,1.0570919862323944,0
798.0,211.37,1,7,0,0,0,0,0,0,1,0,-0.5929686089227999,1.8760377688095613,2
181.0,173.27,2,8,0,0,0,0,0,0,0,1,0.9442962855978477,-0.19343932127536673,0
253.0,174.0,2,8,0,0,0,0,0,0,0,1,0.941984154022417,-0.18796713581927582,0
35.0,49.5,0,3,0,0,1,0,0,0,0,0,-1.9298192743465241,0.14777381003936085,1
378.0,239.99,2,7,0,0,0,0,0,0,1,0,1.2898399370009654,0.5438920775644133,0
376.0,36.0,0,8,0,0,0,0,0,0,0,1,-2.0159662090545516,-1.6515958515751308,3
168.0,36.0,0,8,0,0,0,0,0,0,0,1,-2.0164612683859824,-1.656552601445878,3
1196.0,91.5,2,6,0,0,0,0,0,1,0,0,1.5787462363954863,0.08561178736602956,0
104.0,174.28,0,1,1,0,0,0,0,0,0,0,-2.234321823274523,-1.1229094788906158,3
580.0,36.0,0,8,0,0,0,0,0,0,0,1,-2.0154806700948784,-1.6467344238172823,3
4276.0,71.7,1,8,0,0,0,0,0,0,0,1,-0.6815856946860237,0.8509021056146623,2
4032.0,19.0,2,3,0,0,1,0,0,0,0,0,1.611182904522272,0.8425277528637749,0
1903.0,91.5,2,1,1,0,0,0,0,0,0,0,1.4793082118650662,-0.7495541254904593,0
573.0,36.0,0,3,0,0,1,0,0,0,0,0,-1.8826110766661577,0.09112719556294013,1
155.0,130.0,0,2,0,1,0,0,0,0,0,0,-1.8174761640234876,-0.9736916246270277,3
1500.0,36.0,2,1,1,0,0,0,0,0,0,0,1.6671629437569093,-1.044746187306074,0
3700.0,19.0,2,6,0,0,0,0,0,1,0,0,1.831354789613845,-0.2277824442515566,0
1459.0,93.49,0,3,0,0,1,0,0,0,0,0,-2.0760863079852956,0.40806941754340786,1
5545.0,34.2,2,3,0,0,1,0,0,0,0,0,1.5630727883458515,0.9567985322642819,0
247.0,36.04,0,3,0,0,1,0,0,0,0,0,-1.8835230690612847,0.08356427280955825,1
8504.0,19.0,2,3,0,0,1,0,0,0,0,0,1.6218266801480412,0.949097875084842,0
1459.0,91.5,2,3,0,0,1,0,0,0,0,0,1.3584101248910831,1.1542776780338535,0
0.0,4.18,2,4,0,0,0,1,0,0,0,0,2.0555509985749265,-1.3760261927721973,0
5.0,184.44,0,3,0,0,1,0,0,0,0,0,-2.3889636307782336,0.841424536634135,1
1377.0,414.0,0,3,0,0,1,0,0,0,0,0,-3.166673296951274,2.0553752227730024,2
40.0,82.04,2,2,0,1,0,0,0,0,0,0,1.7731389079424653,-0.46677336786476453,0
347.0,68.36,2,1,1,0,0,0,0,0,0,0,1.5543282802651055,-0.9057067630098896,0
631.0,34.22,2,1,1,0,0,0,0,0,0,0,1.671150296301191,-1.0746143267642807,0
,143.99,1,6,0,0,0,0,0,1,0,0,-0.5838490115581579,1.796618007949679,2
393.0,149.99,2,3,0,0,1,0,0,0,0,0,1.1568868997332415,1.4298484451167515,0
123.0,36.0,0,3,0,0,1,0,0,0,0,0,-1.8836821184889654,0.08040345786180414,1
203.0,184.91,0,6,0,0,0,0,0,1,0,0,-2.169129261066396,-0.2138369845094267,3
42.0,78.88,2,6,0,0,0,0,0,1,0,0,1.6189335106919172,-0.006827833013183011,0
643.0,91.5,2,7,0,0,0,0,0,0,1,0,1.7956414255733835,-0.2138832003687369,0
266.0,36.0,2,3,0,0,1,0,0,0,0,0,1.5443845833606638,0.8402594989206889,0
365.0,96.99,2,3,0,0,1,0,0,0,0,0,1.337129035425781,1.1564571718782566,0
33.0,240.0,0,1,1,0,0,0,0,0,0,0,-2.458073694958843,-0.7864236635188022,3
333.0,33.24,2,6,0,0,0,0,0,1,0,0,1.7748957902161409,-0.23474454933706357,0
574.0,102.04,2,1,1,0,0,0,0,0,0,0,1.4402874358346442,-0.7269888379833354,0
437.0,58.81,1,7,0,0,0,0,0,0,1,0,-0.07481070517847824,1.0824014338853767,2
230.0,49.5,0,1,1,0,0,0,0,0,0,0,-1.8095138305144944,-1.761991795012914,3
1010.0,63.72,0,1,1,0,0,0,0,0,0,0,-1.8560345434433774,-1.6702316142743392,3
243.0,27.0,0,1,1,0,0,0,0,0,0,0,-1.7329367098414865,-1.8774610625815498,3
584.0,107.86,0,3,0,0,1,0,0,0,0,0,-2.12705638259227,0.4611619344995972,1
6057.0,80.85,2,7,0,0,0,0,0,0,1,0,1.8447591070282325,-0.13966681105945553,0
1727.0,91.49,2,3,0,0,1,0,0,0,0,0,1.3590820103230952,1.1606128022361142,0
1457.0,184.44,2,3,0,0,1,0,0,0,0,0,1.0422186127292963,1.6324747391392134,0
200.0,42.84,1,6,0,0,0,0,0,1,0,0,-0.23925539062073778,1.2808928972543332,2
882.0,184.44,0,8,0,0,0,0,0,0,0,1,-2.5197625433495263,-0.8757045231905576,3
48.0,49.33,0,4,0,0,0,1,0,0,0,0,-1.5256637723159299,-1.8990006136394706,3
119.0,99.0,0,1,1,0,0,0,0,0,0,0,-1.9781796156533331,-1.5099230418876344,3
694.0,78.88,2,1,1,0,0,0,0,0,0,0,1.5193645810498204,-0.843304424922033,0
1724.0,174.0,0,6,0,0,0,0,0,1,0,0,-2.1283927477959326,-0.23373073299033956,3
1599.0,64.8,0,3,0,0,1,0,0,0,0,0,-1.9781482110250919,0.2637745199990438,1
301.0,273.45,0,3,0,0,1,0,0,0,0,0,-2.6910758092308433,1.306500351895725,1
9438.0,86.98,2,7,0,0,0,0,0,0,1,0,1.8319516199182975,-0.027552432243144066,0
362.0,51.0,2,6,0,0,0,0,0,1,0,0,1.7145443619205112,-0.14266518915741258,0
1.0,240.0,2,8,0,0,0,0,0,0,0,1,0.71684891083825,0.14564616007905654,2
4.0,19.0,1,3,0,0,1,0,0,0,0,0,-0.3795790350759302,2.2159462245272787,2
304.0,18.93,2,4,0,0,0,1,0,0,0,0,2.0060942736238587,-1.29288210328412,0
1279.0,36.16,0,1,1,0,0,0,0,0,0,0,-1.7616337337293118,-1.8056376917749475,3
8941.0,64.8,0,3,0,0,1,0,0,0,0,0,-1.960673568662749,0.4387382582251339,2
696.0,63.63,2,6,0,0,0,0,0,1,0,0,1.6723713908894244,-0.06971514456052087,0
104.0,240.0,0,7,0,0,0,0,0,0,1,0,-2.1385725775479543,-0.21903430532994203,3
1262.0,81.29,1,3,0,0,1,0,0,0,0,0,-0.5884987234407032,2.5664529367536044,2
297.0,19.0,1,3,0,0,1,0,0,0,0,0,-0.3788816678446354,2.2229285692971295,2
342.0,19.0,2,6,0,0,0,0,0,1,0,0,1.8233624375227597,-0.307805358030256,0
582.0,97.0,2,3,0,0,1,0,0,0,0,0,1.3376114950694618,1.161679853864998,0
1620.0,34.18,2,3,0,0,1,0,0,0,0,0,1.5537989646064418,0.8631607942582087,0
435.0,51.0,2,3,0,0,1,0,0,0,0,0,1.4937560327575892,0.9214729011477094,0
1955.0,214.82,2,3,0,0,1,0,0,0,0,0,0.9400495464736288,1.8006698078641252,0
52.0,96.99,2,3,0,0,1,0,0,0,0,0,1.3363840663356947,1.1489982165439108,0
534.0,240.0,0,7,0,0,0,0,0,0,1,0,-2.137549137583938,-0.20878717819330103,3
61.0,239.51,0,4,0,0,0,1,0,0,0,0,-2.172635160468358,-0.9200747068012455,3
875.0,184.44,0,8,0,0,0,0,0,0,0,1,-2.5197792040001032,-0.8758713368881308,3
643.0,34.2,2,5,0,0,0,0,1,0,0,0,2.199989266635924,-0.9540856963451223,0
295.0,174.4,0,2,0,1,0,0,0,0,0,0,-1.96819407848914,-0.7418846635227296,3
,99.0,0,8,0,0,0,0,0,0,0,1,-2.2311904265012528,-1.3363747497680745,3
7.0,99.0,0,8,0,0,0,0,0,0,0,1,-2.231173765850676,-1.3362079360705013,3
989.0,77.11,0,1,1,0,0,0,0,0,0,0,-1.9016380073077122,-1.6018306476874093,3
64.0,36.0,0,1,1,0,0,0,0,0,0,0,-1.7639812182635872,-1.8354151013595565,3
883.0,78.88,2,4,0,0,0,1,0,0,0,0,1.8035193048174545,-0.9705973424236952,0
264.0,174.24,0,1,1,0,0,0,0,0,0,0,-2.2338049263073647,-1.1193024238225417,3
428.0,156.0,2,3,0,0,1,0,0,0,0,0,1.1365238679379752,1.4616083881494044,0
607.0,19.0,2,2,0,1,0,0,0,0,0,0,1.9889538052374518,-0.7776486682287798,0
193.0,59.18,0,7,0,0,0,0,0,0,1,0,-1.523201630573044,-1.147365407484051,3
116.0,184.44,0,3,0,0,1,0,0,0,0,0,-2.388699440461941,0.844069725267082,1
3159.0,182.21,1,2,0,1,0,0,0,0,0,0,-0.541396098393872,1.5924102838881058,2
372.0,121.0,2,4,0,0,0,1,0,0,0,0,1.659008629367239,-0.7660363337231773,0
6.0,156.0,0,3,0,0,1,0,0,0,0,0,-2.2922068798417947,0.6951036297158152,1
692.0,10.07,2,7,0,0,0,0,0,0,1,0,2.072787178741563,-0.6317328030184997,0
69.0,184.44,2,1,1,0,0,0,0,0,0,0,1.1587563694379823,-0.3150145920928353,0
2922.0,184.44,0,3,0,0,1,0,0,0,0,0,-2.3820208996735,0.9109381874657211,2
276.0,10.07,2,1,1,0,0,0,0,0,0,0,1.752464929266521,-1.2073436934448973,0
209.0,119.0,0,4,0,0,0,1,0,0,0,0,-1.7623015694998665,-1.536660457740829,3
1263.0,146.41,1,4,0,0,0,1,0,0,0,0,-0.40649178507011186,0.8553576630470786,2
9436.0,63.63,2,4,0,0,0,1,0,0,0,0,1.8757575391446466,-0.8452473115237592,0
864.0,259.0,0,6,0,0,0,0,0,1,0,0,-2.419614083479852,0.18316258949292874,3
67.0,184.57,0,3,0,0,1,0,0,0,0,0,-2.3892583318306655,0.843570975089697,1
230.0,43.2,2,4,0,0,0,1,0,0,0,0,1.923350334496973,-1.1697585448682633,0
3212.0,19.0,2,4,0,0,0,1,0,0,0,0,2.01277744022269,-1.2232227256727572,0
321.0,19.0,2,1,1,0,0,0,0,0,0,0,1.7221917053323306,-1.1603198954343603,0
367.0,43.92,1,4,0,0,0,1,0,0,0,0,-0.05994799575078238,0.30661900691324834,2
238.0,19.0,2,1,1,0,0,0,0,0,0,0,1.721994157618346,-1.1622978292770143,0
2962.0,197.87,2,4,0,0,0,1,0,0,0,0,1.4036573005047908,-0.30876252414724753,0
739.0,119.0,0,2,0,1,0,0,0,0,0,0,-1.7786636131195446,-1.0163776943122704,3
413.0,36.0,0,8,0,0,0,0,0,0,0,1,-2.0158781456157873,-1.650714122030815,3
69.0,119.0,0,6,0,0,0,0,0,1,0,0,-1.9452189184747635,-0.5561857480447692,3
20202.0,221.58,1,3,0,0,1,0,0,0,0,0,-1.020693697259236,3.7396984724265003,2
842.0,119.0,0,4,0,0,0,1,0,0,0,0,-1.760794970669117,-1.5215757333745643,3
2385.0,122.75,0,6,0,0,0,0,0,1,0,0,-1.9524643198041787,-0.4816977339369962,3
2842.0,141.61,1,4,0,0,0,1,0,0,0,0,-0.38640376669937065,0.8682865333677013,2
670.0,63.63,2,6,0,0,0,0,0,1,0,0,1.6723095084729955,-0.07033473829436433,0
23.0,49.49,0,1,1,0,0,0,0,0,0,0,-1.8099724892287794,-1.766976171717408,3
1547.0,51.0,2,1,1,0,0,0,0,0,0,0,1.6162440218152068,-0.9664401095224726,0
1708.0,156.0,2,4,0,0,0,1,0,0,0,0,1.5431165988114959,-0.5540979811151596,0
143.0,96.99,2,3,0,0,1,0,0,0,0,0,1.336600654793196,1.1511667946123627,0
347.0,119.0,2,1,1,0,0,0,0,0,0,0,1.38204834568301,-0.6451266819869282,0
816.0,119.0,0,4,0,0,0,1,0,0,0,0,-1.760856853085546,-1.5221953271084079,3
15.0,121.0,2,1,1,0,0,0,0,0,0,0,1.374454049985757,-0.6427469449632723,0
1211.0,0.0,2,1,1,0,0,0,0,0,0,0,1.7889489840410426,-1.2368797130599176,0
49.0,143.8,0,1,1,0,0,0,0,0,0,0,-2.1307581706045586,-1.281062197231679,3
840.0,36.0,2,6,0,0,0,0,0,1,0,0,1.7667128326554895,-0.208460239623022,0
204.0,119.0,0,8,0,0,0,0,0,0,0,1,-2.29874593595473,-1.2285985980675085,3
989.0,18.07,0,6,0,0,0,0,0,1,0,0,-1.5996600821533957,-1.0536208164549274,3
638.0,118.32,0,7,0,0,0,0,0,0,1,0,-1.7233398693726185,-0.8324419837254222,3
,49.5,2,1,1,0,0,0,0,0,0,0,1.617665096668674,-1.0110245409818592,0
35.0,0.0,2,2,0,1,0,0,0,0,0,0,2.052231388068509,-0.8890487181189164,0
440.0,240.0,0,3,0,0,1,0,0,0,0,0,-2.5769463228412497,1.1376879195247696,1
4.0,348.0,0,4,0,0,0,1,0,0,0,0,-2.541859492883045,-0.36317212688278366,3
1467.0,119.0,0,4,0,0,0,1,0,0,0,0,-1.759307412581884,-1.5066816532340976,3
4298.0,78.88,2,3,0,0,1,0,0,0,0,0,1.4081011102952277,1.1569933568560544,0
426.0,36.0,2,4,0,0,0,1,0,0,0,0,1.9483116101418632,-1.2021370619555916,0
261.0,174.0,2,3,0,0,1,0,0,0,0,0,1.0748894488452316,1.5502519414843177,0
848.0,119.0,2,2,0,1,0,0,0,0,0,0,1.649322165570139,-0.25733189121302685,0
148.0,36.0,2,4,0,0,0,1,0,0,0,0,1.947649944304662,-1.208761948802071,0
179.0,36.0,0,6,0,0,0,0,0,1,0,0,-1.6625867573368385,-0.9806604943023256,3
1447.0,174.0,0,6,0,0,0,0,0,1,0,0,-2.1290520335401943,-0.24033178930859436,3
8.0,325.6,1,4,0,0,0,1,0,0,0,0,-1.0190925749668924,1.7475148192898011,2
634.0,119.0,2,6,0,0,0,0,0,1,0,0,1.4838521825953654,0.21372677592495892,0
714.0,91.8,2,3,0,0,1,0,0,0,0,0,1.3556163399249042,1.1380676553655578,0
2498.0,226.09,2,3,0,0,1,0,0,0,0,0,0.9030008061590068,1.8716022316318843,0
656.0,97.0,2,4,0,0,0,1,0,0,0,0,1.7413338338578577,-0.8827661324386105,0
3029.0,149.99,2,4,0,0,0,1,0,0,0,0,1.5667070366328228,-0.5535437278750559,0
517.0,348.0,0,1,1,0,0,0,0,0,0,0,-2.824343391407099,-0.21915017856734928,3
1031.0,67.9,2,7,0,0,0,0,0,0,1,0,1.8768533387614545,-0.32607632966994204,0
158.0,119.0,2,4,0,0,0,1,0,0,0,0,1.6653033943194855,-0.7814275391575448,0
1964.0,119.0,2,4,0,0,0,1,0,0,0,0,1.6696018421683538,-0.7383896051836523,0
1297.0,51.0,2,6,0,0,0,0,0,1,0,0,1.7167697488190117,-0.12038364526727444,0
386.0,174.0,0,1,1,0,0,0,0,0,0,0,-2.232698062387779,-1.1176300760664353,3
3522.0,78.87,2,3,0,0,1,0,0,0,0,0,1.406288178698326,1.1384494095916795,0
997.0,78.88,2,3,0,0,1,0,0,0,0,0,1.4002444235016982,1.0783287831861654,0
844.0,212.28,1,6,0,0,0,0,0,1,0,0,-0.814166372923859,2.1681332986737747,2
170.0,91.5,2,3,0,0,1,0,0,0,0,0,1.355342185091974,1.123560127152155,0
5693.0,119.0,2,4,0,0,0,1,0,0,0,0,1.6784772087400204,-0.649525565433572,0
895.0,467.0,0,2,0,1,0,0,0,0,0,0,-2.962206561009779,0.7780560646940787,2
,184.44,0,7,0,0,0,0,0,0,1,0,-1.9498020747219396,-0.5074097833781858,3
5617.0,303.44,0,3,0,0,1,0,0,0,0,0,-2.780450787259593,1.587504068490584,2
,121.0,0,2,0,1,0,0,0,0,0,0,-1.7872266066432039,-1.0236969822760864,3
319.0,63.63,2,3,0,0,1,0,0,0,0,0,1.4505120199036947,0.9836992080434651,0
475.0,119.0,0,2,0,1,0,0,0,0,0,0,-1.7792919576555917,-1.0226689537636036,3
565.0,121.0,0,6,0,0,0,0,0,1,0,0,-1.9508424972180503,-0.534074333651023,3
1212.0,63.63,2,6,0,0,0,0,0,1,0,0,1.6735995188462438,-0.0574185919965516,0
1103.0,64.8,2,6,0,0,0,0,0,1,0,0,1.6693596873836611,-0.053995608222400036,0
3448.0,36.0,0,7,0,0,0,0,0,0,1,0,-1.436594852943894,-1.1890752031621104,3
485.0,285.27,1,3,0,0,1,0,0,0,0,0,-1.284298708420467,3.5975638858147545,2
228.0,14.25,2,3,0,0,1,0,0,0,0,0,1.6182887799782606,0.727434176560443,0
40.0,68.36,2,1,1,0,0,0,0,0,0,0,1.5535975917326565,-0.9130227351748867,0
6463.0,143.61,0,4,0,0,0,1,0,0,0,0,-1.8311409783281598,-1.2609877664117488,3
26.0,35.96,2,7,0,0,0,0,0,0,1,0,1.9831228996729846,-0.5143808246723327,0
195.0,373.2,0,1,1,0,0,0,0,0,0,0,-2.9108415023342102,-0.09715105648789302,3
2482.0,70.07,0,1,1,0,0,0,0,0,0,0,-1.8741340795075014,-1.6024776518756991,3
7569.0,36.0,0,3,0,0,1,0,0,0,0,0,-1.865959946460907,0.2578455710232679,2
59.0,207.48,1,3,0,0,1,0,0,0,0,0,-1.0206669702097784,3.1871252620158117,2
510.0,135.23,0,2,0,1,0,0,0,0,0,0,-1.8344239651899779,-0.938319586796222,3
109.0,49.55,0,4,0,0,0,1,0,0,0,0,-1.5262670381791605,-1.896414889454391,3
151.0,184.44,0,2,0,1,0,0,0,0,0,0,-2.0026934181758396,-0.693653068167849,3
65.0,119.0,2,2,0,1,0,0,0,0,0,0,1.6474585527984535,-0.27599119481300344,0
1705.0,9.5,2,3,0,0,1,0,0,0,0,0,1.6379639262481325,0.7381896198119984,0
2888.0,271.81,2,1,1,0,0,0,0,0,0,0,0.8682285314417924,0.2017466385164882,0
866.0,36.0,2,6,0,0,0,0,0,1,0,0,1.7667747150719184,-0.20784064588917864,0
513.0,91.5,2,3,0,0,1,0,0,0,0,0,1.3561585569702475,1.131733998333243,0
173.0,208.09,1,3,0,0,1,0,0,0,0,0,-1.0224708915912684,3.1929808413136858,2
1829.0,18.0,2,4,0,0,0,1,0,0,0,0,2.012887824107919,-1.2613260824047179,0
521.0,97.0,2,2,0,1,0,0,0,0,0,0,1.7233890284333637,-0.3783306702795086,0
1931.0,119.0,0,2,0,1,0,0,0,0,0,0,-1.775826542335574,-0.9879717046683725,3
2949.0,64.8,2,7,0,0,0,0,0,0,1,0,1.8919647195235934,-0.2963211587459992,0
113.0,174.0,0,3,0,0,1,0,0,0,0,0,-2.3531891534690956,0.790276747784309,1
410.0,119.0,0,2,0,1,0,0,0,0,0,0,-1.779446663696664,-1.024217938098212,3
87.0,49.5,0,1,1,0,0,0,0,0,0,0,-1.8098541838048534,-1.7653995605490527,3
1050.0,64.8,2,8,0,0,0,0,0,0,0,1,1.315385212431055,-0.7308885975513917,0
134.0,36.0,2,1,1,0,0,0,0,0,0,0,1.663911736801453,-1.0772986888610778,0
997.0,19.0,2,6,0,0,0,0,0,1,0,0,1.8249213983981798,-0.29219636204304683,0
1597.0,91.51,2,6,0,0,0,0,0,1,0,0,1.5796666331400484,0.09521928654612435,0
5831.0,81.31,2,1,1,0,0,0,0,0,0,0,1.5233241310982077,-0.7083828624724691,0
458.0,36.0,0,4,0,0,0,1,0,0,0,0,-1.4793385754433408,-1.9578227605751457,3
145.0,78.87,2,1,1,0,0,0,0,0,0,0,1.5180919305502016,-0.85643884227939,0
1861.0,64.8,0,2,0,1,0,0,0,0,0,0,-1.5916019076417078,-1.2685387435288697,3
290.0,142.8,1,1,1,0,0,0,0,0,0,0,-0.6802310924637975,0.945391338748879,2
1032.0,184.44,0,3,0,0,1,0,0,0,0,0,-2.3865192753292925,0.8658984891209499,1
366.0,174.0,0,3,0,0,1,0,0,0,0,0,-2.3525869899553835,0.79630587142517,1
497.0,78.87,2,3,0,0,1,0,0,0,0,0,1.3990883975561184,1.0663620617118208,0
3192.0,119.0,0,2,0,1,0,0,0,0,0,0,-1.7728252451387727,-0.9579214085769667,3
184.0,119.0,1,2,0,1,0,0,0,0,0,0,-0.3334331413793405,1.1962524773985248,2
2136.0,121.0,2,2,0,1,0,0,0,0,0,0,1.6455836204349936,-0.21634669846528143,0
,174.0,2,3,0,0,1,0,0,0,0,0,1.0742682445880032,1.5440321736176588,0
2517.0,174.0,0,2,0,1,0,0,0,0,0,0,-1.9615446910091465,-0.6909915242861969,3
384.0,29.01,0,3,0,0,1,0,0,0,0,0,-1.859280567811341,0.05065452971048334,1
201.0,36.0,0,8,0,0,0,0,0,0,0,1,-2.0163827253189766,-1.6557661940144615,3
1634.0,36.0,0,1,1,0,0,0,0,0,0,0,-1.760244472348458,-1.7980011720467042,3
830.0,18.0,2,2,0,1,0,0,0,0,0,0,1.992886618383634,-0.7774801966317971,0
356.0,35.99,0,3,0,0,1,0,0,0,0,0,-1.8830935363098384,0.08590451357619888,1
152.0,19.0,2,3,0,0,1,0,0,0,0,0,1.60194814391673,0.7500653033517577,0
769.0,119.0,2,2,0,1,0,0,0,0,0,0,1.6491341382279128,-0.25921450294278187,0
4150.0,34.2,2,1,1,0,0,0,0,0,0,0,1.6795938844039604,-0.9908576126653399,0
259.0,119.0,0,2,0,1,0,0,0,0,0,0,-1.7798060577305395,-1.0278163478601487,3
444.0,173.75,0,3,0,0,1,0,0,0,0,0,-2.3515508296009324,0.7968782185774163,1
451.0,183.0,2,3,0,0,1,0,0,0,0,0,1.0447231947178328,1.6010913676212424,0
423.0,119.0,0,6,0,0,0,0,0,1,0,0,-1.9443763655741546,-0.5477497410532088,3
167.0,42.8,1,3,0,0,1,0,0,0,0,0,-0.46015992753842827,2.3422991221197464,2
69.0,119.0,0,6,0,0,0,0,0,1,0,0,-1.9452189184747635,-0.5561857480447692,3
799.0,119.0,2,4,0,0,0,1,0,0,0,0,1.6668290338937517,-0.7661521705654821,0
1114.0,34.2,2,1,1,0,0,0,0,0,0,0,1.6723679222394177,-1.0632070963556708,0
273.0,174.0,2,3,0,0,1,0,0,0,0,0,1.0749180099605065,1.5505379078230146,0
1.0,27.0,0,3,0,0,1,0,0,0,0,0,-1.8533540180416759,0.031184507644162144,1
267.0,119.0,0,6,0,0,0,0,0,1,0,0,-1.944747660072728,-0.5514673034562693,3
360.0,174.0,0,1,1,0,0,0,0,0,0,0,-2.232759944804208,-1.1182496698002788,3
1308.0,365.75,2,8,0,0,0,0,0,0,0,1,0.2921516004125914,0.8238689872586382,2
1573.0,27.0,2,4,0,0,0,1,0,0,0,0,1.9816600485294704,-1.22111507185603,0
104.0,149.57,0,1,1,0,0,0,0,0,0,0,-2.150257107960076,-1.2500606203218438,3
114.0,119.0,2,1,1,0,0,0,0,0,0,0,1.3814937840280894,-0.6506791950632942,0
1584.0,19.0,2,2,0,1,0,0,0,0,0,0,1.9912791560394143,-0.7543662421532022,0
2029.0,172.8,2,2,0,1,0,0,0,0,0,0,1.4691026351004013,0.04765257002630972,0
601.0,119.0,2,4,0,0,0,1,0,0,0,0,1.6663577754917163,-0.770870615153982,0
298.0,119.0,2,6,0,0,0,0,0,1,0,0,1.4830524713676692,0.20571971844144404,0
122.0,112.48,2,1,1,0,0,0,0,0,0,0,1.403694206554293,-0.6840387508428222,0
605.0,184.44,0,3,0,0,1,0,0,0,0,0,-2.38753557501449,0.855722853568983,1
264.0,119.0,0,8,0,0,0,0,0,0,0,1,-2.2986031303783556,-1.2271687663740236,3
181.0,63.63,2,3,0,0,1,0,0,0,0,0,1.4501835670780336,0.98041059514845,0
385.0,19.0,2,3,0,0,1,0,0,0,0,0,1.6025027055716503,0.7556178164281236,0
709.0,78.88,2,3,0,0,1,0,0,0,0,0,1.3995589567351012,1.0714655910574384,0
3928.0,220.99,1,3,0,0,1,0,0,0,0,0,-1.0574201188296544,3.3488444717406627,2
130.0,119.0,0,6,0,0,0,0,0,1,0,0,-1.9450737328054495,-0.5547320858230596,3
254.0,240.0,2,7,0,0,0,0,0,0,1,0,1.2895107849522518,0.540988549426516,0
196.0,35.7,2,3,0,0,1,0,0,0,0,0,1.545238592581091,0.8370476410858159,0
1718.0,19.0,2,1,1,0,0,0,0,0,0,0,1.7255166951689136,-1.1270286475043894,0
707.0,174.0,0,1,1,0,0,0,0,0,0,0,-2.2319340525541764,-1.1099804765062917,3
125.0,149.99,0,3,0,0,1,0,0,0,0,0,-2.271477313733834,0.6670135880297733,1
2411.0,97.0,0,7,0,0,0,0,0,0,1,0,-1.6465882069823383,-0.8998975529058834,3
1511.0,217.5,1,1,1,0,0,0,0,0,0,0,-0.931458314807694,1.3588749076373454,2
23606.0,159.74,0,1,1,0,0,0,0,0,0,0,-2.128919036812325,-0.6376634088589752,3
602.0,93.73,0,1,1,0,0,0,0,0,0,0,-1.9591012145066544,-1.5255309265139878,3
602.0,49.41,2,3,0,0,1,0,0,0,0,0,1.4995627716273434,0.9172708788077961,0
326.0,49.5,0,1,1,0,0,0,0,0,0,0,-1.8092853415922954,-1.7597040643033384,3
3513.0,36.0,2,4,0,0,0,1,0,0,0,0,1.955658957046324,-1.1285722213257985,0
4025.0,86.12,2,6,0,0,0,0,0,1,0,0,1.6037825613446748,0.12534429097324692,0
495.0,119.0,0,6,0,0,0,0,0,1,0,0,-1.9442049988825054,-0.546033943021027,3
1031.0,174.0,2,3,0,0,1,0,0,0,0,0,1.0767221204087025,1.5686014482173725,0
3495.0,35.15,2,6,0,0,0,0,0,1,0,0,1.7759237239676138,-0.14956406295388505,0
3192.0,149.99,2,2,0,1,0,0,0,0,0,0,1.5494714989043217,-0.04200676830497948,0
2540.0,19.0,2,3,0,0,1,0,0,0,0,0,1.6076318058564296,0.8069726047524528,0
597.0,184.33,0,3,0,0,1,0,0,0,0,0,-2.3871803899917343,0.8549661783615002,1
345.0,49.46,0,4,0,0,0,1,0,0,0,0,-1.5253991515275622,-1.891254001051093,3
18.0,174.0,0,3,0,0,1,0,0,0,0,0,-2.3534152622983546,0.7880128476029581,1
1737.0,36.0,2,6,0,0,0,0,0,1,0,0,1.7688477760222863,-0.18708425580542423,0
341.0,149.9,2,1,1,0,0,0,0,0,0,0,1.2769106453270558,-0.48626641666477766,0
3102.0,173.17,0,2,0,1,0,0,0,0,0,0,-1.9573286331303508,-0.681321626318343,3
507.0,293.0,0,2,0,1,0,0,0,0,0,0,-2.3711729158759294,-0.12654827855876727,3
151.0,174.0,0,8,0,0,0,0,0,0,0,1,-2.48598496401669,-0.946846125220946,3
375.0,64.8,0,6,0,0,0,0,0,1,0,0,-1.760099368835618,-0.8277925082927617,3
719.0,124.11,1,3,0,0,1,0,0,0,0,0,-0.7354669985594451,2.773853383888926,2
392.0,173.49,0,6,0,0,0,0,0,1,0,0,-2.129827984856908,-0.26809732204624137,3
872.0,91.5,2,1,1,0,0,0,0,0,0,0,1.4768543360443667,-0.7741234000901731,0
3105.0,174.0,0,7,0,0,0,0,0,0,1,0,-1.906894458872902,-0.48713747913844596,3
1.0,240.0,0,3,0,0,1,0,0,0,0,0,-2.5779911836417218,1.1272263176341057,1
16.0,268.99,2,6,0,0,0,0,0,1,0,0,0.9721074425842916,0.9708084816904771,0
3.0,119.0,0,6,0,0,0,0,0,1,0,0,-1.9453760046087751,-0.5577585629076024,3
61.0,119.0,2,1,1,0,0,0,0,0,0,0,1.3813676391022922,-0.6519422130592057,0
2444.0,173.01,1,7,0,0,0,0,0,0,1,0,-0.4585482450878417,1.7178723777453615,2
82.0,119.0,0,6,0,0,0,0,0,1,0,0,-1.945187977266549,-0.5558759511778474,3
282.0,174.24,0,3,0,0,1,0,0,0,0,0,-2.3536034103432653,0.795539083741604,1
112.0,149.99,0,3,0,0,1,0,0,0,0,0,-2.2715082549420487,0.6667037911628516,1
1654.0,36.0,0,3,0,0,1,0,0,0,0,0,-1.8800381961984796,0.11688799657389128,1
1119.0,77.11,2,6,0,0,0,0,0,1,0,0,1.6275185035724007,0.009729692815938693,0
4.0,49.4,0,1,1,0,0,0,0,0,0,0,-1.8097115262767722,-1.7678920680114203,3
818.0,173.47,0,3,0,0,1,0,0,0,0,0,-2.349708100163748,0.8043500299982734,1
1789.0,64.8,0,4,0,0,0,1,0,0,0,0,-1.574149781455705,-1.7779071250304943,3
66.0,174.0,0,3,0,0,1,0,0,0,0,0,-2.3533010178372553,0.789156712957746,1
1.0,184.44,0,3,0,0,1,0,0,0,0,0,-2.3889731511499916,0.841329214521236,1
778.0,129.68,1,1,1,0,0,0,0,0,0,0,-0.6344346793502597,0.8895085776161326,2
1872.0,213.36,0,3,0,0,1,0,0,0,0,0,-2.482907353265466,1.0347308236509072,1
200.0,78.88,2,3,0,0,1,0,0,0,0,0,1.3983474894288588,1.0593358521910423,0
528.0,78.87,2,7,0,0,0,0,0,0,1,0,1.8383356369582369,-0.2816143592844089,0
57.0,49.59,0,1,1,0,0,0,0,0,0,0,-1.8102317713108997,-1.765651360138053,3
259.0,97.0,0,8,0,0,0,0,0,0,0,1,-2.223769877588589,-1.340494115352137,3
48.0,36.0,0,8,0,0,0,0,0,0,0,1,-2.016746879538731,-1.6594122648328475,3
1590.0,91.8,2,3,0,0,1,0,0,0,0,0,1.35770130133997,1.158943198090436,0
482.0,149.99,2,3,0,0,1,0,0,0,0,0,1.1570987280048637,1.431969362128754,0
3.0,96.99,2,3,0,0,1,0,0,0,0,0,1.3362674417816556,1.1478305206608983,0
1442.0,18.0,2,4,0,0,0,1,0,0,0,0,2.011966728140304,-1.2705484968276948,0
402.0,207.94,1,3,0,0,1,0,0,0,0,0,-1.0214155424450075,3.1976661718475823,2
129.0,36.0,0,1,1,0,0,0,0,0,0,0,-1.7638265122225152,-1.833866117024948,3
4.0,149.99,0,3,0,0,1,0,0,0,0,0,-2.2717653049795223,0.664130094114579,1
71.0,119.0,0,1,1,0,0,0,0,0,0,0,-2.0463349085275824,-1.4081521832997044,3
165.0,149.99,0,2,0,1,0,0,0,0,0,0,-1.885459390983035,-0.8705900527640338,3
1788.0,180.8,1,3,0,0,1,0,0,0,0,0,-0.9257850309341153,3.0910400035768135,2
1328.0,149.99,0,1,1,0,0,0,0,0,0,0,-2.148772736218715,-1.2187308445719567,3
7.0,149.99,2,4,0,0,0,1,0,0,0,0,1.5595143957694342,-0.6255595841702404,0
18.0,78.87,2,7,0,0,0,0,0,0,1,0,1.8371217895590548,-0.2937679286790297,0
236.0,150.44,0,2,0,1,0,0,0,0,0,0,-1.8868213279736212,-0.8665825039713656,3
546.0,178.34,1,3,0,0,1,0,0,0,0,0,-0.9203720574102472,3.0487839764767237,2
48.0,149.99,0,3,0,0,1,0,0,0,0,0,-2.271660580890181,0.665178637356468,1
163.0,19.0,2,3,0,0,1,0,0,0,0,0,1.6019743249390652,0.7503274391622299,0
107.0,149.24,1,4,0,0,0,1,0,0,0,0,-0.41887098085871866,0.8423720058571661,2
1360.0,78.87,2,3,0,0,1,0,0,0,0,0,1.4011424177629697,1.0869278075697772,0
129.0,78.87,2,3,0,0,1,0,0,0,0,0,1.3982125233543556,1.057592427325114,0
1217.0,149.99,0,1,1,0,0,0,0,0,0,0,-2.149036926535008,-1.2213760332049035,3
259.0,149.99,0,1,1,0,0,0,0,0,0,0,-2.1513170555711185,-1.2442056792442109,3
101.0,119.0,0,8,0,0,0,0,0,0,0,1,-2.298991085527506,-1.2310531424746574,3
274.0,44.07,1,8,0,0,0,0,0,0,0,1,-0.597112118247427,0.6133556405323615,2
242.0,123.55,2,3,0,0,1,0,0,0,0,0,1.2464777717015503,1.2901967703025419,0
2047.0,149.99,0,8,0,0,0,0,0,0,0,1,-2.3997890291832733,-1.025212569800059,3
,149.99,0,1,1,0,0,0,0,0,0,0,-2.151933499642468,-1.2503777860544203,3
145.0,149.6,0,3,0,0,1,0,0,0,0,0,-2.2701029114309863,0.6654833614773853,1
37.0,149.99,0,4,0,0,0,1,0,0,0,0,-1.8681405500016488,-1.381292943846244,3
759.0,78.87,2,3,0,0,1,0,0,0,0,0,1.3997119819062864,1.0726056601067044,0
15.0,149.99,0,3,0,0,1,0,0,0,0,0,-2.271739123957187,0.6643922299250512,1
,119.0,2,6,0,0,0,0,0,1,0,0,1.4823432036716764,0.19861822103046947,0
986.0,149.99,0,1,1,0,0,0,0,0,0,0,-2.1495867280040493,-1.22688088522482,3
77.0,78.87,2,3,0,0,1,0,0,0,0,0,1.3980887585214978,1.0563532398574274,0
6.0,149.99,0,3,0,0,1,0,0,0,0,0,-2.271760544793643,0.6641777551710285,1
162.0,178.11,1,7,0,0,0,0,0,0,1,0,-0.48133008452129994,1.6897343669418827,2
428.0,78.87,2,5,0,0,0,0,1,0,0,0,2.0475078650231455,-0.7293492239873828,0
,119.0,0,4,0,0,0,1,0,0,0,0,-1.7627990089242371,-1.5416410381398011,3
134.0,149.99,0,3,0,0,1,0,0,0,0,0,-2.271455892897378,0.667228062783796,1
223.0,78.87,2,2,0,1,0,0,0,0,0,0,1.7843589711238914,-0.47872436494455667,0
241.0,36.0,2,3,0,0,1,0,0,0,0,0,1.5443250810371745,0.8396637357150702,0
47.0,149.99,2,7,0,0,0,0,0,0,1,0,1.5952368440971412,0.07288791497979218,0
422.0,149.99,2,7,0,0,0,0,0,0,1,0,1.596129378949481,0.08182436306407218,0
940.0,149.99,2,7,0,0,0,0,0,0,1,0,1.5973622670921797,0.09416857668449094,0
34.0,78.87,2,7,0,0,0,0,0,0,1,0,1.837159871046088,-0.29338664022743377,0
65.0,78.87,2,7,0,0,0,0,0,0,1,0,1.8372336539272147,-0.2926478938524666,0
2333.0,44.28,2,1,1,0,0,0,0,0,0,0,1.6409765671325294,-0.9822886615825748,0
18.0,119.0,2,7,0,0,0,0,0,0,1,0,1.7005974259180694,-0.0872695350879666,0
1424.0,149.99,1,3,0,0,1,0,0,0,0,0,-0.8218341496836623,2.923825559069249,2
,78.87,2,6,0,0,0,0,0,1,0,0,1.6188675673126616,-0.007880172560593642,0
263.0,36.0,2,4,0,0,0,1,0,0,0,0,1.9479236549927128,-1.206021438056225,0
1.0,49.5,2,4,0,0,0,1,0,0,0,0,1.9013723629636685,-1.1427975977897742,0
386.0,269.46,2,4,0,0,0,1,0,0,0,0,1.1539732482975815,-0.0017667105012369134,0
7.0,119.0,2,4,0,0,0,1,0,0,0,0,1.66494400028561,-0.7850259489194815,0
744.0,119.0,2,6,0,0,0,0,0,1,0,0,1.4841139928187186,0.21634813402968106,0
1031.0,78.87,2,3,0,0,1,0,0,0,0,0,1.40035936718585,1.0790875637838355,0
7.0,141.61,1,6,0,0,0,0,0,1,0,0,-0.5757354661464161,1.7845379694980688,2
853.0,149.99,0,3,0,0,1,0,0,0,0,0,-2.269744606073825,0.6843622125773888,1
,78.87,2,2,0,1,0,0,0,0,0,0,1.7838282103983667,-0.48403857273867523,0
85.0,36.01,0,1,1,0,0,0,0,0,0,0,-1.7639652568360629,-1.8348632029048655,3
3401.0,78.88,2,1,1,0,0,0,0,0,0,0,1.5258074926372438,-0.7787951850176438,0
564.0,149.99,2,4,0,0,0,1,0,0,0,0,1.5608401075367762,-0.6122859799490565,0
254.0,149.99,0,2,0,1,0,0,0,0,0,0,-1.8852475627114131,-0.8684691357520313,3
125.0,14.25,2,1,1,0,0,0,0,0,0,0,1.7378849561142973,-1.1894329259028062,0
1801.0,78.87,2,4,0,0,0,1,0,0,0,0,1.8057382506601887,-0.9487723748753492,0
1801.0,119.0,2,8,0,0,0,0,0,0,0,1,1.132781421029038,-0.4340929689698418,0
18.0,19.0,2,1,1,0,0,0,0,0,0,0,1.72147053717164,-1.1675405454864587,0
,78.88,2,6,0,0,0,0,0,1,0,0,1.618833546788455,-0.007828715198622323,0
356.0,147.56,2,8,0,0,0,0,0,0,0,1,1.0321795695973772,-0.32156585646439984,0
237.0,36.0,0,1,1,0,0,0,0,0,0,0,-1.7635694621850413,-1.8312924199766754,3
157.0,97.0,2,8,0,0,0,0,0,0,0,1,1.2037137014908452,-0.586476553708315,0
865.0,78.87,2,2,0,1,0,0,0,0,0,0,1.785886990791097,-0.4634251658242693,0
150.0,246.99,2,1,1,0,0,0,0,0,0,0,0.9461507780539613,0.008781479824219039,0
5007.0,61.2,2,3,0,0,1,0,0,0,0,0,1.4699368829866093,1.0829125854020372,0
796.0,149.99,2,7,0,0,0,0,0,0,1,0,1.5970195337088813,0.09073698062012739,0
256.0,78.88,2,1,1,0,0,0,0,0,0,0,1.5183221003422875,-0.853742196284472,0
436.0,119.0,2,2,0,1,0,0,0,0,0,0,1.6483415672790351,-0.26715006884162246,0
384.0,185.89,2,1,1,0,0,0,0,0,0,0,1.1545731227039944,-0.3000466582161931,0
1373.0,64.8,2,4,0,0,0,1,0,0,0,0,1.8525864484407026,-1.0313723492492428,0
638.0,78.87,2,4,0,0,0,1,0,0,0,0,1.8029702025714658,-0.9764872792007295,0
181.0,119.0,2,6,0,0,0,0,0,1,0,0,1.482774000493739,0.2029315466391486,0
1142.0,62.22,2,4,0,0,0,1,0,0,0,0,1.8608139422169576,-1.0501532006577698,0
785.0,119.0,0,2,0,1,0,0,0,0,0,0,-1.7785541288443243,-1.015281490013932,3
1038.0,150.36,0,1,1,0,0,0,0,0,0,0,-2.1507217225668347,-1.223737775364193,3
653.0,149.57,0,4,0,0,0,1,0,0,0,0,-1.8652455507341958,-1.3687745476625972,3
175.0,149.58,0,7,0,0,0,0,0,0,1,0,-1.8307900110733941,-0.6826198047710119,3
399.0,149.99,2,7,0,0,0,0,0,0,1,0,1.5960746368118708,0.081276260914903,0
352.0,36.0,2,8,0,0,0,0,0,0,0,1,1.4117030172741691,-0.8957195087297785,0
2193.0,68.15,2,1,1,0,0,0,0,0,0,0,1.5594363628398946,-0.8627962125084057,0
106.0,149.99,1,6,0,0,0,0,0,1,0,0,-0.6040090362305083,1.8300184611243173,2
,149.99,0,4,0,0,0,1,0,0,0,0,-1.868228613440413,-1.3821746733905598,3
,149.99,0,3,0,0,1,0,0,0,0,0,-2.271774825351281,0.66403477200168,1
,149.99,0,1,1,0,0,0,0,0,0,0,-2.151933499642468,-1.2503777860544203,3
105.0,149.99,0,3,0,0,1,0,0,0,0,0,-2.2715249155926256,0.6665369774652784,1
,119.0,2,2,0,1,0,0,0,0,0,0,1.6473038467573815,-0.277540179147612,0
1253.0,78.87,2,7,0,0,0,0,0,0,1,0,1.840061204339427,-0.2643372263214676,0
30.0,78.87,2,3,0,0,1,0,0,0,0,0,1.397976894153338,1.0552332050308642,0
82.0,119.0,0,1,1,0,0,0,0,0,0,0,-2.046308727505247,-1.4078900474892322,3
528.0,149.99,0,6,0,0,0,0,0,1,0,0,-2.049556060331675,-0.38578117084036917,3
1765.0,150.32,0,3,0,0,1,0,0,0,0,0,-2.2686966386117517,0.7077937472634127,1
68.0,149.99,0,8,0,0,0,0,0,0,0,1,-2.4044992331106876,-1.0723731851568328,3
616.0,78.87,2,4,0,0,0,1,0,0,0,0,1.8029178405267952,-0.9770115508216741,0
207.0,183.0,2,7,0,0,0,0,0,0,1,0,1.483315908561569,0.2465615513632074,0
8.0,149.99,0,1,1,0,0,0,0,0,0,0,-2.1519144588989514,-1.2501871418286223,3
5.0,149.99,2,3,0,0,1,0,0,0,0,0,1.1559634236726875,1.4206022001655498,0
1455.0,113.45,2,7,0,0,0,0,0,0,1,0,1.7228990104068846,-0.08158390192310978,0
,149.85,2,6,0,0,0,0,0,1,0,0,1.3773898864943925,0.3573641827121116,0
322.0,149.99,0,3,0,0,1,0,0,0,0,0,-2.271008435424738,0.6717082020900486,1
1850.0,19.0,2,3,0,0,1,0,0,0,0,0,1.6059895417281245,0.7905295402773775,0
42.0,119.0,0,8,0,0,0,0,0,0,0,1,-2.2991315110109407,-1.2324591436399175,3
196.0,149.99,0,8,0,0,0,0,0,0,0,1,-2.4041945812144223,-1.069322877544065,3
637.0,149.99,0,3,0,0,1,0,0,0,0,0,-2.270258706148773,0.6792148184808436,1
456.0,19.0,2,3,0,0,1,0,0,0,0,0,1.60267169217036,0.7573097839320807,0
31.0,149.99,0,3,0,0,1,0,0,0,0,0,-2.271701042470154,0.6647735183766471,1
,150.42,0,1,1,0,0,0,0,0,0,0,-2.1533963821833506,-1.248165119489652,3
168.0,150.29,0,4,0,0,0,1,0,0,0,0,-1.868849373552762,-1.3766274237896616,3
,268.99,0,1,1,0,0,0,0,0,0,0,-2.5567777377007093,-0.6380351785952495,3
95.0,149.99,0,3,0,0,1,0,0,0,0,0,-2.2715487165220214,0.666298672183031,1
40.0,149.51,0,1,1,0,0,0,0,0,0,0,-2.1502053107629693,-1.2518945183000558,3
295.0,149.51,0,3,0,0,1,0,0,0,0,0,-2.2694397127721913,0.6685948244533549,1
156.0,149.99,2,8,0,0,0,0,0,0,0,1,1.0234365636272649,-0.31382782315030894,0
187.0,149.99,2,7,0,0,0,0,0,0,1,0,1.5955700571086815,0.0762241889312567,0
168.0,63.63,2,3,0,0,1,0,0,0,0,0,1.4501526258698192,0.9801007982815283,0
343.0,49.5,2,1,1,0,0,0,0,0,0,0,1.6184814685469475,-1.002850669800771,0
77.0,36.0,0,1,1,0,0,0,0,0,0,0,-1.7639502770553728,-1.8351053044926349,3
4180.0,91.5,2,3,0,0,1,0,0,0,0,0,1.3648863577796604,1.219120545333389,0
802.0,91.5,2,1,1,0,0,0,0,0,0,0,1.4766877295385967,-0.7757915370659054,0
537.0,64.8,2,8,0,0,0,0,0,0,0,1,1.3141642247530543,-0.7431136585306867,0
100.0,51.0,2,3,0,0,1,0,0,0,0,0,1.4929587016228323,0.9134896741924192,0
158.0,174.0,0,3,0,0,1,0,0,0,0,0,-2.3530820492868147,0.7913491215544227,1
692.0,36.0,0,6,0,0,0,0,0,1,0,0,-1.6613657696588378,-0.9684354333230307,3
,184.44,0,1,1,0,0,0,0,0,0,0,-2.2691342055341184,-1.0731071740630889,3
115.0,62.22,2,4,0,0,0,1,0,0,0,0,1.8583695867680166,-1.0746271531445848,0
111.0,29.0,0,3,0,0,1,0,0,0,0,0,-1.8598963126596377,0.04409733814315597,1
66.0,30.6,2,4,0,0,0,1,0,0,0,0,1.9658258597551674,-1.238503027581034,0
180.0,174.0,0,7,0,0,0,0,0,0,1,0,-1.9138562307211522,-0.5568417741958299,3
307.0,19.0,2,2,0,1,0,0,0,0,0,0,1.98823977735558,-0.7847978266962037,0
207.0,36.0,0,3,0,0,1,0,0,0,0,0,-1.8834821906820414,0.08240522223268287,1
359.0,149.99,2,1,1,0,0,0,0,0,0,0,1.276647302282109,-0.48537435089898995,0
39.0,72.56,2,1,1,0,0,0,0,0,0,0,1.5393065914729556,-0.8914344736751407,0
303.0,141.0,2,3,0,0,1,0,0,0,0,0,1.187257142630391,1.3814435291642726,0
15.0,174.0,0,7,0,0,0,0,0,0,1,0,-1.9142489460561818,-0.5607738113529132,3
2416.0,64.8,2,1,1,0,0,0,0,0,0,0,1.571363999174622,-0.8747202209746925,0
221.0,27.0,0,2,0,1,0,0,0,0,0,0,-1.4669076785617536,-1.5021296380691909,3
46.0,121.0,1,2,0,1,0,0,0,0,0,0,-0.3405656990463165,1.2032553368977816,2
458.0,63.63,2,1,1,0,0,0,0,0,0,0,1.5706841785311079,-0.9274009065893953,0
118.0,36.0,0,8,0,0,0,0,0,0,0,1,-2.0165802730329614,-1.6577441278571154,3
204.0,43.92,1,1,1,0,0,0,0,0,0,0,-0.34404083710198763,0.4345315181487542,2
117.0,174.0,0,6,0,0,0,0,0,1,0,0,-2.132217557149826,-0.27202639184750743,3
4357.0,77.76,1,6,0,0,0,0,0,1,0,0,-0.3481610148002937,1.5596455110885903,2
290.0,19.0,2,2,0,1,0,0,0,0,0,0,1.988199315775607,-0.7852029456760244,0
63.0,184.49,1,6,0,0,0,0,0,1,0,0,-0.7214821887395935,2.0065216472118417,2
93.0,36.0,0,4,0,0,0,1,0,0,0,0,-1.4802073093662846,-1.966520903377178,3
594.0,348.0,0,8,0,0,0,0,0,0,0,1,-3.076887704038863,-0.040931102915739107,3
1672.0,172.78,0,3,0,0,1,0,0,0,0,0,-2.3453280846230995,0.8211507431261834,1
36448.0,31.16,2,3,0,0,1,0,0,0,0,0,1.646967039816266,1.6775903079543353,0
557.0,130.0,2,7,0,0,0,0,0,0,1,0,1.6644577193852668,-0.017821782206333393,0
190.0,91.5,2,3,0,0,1,0,0,0,0,0,1.3553897869507654,1.1240367377166498,0
442.0,78.87,2,3,0,0,1,0,0,0,0,0,1.398957492444442,1.0650513826594599,0
2070.0,14.25,2,6,0,0,0,0,0,1,0,0,1.8436349871204645,-0.29106845219428906,0
3431.0,174.0,0,6,0,0,0,0,0,1,0,0,-2.124329929148082,-0.19305202131069688,3
651.0,85.5,2,3,0,0,1,0,0,0,0,0,1.3768993243198533,1.1041481940454427,0
480.0,70.0,2,3,0,0,1,0,0,0,0,0,1.4292241409473776,1.020314262663405,0
713.0,19.0,2,3,0,0,1,0,0,0,0,0,1.6032833760558303,0.7634342296858406,0
5447.0,34.2,2,6,0,0,0,0,0,1,0,0,1.7838016151852845,-0.10793532124645863,0
219.0,19.0,2,4,0,0,0,1,0,0,0,0,2.005653822054549,-1.2945474966494241,0
609.0,14.25,2,6,0,0,0,0,0,1,0,0,1.8401576713357486,-0.32588485393064404,0
3269.0,141.0,2,3,0,0,1,0,0,0,0,0,1.1943164982891636,1.4521248758788714,0
124.0,174.0,0,3,0,0,1,0,0,0,0,0,-2.35316297244676,0.7905388835947812,1
2.0,36.0,0,1,1,0,0,0,0,0,0,0,-1.7641287840258408,-1.8368925941094907,3
1159.0,36.0,2,1,1,0,0,0,0,0,0,0,1.6663513320645151,-1.0528723974307126,0
10.0,63.63,2,3,0,0,1,0,0,0,0,0,1.4497765711853667,0.9763355748220183,0
72.0,36.0,0,3,0,0,1,0,0,0,0,0,-1.8838035032288836,0.07918810092234208,1
1114.0,27.0,2,3,0,0,1,0,0,0,0,0,1.5770213739593388,0.8141561610810513,0
455.0,19.0,2,3,0,0,1,0,0,0,0,0,1.6026693120774205,0.757285953403856,0
53.0,174.0,0,3,0,0,1,0,0,0,0,0,-2.35333195904547,0.7888469160908244,1
191.0,14.25,2,3,0,0,1,0,0,0,0,0,1.6182007165394963,0.7265524470161274,0
543.0,36.0,1,8,0,0,0,0,0,0,0,1,-0.569017310211976,0.5782399615139316,2
1016.0,36.0,2,6,0,0,0,0,0,1,0,0,1.7671317290128543,-0.20426606665546668,0
158.0,86.25,2,3,0,0,1,0,0,0,0,0,1.3731743991851508,1.0962590457784946,0
1956.0,36.0,2,2,0,1,0,0,0,0,0,0,1.9343296594617578,-0.6580237703022863,0
553.0,36.0,2,3,0,0,1,0,0,0,0,0,1.545067670034321,0.8470988605211913,0
276.0,174.0,1,6,0,0,0,0,0,1,0,0,-0.6852876990507674,1.957618777015757,2
585.0,174.0,0,3,0,0,1,0,0,0,0,0,-2.3520657496016173,0.8015247571063894,1
5114.0,91.5,2,4,0,0,0,1,0,0,0,0,1.770655576496089,-0.8048311866969371,0
537.0,42.12,2,7,0,0,0,0,0,0,1,0,1.9633824842538559,-0.47050568977513013,0
397.0,43.92,1,6,0,0,0,0,0,1,0,0,-0.24246072892595208,1.2911449064075151,2
2.0,49.5,0,8,0,0,0,0,0,0,0,1,-2.062784071492828,-1.5910410304698515,3
968.0,125.99,2,3,0,0,1,0,0,0,0,0,1.2399047112692758,1.3200533301147195,0
953.0,42.12,2,1,1,0,0,0,0,0,0,0,1.645040472104539,-1.0262895807185386,0
2415.0,79.7,2,1,1,0,0,0,0,0,0,0,1.520671038013886,-0.7980725821655925,0
9418.0,87.84,0,8,0,0,0,0,0,0,0,1,-2.1708078061818195,-1.1693652509074468,3
667.0,43.92,1,1,1,0,0,0,0,0,0,0,-0.3429388540709654,0.44556505271681185,2
273.0,184.44,0,8,0,0,0,0,0,0,0,1,-2.521212019949726,-0.8902173148794283,3
40.0,14.25,2,3,0,0,1,0,0,0,0,0,1.617841322505621,0.7229540372541906,0
5106.0,174.0,2,2,0,1,0,0,0,0,0,0,1.4723437181706776,0.12715398881041826,0
272.0,149.99,0,2,0,1,0,0,0,0,0,0,-1.8852047210385008,-0.8680401862439858,3
289.0,174.0,0,1,1,0,0,0,0,0,0,0,-2.2329289314029177,-1.1199416373042357,3
28.0,155.52,1,4,0,0,0,1,0,0,0,0,-0.44042389740267396,0.8728046174454244,2
73.0,49.5,0,1,1,0,0,0,0,0,0,0,-1.8098875051060073,-1.7657331879441993,3
432.0,149.99,2,3,0,0,1,0,0,0,0,0,1.156979723357885,1.4307778357175167,0
77.0,29.0,2,3,0,0,1,0,0,0,0,0,1.567749112739687,0.7997353757062606,0
7.0,91.5,2,3,0,0,1,0,0,0,0,0,1.3549542299428237,1.1196757510515212,0
984.0,149.99,0,3,0,0,1,0,0,0,0,0,-2.269432813898741,0.6874840117748308,1
1156.0,18.0,2,8,0,0,0,0,0,0,0,1,1.4748535555694204,-0.9691830155855281,0
3816.0,154.22,1,6,0,0,0,0,0,1,0,0,-0.6095695731640747,1.9401961849520124,2
14.0,29.0,2,3,0,0,1,0,0,0,0,0,1.567599166884494,0.7982340524281015,0
183.0,19.0,2,3,0,0,1,0,0,0,0,0,1.6020219267978566,0.7508040497267249,0
1494.0,34.2,2,3,0,0,1,0,0,0,0,0,1.5534310318476425,0.8602610624258333,0
1209.0,36.0,0,3,0,0,1,0,0,0,0,0,-1.8810973375565894,0.10628341151387899,1
1068.0,91.5,2,2,0,1,0,0,0,0,0,0,1.7434022275849261,-0.39359692042481953,0
992.0,36.0,0,1,1,0,0,0,0,0,0,0,-1.7617724920156639,-1.8133003711669915,3
9582.0,83.53,2,7,0,0,0,0,0,0,1,0,1.8440314341528643,-0.04187362605889935,0
275.0,174.93,1,6,0,0,0,0,0,1,0,0,-0.6884539878949184,1.9623804811508685,2
1590.0,27.0,1,6,0,0,0,0,0,1,0,0,-0.18205855109151695,1.2325088701240987,2
5790.0,174.0,0,3,0,0,1,0,0,0,0,0,-2.339677365851141,0.925562656516196,2
2288.0,64.8,0,1,1,0,0,0,0,0,0,0,-1.8566670012809134,-1.6342188041102061,3
500.0,49.5,2,1,1,0,0,0,0,0,0,0,1.6188551431384604,-0.999109276869486,0
35.0,97.0,0,8,0,0,0,0,0,0,0,1,-2.224303018407053,-1.3458321536744802,3
546.0,64.8,2,1,1,0,0,0,0,0,0,0,1.566913225377621,-0.9192833087549688,0
85.0,184.44,0,3,0,0,1,0,0,0,0,0,-2.3887732233430676,0.8433309788921147,1
42.0,184.44,0,8,0,0,0,0,0,0,0,1,-2.5217618214187674,-0.8957221668993448,3
1105.0,174.0,0,3,0,0,1,0,0,0,0,0,-2.350828101273039,0.8139166317832577,1
0.0,49.5,0,1,1,0,0,0,0,0,0,0,-1.810061251890596,-1.7674728165046056,3
793.0,91.5,2,7,0,0,0,0,0,0,1,0,1.7959984395143194,-0.21030862113502488,0
20.0,174.0,0,1,1,0,0,0,0,0,0,0,-2.233569176403663,-1.1263520493966925,3
31.0,184.44,1,3,0,0,1,0,0,0,0,0,-0.9423503250401378,3.067900245243508,2
363.0,207.06,2,1,1,0,0,0,0,0,0,0,1.082501691006944,-0.19161186401554592,0
34.0,184.44,0,3,0,0,1,0,0,0,0,0,-2.388894608082986,0.8421156219526528,1
495.0,149.99,0,3,0,0,1,0,0,0,0,0,-2.270596679346192,0.6758308834729295,1
800.0,34.2,2,1,1,0,0,0,0,0,0,0,1.6716205730563918,-1.0706898822182411,0
94.0,91.5,2,3,0,0,1,0,0,0,0,0,1.3551612980285663,1.1217490070070741,0
377.0,155.12,0,2,0,1,0,0,0,0,0,0,-1.9024073401978185,-0.8391403540890804,3
3214.0,34.2,2,2,0,1,0,0,0,0,0,0,1.9434475107369238,-0.6373072909503996,0
28.0,49.5,0,3,0,0,1,0,0,0,0,0,-1.929835934997101,0.14760699634178764,1
277.0,96.99,2,1,1,0,0,0,0,0,0,0,1.4567609129559114,-0.7600524726616215,0
331.0,207.06,1,3,0,0,1,0,0,0,0,0,-1.0185907229135385,3.1914459564901456,2
1647.0,19.0,2,3,0,0,1,0,0,0,0,0,1.6055063828613911,0.785691943047754,0
44.0,184.44,0,6,0,0,0,0,0,1,0,0,-2.167908731206079,-0.2200445345098153,3
240.0,358.44,0,3,0,0,1,0,0,0,0,0,-2.9803614301318375,1.7423828090685953,1
8.0,49.5,2,8,0,0,0,0,0,0,0,1,1.3649565576240799,-0.8344497717777568,0
1622.0,174.0,0,7,0,0,0,0,0,0,1,0,-1.9104241367022883,-0.5224781524957453,3
38.0,68.36,2,7,0,0,0,0,0,0,1,0,1.8729249623589566,-0.347373005546433,0
276.0,174.0,2,1,1,0,0,0,0,0,0,0,1.194766475948138,-0.3638031586484113,0
496.0,36.0,0,6,0,0,0,0,0,1,0,0,-1.661832267874994,-0.973106216855081,3
177.0,36.0,2,4,0,0,0,1,0,0,0,0,1.9477189669999095,-1.2080708634835533,0
1900.0,19.0,2,4,0,0,0,1,0,0,0,0,2.0096547582859707,-1.254488378703625,0
2085.0,51.0,2,8,0,0,0,0,0,0,0,1,1.3647969320285862,-0.7772351603592541,0
147.0,51.0,2,3,0,0,1,0,0,0,0,0,1.4930705659909924,0.9146097090189824,0
271.0,36.0,0,6,0,0,0,0,0,1,0,0,-1.6623677887863977,-0.9784680857056489,3
156.0,91.5,2,3,0,0,1,0,0,0,0,0,1.35530886379082,1.1232264997570085,0
131.0,174.0,1,3,0,0,1,0,0,0,0,0,-0.9065948884745163,3.016561812167884,2
868.0,19.0,2,3,0,0,1,0,0,0,0,0,1.603652290461464,0.7671279615606763,0
970.0,214.02,1,6,0,0,0,0,0,1,0,0,-0.8197860524254168,2.1800895262131093,2
379.0,210.54,2,8,0,0,0,0,0,0,0,1,0.8179730502819783,0.0030607113803875524,0
3418.0,89.74,2,3,0,0,1,0,0,0,0,0,1.3690603392200633,1.191905187119173,0
48.0,43.56,1,8,0,0,0,0,0,0,0,1,-0.5959149725172351,0.6053456156930295,2
157.0,64.8,0,1,1,0,0,0,0,0,0,0,-1.8617389793351429,-1.6850016597571413,3
12.0,99.0,0,7,0,0,0,0,0,0,1,0,-1.6591021547856883,-0.9467755177227789,3
4635.0,96.99,2,1,1,0,0,0,0,0,0,0,1.4671333579865693,-0.6561990306581754,0
327.0,42.84,1,8,0,0,0,0,0,0,0,1,-0.5928014488442209,0.6082894030057959,2
523.0,348.0,0,1,1,0,0,0,0,0,0,0,-2.8243291108494617,-0.2190071953980006,3
684.0,64.8,0,8,0,0,0,0,0,0,0,1,-2.113212250144099,-1.4960588464043951,3
215.0,64.8,0,1,1,0,0,0,0,0,0,0,-1.8616009339446478,-1.6836194891201062,3
510.0,97.0,0,6,0,0,0,0,0,1,0,0,-1.869324144233947,-0.6588826814346453,3
175.0,184.44,0,6,0,0,0,0,0,1,0,0,-2.1675969390309953,-0.21692273531237347,3
80.0,36.0,0,2,0,1,0,0,0,0,0,0,-1.4978617434521508,-1.4591781167746571,3
2085.0,216.83,1,3,0,0,1,0,0,0,0,0,-1.0476540920473518,3.283518545642369,2
1528.0,207.06,1,8,0,0,0,0,0,0,0,1,-1.148628005744168,1.4819426656973722,2
1720.0,14.25,2,3,0,0,1,0,0,0,0,0,1.621839878644103,0.7629893246717651,0
301.0,174.0,0,1,1,0,0,0,0,0,0,0,-2.2329003702876427,-1.1196556709655388,3
31.0,77.3,2,7,0,0,0,0,0,0,1,0,1.8424939530677014,-0.30153693764161144,0
455.0,174.0,2,3,0,0,1,0,0,0,0,0,1.0753511868755088,1.5548750639599185,0
2110.0,121.0,0,3,0,0,1,0,0,0,0,0,-2.168127329573921,0.565142294200926,1
761.0,91.5,2,3,0,0,1,0,0,0,0,0,1.3567488200192614,1.1376439693329803,0
294.0,91.5,2,3,0,0,1,0,0,0,0,0,1.355637316616481,1.1265151126520234,0
105.0,118.32,2,7,0,0,0,0,0,0,1,0,1.7031178896498593,-0.08869537974646609,0
5.0,72.56,2,8,0,0,0,0,0,0,0,1,1.2864980885248993,-0.7158605866564774,0
10.0,49.5,0,8,0,0,0,0,0,0,0,1,-2.0627650307493113,-1.5908503862440535,3
10.0,121.0,2,3,0,0,1,0,0,0,0,0,1.2546008238122461,1.2715464604517042,0
1300.0,174.0,2,2,0,1,0,0,0,0,0,0,1.463285084442664,0.0364549983870324,0
437.0,91.5,2,3,0,0,1,0,0,0,0,0,1.3559776699068398,1.1299228781881623,0
362.0,68.15,2,1,1,0,0,0,0,0,0,0,1.555078412667537,-0.9064299096879169,0
22.0,240.0,0,1,1,0,0,0,0,0,0,0,-2.458099875981178,-0.7866857993292744,3
20.0,63.63,2,3,0,0,1,0,0,0,0,0,1.4498003721147623,0.9765738801042657,0
1187.0,207.06,1,6,0,0,0,0,0,1,0,0,-0.7955912874097534,2.1494464269058136,2
2746.0,50.12,2,3,0,0,1,0,0,0,0,0,1.5022502336711203,0.9720170040216193,0
23.0,156.0,0,2,0,1,0,0,0,0,0,0,-1.906243699228606,-0.8430481132271611,3
756.0,36.0,0,6,0,0,0,0,0,1,0,0,-1.661213443710705,-0.9669102795166469,3
279.0,149.99,2,3,0,0,1,0,0,0,0,0,1.1566155691381304,1.4271317648991304,0
311.0,43.56,1,1,1,0,0,0,0,0,0,0,-0.3425614282860166,0.435228919637833,2
9.0,184.44,0,3,0,0,1,0,0,0,0,0,-2.388954110406475,0.8415198587470339,1
131.0,174.0,0,3,0,0,1,0,0,0,0,0,-2.3531463117961833,0.7907056972923544,1
53.0,36.0,2,7,0,0,0,0,0,0,1,0,1.9830510800855268,-0.5135315709623791,0
208.0,25.2,0,7,0,0,0,0,0,0,1,0,-1.407564187925009,-1.3218600655393573,3
537.0,19.0,2,2,0,1,0,0,0,0,0,0,1.9887871987316816,-0.779316805204512,0
39.0,240.0,2,3,0,0,1,0,0,0,0,0,0.8498256084492517,1.8845801532293922,0
221.0,174.0,0,3,0,0,1,0,0,0,0,0,-2.3529321034316215,0.7928504448325816,1
4298.0,82.04,2,3,0,0,1,0,0,0,0,0,1.39735062464595,1.1732538832390038,0
110.0,174.0,0,1,1,0,0,0,0,0,0,0,-2.233354968039101,-1.1242073018564653,3
1358.0,44.64,2,3,0,0,1,0,0,0,0,0,1.5175899119361964,0.9107415964853665,0
392.0,174.0,0,1,1,0,0,0,0,0,0,0,-2.2326837818301417,-1.1174870928970868,3
9.0,174.0,0,3,0,0,1,0,0,0,0,0,-2.353436683134811,0.7877983728489354,1
1690.0,62.22,2,1,1,0,0,0,0,0,0,0,1.5784133469457886,-0.905297183854469,0
562.0,51.0,2,3,0,0,1,0,0,0,0,0,1.494058304560915,0.9244993782322524,0
7.0,49.5,0,8,0,0,0,0,0,0,0,1,-2.06277217102813,-1.5909218778287277,3
32.0,29.0,0,3,0,0,1,0,0,0,0,0,-1.860084340001864,0.04221472641340107,1
714.0,184.44,0,3,0,0,1,0,0,0,0,0,-2.3872761448840762,0.8583203811454804,1
1806.0,235.2,2,7,0,0,0,0,0,0,1,0,1.3095345408136247,0.5532739954850705,0
1369.0,25.5,2,3,0,0,1,0,0,0,0,0,1.5827313762899162,0.8125143414826577,0
2.0,184.44,0,3,0,0,1,0,0,0,0,0,-2.388970771057052,0.8413530450494607,1
145.0,36.0,0,1,1,0,0,0,0,0,0,0,-1.7637884307354819,-1.833484828573352,3
117.0,29.0,0,3,0,0,1,0,0,0,0,0,-1.8598820321020004,0.04424032131250444,1
1237.0,174.0,2,3,0,0,1,0,0,0,0,0,1.0772124195542545,1.5735105370316704,0
182.0,184.44,0,3,0,0,1,0,0,0,0,0,-2.388542354327929,0.8456425401299151,1
195.0,174.0,2,1,1,0,0,0,0,0,0,0,1.1945736884200326,-0.3657334314346158,0
812.0,42.84,1,3,0,0,1,0,0,0,0,0,-0.4587608496892302,2.3578756422725937,2
197.0,91.5,2,3,0,0,1,0,0,0,0,0,1.3554064476013423,1.124203551414223,0
76.0,14.25,2,5,0,0,0,0,1,0,0,0,2.2665106997313034,-1.0702550429814148,0
220.0,32.13,1,3,0,0,1,0,0,0,0,0,-0.4237338832842154,2.2886571348922184,2
255.0,215.76,2,7,0,0,0,0,0,0,1,0,1.371978915721929,0.4162797345361667,0
21.0,29.0,2,3,0,0,1,0,0,0,0,0,1.567615827535071,0.7984008661256747,0
3262.0,32.4,1,7,0,0,0,0,0,0,1,0,0.02176126180537916,1.0138237831539274,2
365.0,64.8,0,6,0,0,0,0,0,1,0,0,-1.7601231697650137,-0.8280308135750092,3
452.0,174.0,2,1,1,0,0,0,0,0,0,0,1.1951853723055028,-0.35960898568085586,0
70.0,36.0,2,3,0,0,1,0,0,0,0,0,1.5439180851445076,0.8355887153886385,0
45.0,19.0,2,6,0,0,0,0,0,1,0,0,1.8226555499197066,-0.3148830249130057,0
1158.0,68.36,2,3,0,0,1,0,0,0,0,0,1.436417209930286,1.0280323534364804,0
768.0,36.0,0,1,1,0,0,0,0,0,0,0,-1.7623056328341282,-1.8186384094893349,3
318.0,184.44,1,3,0,0,1,0,0,0,0,0,-0.9416672383664805,3.0747396068440103,2
1333.0,64.8,0,1,1,0,0,0,0,0,0,0,-1.8589399900382055,-1.6569769585648393,3
4594.0,185.58,2,3,0,0,1,0,0,0,0,0,1.0458066245211863,1.7130972454449787,0
1585.0,36.0,0,1,1,0,0,0,0,0,0,0,-1.7603610969024972,-1.7991688679297169,3
915.0,91.5,2,8,0,0,0,0,0,0,0,1,1.2242291002526575,-0.5967145623982044,0
265.0,33.21,2,3,0,0,1,0,0,0,0,0,1.5538739295213586,0.8258790644024552,0
43.0,27.0,0,3,0,0,1,0,0,0,0,0,-1.8532540541382139,0.03218538982960151,1
11.0,68.36,2,7,0,0,0,0,0,0,1,0,1.872860699849588,-0.34801642980850117,0
486.0,86.25,2,3,0,0,1,0,0,0,0,0,1.3739550696693308,1.1040754590362114,0
935.0,174.0,0,8,0,0,0,0,0,0,0,1,-2.4841189711520646,-0.9281629910927447,3
1270.0,174.0,0,1,1,0,0,0,0,0,0,0,-2.2305940602291967,-1.0965638891157592,3
510.0,91.5,2,7,0,0,0,0,0,0,1,0,1.7953248732124203,-0.21705266062262815,0
285.0,14.25,2,3,0,0,1,0,0,0,0,0,1.6184244452758163,0.7287925166692536,0
66.0,36.0,0,3,0,0,1,0,0,0,0,0,-1.883817783786521,0.07904511775299361,1
322.0,174.0,0,8,0,0,0,0,0,0,0,1,-2.485577968124023,-0.9427711048945144,3
84.0,82.04,2,3,0,0,1,0,0,0,0,0,1.3873209129985906,1.0728320372999212,0
518.0,174.0,0,3,0,0,1,0,0,0,0,0,-2.3522252158285686,0.7999281117153315,1
1131.0,72.56,2,3,0,0,1,0,0,0,0,0,1.4220643272541562,1.0490010212023828,0
1598.0,63.63,2,3,0,0,1,0,0,0,0,0,1.453556158773408,1.0141784536429161,0
377.0,174.0,0,7,0,0,0,0,0,0,1,0,-1.9133873524120564,-0.5521471601355549,3
330.0,36.0,0,1,1,0,0,0,0,0,0,0,-1.7633481135416609,-1.829076180851774,3
86.0,121.0,0,3,0,0,1,0,0,0,0,0,-2.1729446376836163,0.5169093050740389,1
0.0,240.0,0,8,0,0,0,0,0,0,0,1,-2.7108798178139595,-0.6108259459719142,3
717.0,19.0,2,4,0,0,0,1,0,0,0,0,2.0068391083384562,-1.2826798935935002,0
962.0,62.22,2,3,0,0,1,0,0,0,0,0,1.456839313576967,0.9917667496540156,0
571.0,121.0,0,4,0,0,0,1,0,0,0,0,-1.768244080697056,-1.517742334129199,3
264.0,174.0,0,6,0,0,0,0,0,1,0,0,-2.131867683487709,-0.26852330419846965,3
3574.0,371.26,1,3,0,0,1,0,0,0,0,0,-1.5694890889824649,4.113658243092712,2
333.0,63.63,2,4,0,0,0,1,0,0,0,0,1.8540915531157163,-1.0621766099536283,0
23.0,184.44,0,6,0,0,0,0,0,1,0,0,-2.16795871315781,-0.22054497560253497,3
385.0,34.2,2,1,1,0,0,0,0,0,0,0,1.6706328344864692,-1.080579551431511,0
2424.0,91.5,2,3,0,0,1,0,0,0,0,0,1.3607069145777708,1.177274137770734,0
6445.0,19.0,2,1,1,0,0,0,0,0,0,0,1.7367673944942739,-1.0143817405860116,0
2747.0,121.0,2,1,1,0,0,0,0,0,0,0,1.3809564638966694,-0.5776419418532645,0
476.0,91.5,2,3,0,0,1,0,0,0,0,0,1.3560704935314831,1.1308522687889273,0
49.0,63.63,2,3,0,0,1,0,0,0,0,0,1.44986939481001,0.9772649654227835,0
509.0,63.63,2,3,0,0,1,0,0,0,0,0,1.4509642375622134,0.988227008406167,0
180.0,63.63,2,3,0,0,1,0,0,0,0,0,1.450181186985094,0.9803867646202252,0
514.0,72.56,2,6,0,0,0,0,0,1,0,0,1.6415578858579507,-0.02810087645700134,0
467.0,34.2,2,4,0,0,0,1,0,0,0,0,1.9545328883095692,-1.2104223354532213,0
35.0,130.0,0,3,0,0,1,0,0,0,0,0,-2.203684494209452,0.5620055739087998,1
455.0,63.63,2,1,1,0,0,0,0,0,0,0,1.5706770382522892,-0.9274723981740696,0
,96.99,2,3,0,0,1,0,0,0,0,0,1.336260301502837,1.147759029076224,0
705.0,174.0,2,3,0,0,1,0,0,0,0,0,1.0759462101104018,1.5608326960161052,0
105.0,96.99,2,3,0,0,1,0,0,0,0,0,1.3365102112614922,1.1502612345398224,0
89.0,64.8,0,1,1,0,0,0,0,0,0,0,-1.8619008256550338,-1.6866221356764242,3
121.0,49.5,0,3,0,0,1,0,0,0,0,0,-1.9296145863537209,0.14982323546668908,1
139.0,96.99,2,3,0,0,1,0,0,0,0,0,1.3365911344214376,1.1510714724994637,0
497.0,19.0,2,3,0,0,1,0,0,0,0,0,1.6027692759808825,0.7582868355892953,0
348.0,68.36,2,6,0,0,0,0,0,1,0,0,1.655451410596743,-0.05366883617028003,0
867.0,121.0,2,7,0,0,0,0,0,0,1,0,1.6958140199824516,-0.05674594423088491,0
60.0,36.0,0,3,0,0,1,0,0,0,0,0,-1.8838320643441584,0.07890213458364514,1
210.0,63.63,2,3,0,0,1,0,0,0,0,0,1.4502525897732812,0.9811016804669676,0
724.0,63.63,2,3,0,0,1,0,0,0,0,0,1.4514759575442215,0.9933505719744874,0
,201.63,2,2,0,1,0,0,0,0,0,0,1.3661922552384527,0.14765200282172627,0
1652.0,19.0,2,7,0,0,0,0,0,0,1,0,2.044691739847081,-0.5629040716823194,0
246.0,121.0,2,3,0,0,1,0,0,0,0,0,1.2551625257459853,1.2771704651127445,0
350.0,121.0,1,6,0,0,0,0,0,1,0,0,-0.5048027938783917,1.6866582176561862,2
53.0,121.0,0,2,0,1,0,0,0,0,0,0,-1.7871004617174064,-1.0224339642801747,3
948.0,63.63,0,6,0,0,0,0,0,1,0,0,-1.7547551742490735,-0.8201581269706308,3
366.0,137.98,0,2,0,1,0,0,0,0,0,0,-1.8441223427300844,-0.9276004083184618,3
1324.0,121.0,2,7,0,0,0,0,0,0,1,0,1.6969017224558365,-0.04585539283217568,0
353.0,63.63,2,1,1,0,0,0,0,0,0,0,1.5704342687724528,-0.9299031120529937,0
1.0,143.99,1,1,1,0,0,0,0,0,0,0,-0.6849673817039165,0.9446277421665189,2
50.0,63.63,2,7,0,0,0,0,0,0,1,0,1.8890452314239412,-0.37142637142018875,0
20.0,121.0,0,6,0,0,0,0,0,1,0,0,-1.9521396478701174,-0.5470619715335099,3
47.0,63.63,2,6,0,0,0,0,0,1,0,0,1.6708267105716417,-0.08518115737838146,0
172.0,64.8,0,3,0,0,1,0,0,0,0,0,-1.981544603649862,0.22976835622233027,1
276.0,121.0,0,8,0,0,0,0,0,0,0,1,-2.305378674104396,-1.216591327641055,3
,143.99,1,6,0,0,0,0,0,1,0,0,-0.5838490115581579,1.796618007949679,2
729.0,121.0,2,1,1,0,0,0,0,0,0,0,1.3761534363446117,-0.6257319478108032,0
11072.0,159.0,0,3,0,0,1,0,0,0,0,0,-2.2760749286344555,0.9742494636422695,2
129.0,130.0,0,4,0,0,0,1,0,0,0,0,-1.7999145535622647,-1.481963801830314,3
22.0,63.63,2,3,0,0,1,0,0,0,0,0,1.4498051323006416,0.9766215411607152,0
668.0,121.0,2,7,0,0,0,0,0,0,1,0,1.6953403814874768,-0.0614882193476095,0
246.0,63.63,2,7,0,0,0,0,0,0,1,0,1.8895117296400976,-0.36675558788813845,0
335.0,121.0,0,3,0,0,1,0,0,0,0,0,-2.1723519945416627,0.5228431066020008,1
131.0,63.63,2,8,0,0,0,0,0,0,0,1,1.317178308351757,-0.7588093643405829,0
119.0,63.63,2,3,0,0,1,0,0,0,0,0,1.45003600131578,0.9789331023985156,0
97.0,156.0,1,1,1,0,0,0,0,0,0,0,-0.725597542353814,1.0087157646036966,2
6.0,63.63,2,2,0,1,0,0,0,0,0,0,1.8356897698468244,-0.5623166092136777,0
2383.0,261.6,1,7,0,0,0,0,0,0,1,0,-0.7600812547032033,2.1722794852279206,2
13.0,121.0,0,8,0,0,0,0,0,0,0,1,-2.3060046385475035,-1.2228587565641633,3
12.0,145.2,1,8,0,0,0,0,0,0,0,1,-0.9417852638986876,1.1275003437538302,2
1852.0,68.36,2,3,0,0,1,0,0,0,0,0,1.4380689944303497,1.0445707400244544,0
,147.62,1,8,0,0,0,0,0,0,0,1,-0.9500467918719536,1.1396670590122022,2
1404.0,64.8,0,3,0,0,1,0,0,0,0,0,-1.9786123291483086,0.2591275669952182,1
699.0,63.63,2,3,0,0,1,0,0,0,0,0,1.4514164552207323,0.9927548087688688,0
1177.0,130.0,0,3,0,0,1,0,0,0,0,0,-2.2009664280724603,0.5892200371414603,1
526.0,130.0,0,4,0,0,0,1,0,0,0,0,-1.7989696566652544,-1.4725030821250895,3
7.0,130.0,0,1,1,0,0,0,0,0,0,0,-2.0839098111029473,-1.3530742389375934,3
143.0,68.36,2,3,0,0,1,0,0,0,0,0,1.4340014155966199,1.0038443672883623,0
20.0,130.0,2,3,0,0,1,0,0,0,0,0,1.2240061529557245,1.3180963915081747,0
692.0,130.0,0,1,1,0,0,0,0,0,0,0,-2.08227944743934,-1.336750327103642,3
60.0,68.36,2,2,0,1,0,0,0,0,0,0,1.8197265869158514,-0.5366904284770886,0
35.0,68.36,2,3,0,0,1,0,0,0,0,0,1.433744365559146,1.0012706702400898,0
587.0,68.36,2,1,1,0,0,0,0,0,0,0,1.554899502570603,-0.8999874362359503,0
6.0,130.0,0,1,1,0,0,0,0,0,0,0,-2.083912191195887,-1.3530980694658181,3
159.0,130.0,0,6,0,0,0,0,0,1,0,0,-1.9824272867374344,-0.4974379023360471,3
336.0,68.36,2,1,1,0,0,0,0,0,0,0,1.55430209924277,-0.9059688988203618,0
24.0,130.0,0,3,0,0,1,0,0,0,0,0,-2.2037106752317874,0.5617434380983274,1
0.0,68.36,2,3,0,0,1,0,0,0,0,0,1.4336610623062611,1.0004366017522237,0
36.0,68.36,2,4,0,0,0,1,0,0,0,0,1.8372929575629533,-1.0449149446239254,0
21.0,49.5,0,1,1,0,0,0,0,0,0,0,-1.810011269938865,-1.766972375411886,3
233.0,137.98,2,3,0,0,1,0,0,0,0,0,1.1973647344350065,1.36423526887319,0
108.0,130.0,2,3,0,0,1,0,0,0,0,0,1.2242156011344068,1.3201934779919524,0
0.0,137.98,0,4,0,0,0,1,0,0,0,0,-1.8273699638683163,-1.443974965118162,3
,72.56,2,6,0,0,0,0,0,1,0,0,1.6403345180870104,-0.040349767964521104,0
679.0,137.98,0,3,0,0,1,0,0,0,0,0,-2.2293000926732143,0.6184154089386807,1
570.0,137.98,0,2,0,1,0,0,0,0,0,0,-1.8436368037704116,-0.9227389805606134,3
215.0,72.56,2,3,0,0,1,0,0,0,0,0,1.4198841621215077,1.027172257348515,0
199.0,36.0,0,6,0,0,0,0,0,1,0,0,-1.662539155478047,-0.9801838837378307,3
191.0,36.0,0,3,0,0,1,0,0,0,0,0,-1.8835202721690745,0.08202393378108697,1
436.0,169.72,2,4,0,0,0,1,0,0,0,0,1.4934129613809386,-0.5138109123923329,0
742.0,72.56,2,1,1,0,0,0,0,0,0,0,1.5409797968094752,-0.8746816123331438,0
0.0,49.5,0,4,0,0,0,1,0,0,0,0,-1.5263563656885413,-1.8992697038407451,3
1314.0,64.8,2,7,0,0,0,0,0,0,1,0,1.888073267567392,-0.33528407239346003,0
25.0,137.98,0,3,0,0,1,0,0,0,0,0,-2.2308566734556945,0.6028302434796965,1
159.0,137.98,0,3,0,0,1,0,0,0,0,0,-2.230537741001792,0.6060235342618127,1
65.0,72.56,2,1,1,0,0,0,0,0,0,0,1.5393684738893845,-0.8908148799412974,0
219.0,137.98,0,3,0,0,1,0,0,0,0,0,-2.2303949354254176,0.6074533659552973,1
58.0,77.3,2,3,0,0,1,0,0,0,0,0,1.4033847590560782,1.0478216539916536,0
43.0,72.56,2,1,1,0,0,0,0,0,0,0,1.5393161118447138,-0.8913391515622417,0
386.0,174.0,0,6,0,0,0,0,0,1,0,0,-2.131577312149081,-0.2656159797550506,3
4.0,169.72,2,3,0,0,1,0,0,0,0,0,1.0888385493201755,1.5221037448068162,0
3.0,147.0,2,4,0,0,0,1,0,0,0,0,1.5696770121354418,-0.6410406575125758,0
890.0,36.0,2,4,0,0,0,1,0,0,0,0,1.949415973265825,-1.191079696859309,0
1004.0,137.98,0,8,0,0,0,0,0,0,0,1,-2.3614128165471513,-1.111868102466072,3
76.0,72.56,2,6,0,0,0,0,0,1,0,0,1.6405154051504178,-0.03853864781944038,0
44.0,86.25,2,1,1,0,0,0,0,0,0,0,1.4927443942988523,-0.8208701924952267,0
1.0,72.56,2,3,0,0,1,0,0,0,0,0,1.4193748222324392,1.0220725243084192,0
,72.56,2,3,0,0,1,0,0,0,0,0,1.4193724421394995,1.0220486937801945,0
,72.56,2,3,0,0,1,0,0,0,0,0,1.4193724421394995,1.0220486937801945,0
700.0,166.96,1,6,0,0,0,0,0,1,0,0,-0.6603280906029598,1.931496938155213,2
5.0,77.3,2,1,1,0,0,0,0,0,0,0,1.5230999398390936,-0.867853922060358,0
50.0,58.91,2,3,0,0,1,0,0,0,0,0,1.465929462328453,0.9530009211005268,0
39.0,164.01,2,2,0,1,0,0,0,0,0,0,1.494270290928231,-0.04500120231376072,0
212.0,147.0,0,1,1,0,0,0,0,0,0,0,-2.1412567832015124,-1.2607114653002103,3
178.0,49.5,2,1,1,0,0,0,0,0,0,0,1.618088753211918,-1.0067827069578543,0
378.0,49.5,2,1,1,0,0,0,0,0,0,0,1.6185647717998326,-1.002016601312905,0
20.0,147.0,0,3,0,0,1,0,0,0,0,0,-2.2615550867547234,0.6491256313367385,1
92.0,49.5,0,1,1,0,0,0,0,0,0,0,-1.8098422833401555,-1.765280407907929,3
185.0,36.0,0,1,1,0,0,0,0,0,0,0,-1.763693227017899,-1.832531607444362,3
1191.0,147.0,2,3,0,0,1,0,0,0,0,0,1.1689583506367867,1.4334794554106631,0
190.0,147.0,0,8,0,0,0,0,0,0,0,1,-2.3940367250342938,-1.08485161194285,3
115.0,147.0,0,1,1,0,0,0,0,0,0,0,-2.141487652216651,-1.2630230265380107,3
194.0,36.0,2,1,1,0,0,0,0,0,0,0,1.6640545423778275,-1.0758688571675932,0
358.0,147.0,2,3,0,0,1,0,0,0,0,0,1.1669757332181225,1.413628625399449,0
123.0,147.0,0,3,0,0,1,0,0,0,0,0,-2.2613099371819474,0.6515801757438874,1
485.0,77.3,2,2,0,1,0,0,0,0,0,0,1.7903237777744918,-0.4805595723791764,0
669.0,77.3,2,1,1,0,0,0,0,0,0,0,1.5246803215509699,-0.8520304513191264,0
587.0,36.0,2,3,0,0,1,0,0,0,0,0,1.5451485931942666,0.8479090984808326,0
23.0,156.0,0,4,0,0,0,1,0,0,0,0,-1.8886202063509543,-1.350700696696604,3
256.0,49.5,0,8,0,0,0,0,0,0,0,1,-2.0621795278861765,-1.5849880763007658,3
121.0,19.0,2,3,0,0,1,0,0,0,0,0,1.6018743610356032,0.7493265569767905,0
1592.0,156.0,0,4,0,0,0,1,0,0,0,0,-1.8848858405287647,-1.3133105979119764,3
17.0,164.01,0,3,0,0,1,0,0,0,0,0,-2.319431138708926,0.7365831124653458,1
,156.0,2,6,0,0,0,0,0,1,0,0,1.356467264107349,0.3890104603244973,0
125.0,82.04,2,4,0,0,0,1,0,0,0,0,1.7909647087199807,-0.9724003564351038,0
553.0,91.5,2,4,0,0,0,1,0,0,0,0,1.759799972598698,-0.9135222259300068,0
173.0,82.04,2,3,0,0,1,0,0,0,0,0,1.3875327412702125,1.0749529543119236,0
98.0,82.04,2,3,0,0,1,0,0,0,0,0,1.3873542342997445,1.0731656646950676,0
49.0,174.0,0,2,0,1,0,0,0,0,0,0,-1.967418760384012,-0.7498052679448717,3
,156.0,2,4,0,0,0,1,0,0,0,0,1.5390514000707056,-0.594800523323027,0
86.0,98.45,2,7,0,0,0,0,0,0,1,0,1.770671449482472,-0.1913939380198263,0
,156.0,0,4,0,0,0,1,0,0,0,0,-1.8886749484885645,-1.351248798845773,3
156.0,156.0,2,3,0,0,1,0,0,0,0,0,1.1358764826584113,1.4551264844722733,0
206.0,82.04,2,3,0,0,1,0,0,0,0,0,1.3876112843372184,1.0757393617433404,0
404.0,86.25,2,8,0,0,0,0,0,0,0,1,1.2408736479689877,-0.6359070773560133,0
,156.0,2,6,0,0,0,0,0,1,0,0,1.356467264107349,0.3890104603244973,0
115.0,156.0,2,4,0,0,0,1,0,0,0,0,1.5393251107587567,-0.5920600125771811,0
1201.0,164.01,0,7,0,0,0,0,0,0,1,0,-1.87743965214748,-0.5839167094877512,3
9.0,86.25,2,3,0,0,1,0,0,0,0,0,1.3728197653371546,1.0927082970730073,0
1278.0,164.01,0,2,0,1,0,0,0,0,0,0,-1.9305071224789088,-0.7719234533660456,3
602.0,86.25,2,6,0,0,0,0,0,1,0,0,1.595193236397832,0.04444133856556668,0
371.0,86.25,2,6,0,0,0,0,0,1,0,0,1.5946434349287908,0.03893648654565016,0
118.0,86.25,2,7,0,0,0,0,0,0,1,0,1.8122526519885598,-0.25340934272169224,0
458.0,164.01,0,3,0,0,1,0,0,0,0,0,-2.3183815177225746,0.7470923754124591,1
258.0,164.01,0,1,1,0,0,0,0,0,0,0,-2.199016210601676,-1.1720862882885905,3
36.0,164.01,0,3,0,0,1,0,0,0,0,0,-2.319385916943074,0.7370358925016159,1
75.0,201.73,2,7,0,0,0,0,0,0,1,0,1.4192812944546307,0.33979556060989574,0
,86.25,2,3,0,0,1,0,0,0,0,0,1.3727983445006984,1.0924938223189846,0
677.0,164.01,0,3,0,0,1,0,0,0,0,0,-2.317860277368808,0.7523112610936785,1
23.0,201.73,2,7,0,0,0,0,0,0,1,0,1.4191575296217729,0.33855637314220893,0
117.0,86.25,2,1,1,0,0,0,0,0,0,0,1.4929181410834411,-0.8191305639348203,0
706.0,86.25,2,3,0,0,1,0,0,0,0,0,1.3744786901160368,1.1093181752456558,0
225.0,36.0,0,3,0,0,1,0,0,0,0,0,-1.883439349009129,0.08283417174072838,1
1218.0,86.25,2,6,0,0,0,0,0,1,0,0,1.5966593736486088,0.0591209439520106,0
357.0,97.0,0,1,1,0,0,0,0,0,0,0,-1.9708090486923997,-1.5145428485644163,3
1715.0,174.0,0,4,0,0,0,1,0,0,0,0,-1.9458300326690323,-1.2177561913918866,3
172.0,29.0,0,3,0,0,1,0,0,0,0,0,-1.859751126990324,0.04555100036486559,1
352.0,36.0,2,4,0,0,0,1,0,0,0,0,1.9481354832643347,-1.2039005210442226,0
448.0,91.5,2,3,0,0,1,0,0,0,0,0,1.3560038509291752,1.1301850139986345,0
140.0,174.0,0,7,0,0,0,0,0,0,1,0,-1.9139514344387352,-0.5577949953248198,3
3.0,0.0,0,7,0,0,0,0,0,0,1,0,-1.3223203859770523,-1.4564178759932547,3
389.0,19.0,2,7,0,0,0,0,0,0,1,0,2.0416856824644007,-0.5930020288301745,0
565.0,51.0,2,3,0,0,1,0,0,0,0,0,1.4940654448397337,0.9245708698169266,0
151.0,174.0,0,4,0,0,0,1,0,0,0,0,-1.949552498026524,-1.2550271375353903,3
528.0,44.28,0,3,0,0,1,0,0,0,0,0,-1.9108871748914826,0.13266151750511168,1
707.0,19.0,2,6,0,0,0,0,0,1,0,0,1.8242311714457038,-0.2991072152282235,0
96.0,96.99,2,3,0,0,1,0,0,0,0,0,1.336488790425036,1.1500467597857997,0
234.0,49.5,2,4,0,0,0,1,0,0,0,0,1.901926924618589,-1.1372450847134083,0
51.0,60.89,2,4,0,0,0,1,0,0,0,0,1.8627419905393583,-1.0829961360931593,0
138.0,42.84,1,3,0,0,1,0,0,0,0,0,-0.4603650323305022,2.3418138662491144,2
88.0,19.0,2,3,0,0,1,0,0,0,0,0,1.6017958179685974,0.748540149545374,0
222.0,9.5,2,3,0,0,1,0,0,0,0,0,1.6344342484187462,0.7028489464546991,0
223.0,19.0,2,3,0,0,1,0,0,0,0,0,1.6021171305154396,0.7517572708557148,0
918.0,19.0,2,1,1,0,0,0,0,0,0,0,1.7236126208172555,-1.1460930700841867,0
259.0,16.15,2,4,0,0,0,1,0,0,0,0,2.015444875171006,-1.3082596236822714,0
665.0,215.76,2,7,0,0,0,0,0,0,1,0,1.3729547538271538,0.4260502511083129,0
194.0,19.0,2,3,0,0,1,0,0,0,0,0,1.602048107820192,0.7510661855371971,0
902.0,91.5,2,1,1,0,0,0,0,0,0,0,1.4769257388325538,-0.7734084842434308,0
167.0,214.02,1,2,0,1,0,0,0,0,0,0,-0.6567366239701885,1.6847952118705563,2
454.0,219.48,1,8,0,0,0,0,0,0,0,1,-1.1934377166258352,1.520258721952422,2
119.0,36.0,0,7,0,0,0,0,0,0,1,0,-1.4445181823397317,-1.2684070316222922,3
95.0,36.0,0,7,0,0,0,0,0,0,1,0,-1.4445753045702814,-1.268978964299686,3
0.0,79.0,0,3,0,0,1,0,0,0,0,0,-2.030263124008805,0.29873895936700345,1
8.0,49.5,0,1,1,0,0,0,0,0,0,0,-1.8100422111470795,-1.7672821722788077,3
20.0,138.0,0,2,0,1,0,0,0,0,0,0,-1.8450138959355897,-0.9357428563602813,3
416.0,138.0,0,6,0,0,0,0,0,1,0,0,-2.009032022217224,-0.4501475670052002,3
4.0,156.0,2,6,0,0,0,0,0,1,0,0,1.3564767844791072,0.3891057824373963,0
82.0,96.99,2,3,0,0,1,0,0,0,0,0,1.336455469123882,1.1497131323906533,0
95.0,14.25,2,1,1,0,0,0,0,0,0,0,1.73781355332611,-1.1901478417495486,0
783.0,91.5,2,3,0,0,1,0,0,0,0,0,1.356801182063932,1.1381682409539247,0
194.0,348.0,2,7,0,0,0,0,0,0,1,0,0.921946317944868,1.0952982270237068,0
798.0,228.71,1,3,0,0,1,0,0,0,0,0,-1.0911336544179928,3.3139800018390946,2
77.0,36.0,0,3,0,0,1,0,0,0,0,0,-1.8837916027641857,0.0793072535634658,1
23.0,174.0,0,8,0,0,0,0,0,0,0,1,-2.486289615912955,-0.9498964328337136,3
19.0,78.87,2,7,0,0,0,0,0,0,1,0,1.8371241696519942,-0.29374409815080493,0
126.0,14.25,2,7,0,0,0,0,0,0,1,0,2.0572194670194164,-0.6237117046896783,0
183.0,151.0,2,4,0,0,0,1,0,0,0,0,1.556497219181935,-0.6161682176435778,0
40.0,143.0,0,2,0,1,0,0,0,0,0,0,-1.8619765561800858,-0.909537564810107,3
78.0,49.5,2,8,0,0,0,0,0,0,0,1,1.36512316412985,-0.8327816348020246,0
380.0,96.99,2,3,0,0,1,0,0,0,0,0,1.3371647368198745,1.1568146298016277,0
523.0,36.0,0,3,0,0,1,0,0,0,0,0,-1.8827300813131362,0.0899356691517027,1
264.0,91.5,2,7,0,0,0,0,0,0,1,0,1.7947393703492855,-0.22291497056591583,0
133.0,14.25,2,8,0,0,0,0,0,0,0,1,1.485176417069703,-1.0128581566987034,0
22.0,184.44,0,8,0,0,0,0,0,0,0,1,-2.521809423277559,-0.8961987774638398,3
660.0,91.5,2,3,0,0,1,0,0,0,0,0,1.3565084306323645,1.1352370859822807,0
20.0,147.0,0,2,0,1,0,0,0,0,0,0,-1.8756323677215072,-0.8894312305860583,3
279.0,91.5,2,4,0,0,0,1,0,0,0,0,1.759147827133255,-0.9200517906635873,0
268.0,9.5,2,1,1,0,0,0,0,0,0,0,1.7543850584027794,-1.2104674073030628,0
9.0,9.5,2,1,1,0,0,0,0,0,0,0,1.75376861433143,-1.2166395141132722,0
307.0,151.0,2,7,0,0,0,0,0,0,1,0,1.592419595316566,0.08428104587733351,0
166.0,174.0,2,3,0,0,1,0,0,0,0,0,1.0746633400159722,1.5479880413029667,0
114.0,179.69,1,6,0,0,0,0,0,1,0,0,-0.7050309523805193,1.983037470405051,2
139.0,36.0,2,3,0,0,1,0,0,0,0,0,1.544082311557338,0.8372330218361461,0
137.0,185.64,1,6,0,0,0,0,0,1,0,0,-0.7252184221458211,2.0142027029271787,2
221.0,174.0,0,2,0,1,0,0,0,0,0,0,-1.9670093843984056,-0.7457064170902152,3
64.0,149.99,0,3,0,0,1,0,0,0,0,0,-2.271622499403148,0.6655599258080639,1
115.0,156.0,0,2,0,1,0,0,0,0,0,0,-1.9060247306781652,-0.8408557046304844,3
242.0,207.06,2,4,0,0,0,1,0,0,0,0,1.3659185859633107,-0.32629224526687967,0
770.0,19.0,2,7,0,0,0,0,0,0,1,0,2.042592497874378,-0.583922597576546,0
473.0,19.0,2,1,1,0,0,0,0,0,0,0,1.7225534794591455,-1.156697655144199,0
87.0,174.0,0,8,0,0,0,0,0,0,0,1,-2.486137289964822,-0.9483712790273299,3
,184.44,0,8,0,0,0,0,0,0,0,1,-2.5218617853222294,-0.8967230490847842,3
527.0,30.6,2,7,0,0,0,0,0,0,1,0,2.002550327210435,-0.5300228760483829,0
69.0,174.0,0,1,1,0,0,0,0,0,0,0,-2.2334525518496235,-1.12518435351368,3
757.0,19.0,2,3,0,0,1,0,0,0,0,0,1.6033881001451715,0.7644827729277295,0
409.0,36.0,0,3,0,0,1,0,0,0,0,0,-1.8830014119082477,0.08721898893408164,1
3.0,174.0,0,8,0,0,0,0,0,0,0,1,-2.486337217771746,-0.9503730433982087,3
,164.0,0,1,1,0,0,0,0,0,0,0,-2.199596254055879,-1.1782860219325466,3
61.0,19.0,2,3,0,0,1,0,0,0,0,0,1.6017315554592289,0.7478967252833058,0
1.0,19.0,2,4,0,0,0,1,0,0,0,0,2.0051349617937224,-1.2997425518024188,0
230.0,174.0,0,1,1,0,0,0,0,0,0,0,-2.2330693568863524,-1.1213476384694958,3
201.0,27.0,0,3,0,0,1,0,0,0,0,0,-1.8528779994537614,0.03595061328911142,1
229.0,164.0,0,2,0,1,0,0,0,0,0,0,-1.932969819448314,-0.7969731348357763,3
,164.0,0,2,0,1,0,0,0,0,0,0,-1.933514860731476,-0.8024303257992432,3
1250.0,36.0,2,1,1,0,0,0,0,0,0,0,1.666567920522016,-1.0507038193622606,0
113.0,174.0,0,7,0,0,0,0,0,0,1,0,-1.9140156969481037,-0.558438419586888,3
54.0,49.5,0,1,1,0,0,0,0,0,0,0,-1.8099327268718592,-1.7661859679804695,3
101.0,36.0,0,8,0,0,0,0,0,0,0,1,-2.016620734612934,-1.658149246836936,3
437.0,14.25,2,3,0,0,1,0,0,0,0,0,1.6187862194026312,0.732414756959415,0
3.0,49.5,0,1,1,0,0,0,0,0,0,0,-1.8100541116117774,-1.7674013249199314,3
,79.0,2,3,0,0,1,0,0,0,0,0,1.3974632245504652,1.0551872348897493,0
94.0,36.0,0,1,1,0,0,0,0,0,0,0,-1.7639098154754,-1.834700185512814,3
,79.0,2,3,0,0,1,0,0,0,0,0,1.3974632245504652,1.0551872348897493,0
11.0,79.0,0,3,0,0,1,0,0,0,0,0,-2.0302369429864697,0.29900109517747564,1
0.0,79.0,0,3,0,0,1,0,0,0,0,0,-2.030263124008805,0.29873895936700345,1
4.0,79.0,0,3,0,0,1,0,0,0,0,0,-2.0302536036370467,0.29883428147990243,1
,228.99,0,3,0,0,1,0,0,0,0,0,-2.5405369665832227,1.070547931575415,1
,79.0,0,3,0,0,1,0,0,0,0,0,-2.030263124008805,0.29873895936700345,1
15.0,79.0,0,3,0,0,1,0,0,0,0,0,-2.0302274226147112,0.2990964172903746,1
59.0,79.0,2,3,0,0,1,0,0,0,0,0,1.3976036500339,1.0565932360550094,0
222.0,174.0,0,3,0,0,1,0,0,0,0,0,-2.352929723338682,0.7928742753608063,1
58.0,79.0,0,3,0,0,1,0,0,0,0,0,-2.0301250786183096,0.3001211300040387,1
,79.0,0,3,0,0,1,0,0,0,0,0,-2.030263124008805,0.29873895936700345,1
115.0,184.44,0,3,0,0,1,0,0,0,0,0,-2.3887018205548807,0.844045894738857,1
126.0,36.0,0,3,0,0,1,0,0,0,0,0,-1.8836749782101467,0.08047494944647848,1
7.0,79.0,2,3,0,0,1,0,0,0,0,0,1.3974798852010422,1.0553540485873225,0
,94.8,2,4,0,0,0,1,0,0,0,0,1.7472570082149443,-0.9097195785877433,0
111.0,17.81,1,1,1,0,0,0,0,0,0,0,-0.25543459704200067,0.2979601069166349,2
0.0,79.0,0,6,0,0,0,0,0,1,0,0,-1.809301048061294,-0.7636595023777121,3
,94.01,1,4,0,0,0,1,0,0,0,0,-0.2312302956103395,0.5556231291693029,2
22.0,79.0,2,1,1,0,0,0,0,0,0,0,1.5173569123039485,-0.8587010515454063,0
90.0,240.0,1,3,0,0,1,0,0,0,0,0,-1.1312279320484333,3.3552033495216382,2
3.0,79.0,0,4,0,0,0,1,0,0,0,0,-1.6267097718191186,-1.7473989944405623,3
28.0,79.0,0,4,0,0,0,1,0,0,0,0,-1.6266502694956293,-1.7468032312349437,3
38.0,49.5,0,1,1,0,0,0,0,0,0,0,-1.8099708083588923,-1.7665672564320654,3
,79.0,0,3,0,0,1,0,0,0,0,0,-2.030263124008805,0.29873895936700345,1
58.0,94.01,1,3,0,0,1,0,0,0,0,0,-0.6346384621307121,2.603214745198578,2
213.0,251.76,0,3,0,0,1,0,0,0,0,0,-2.6174947404054647,1.1927922472960701,1
119.0,208.8,2,3,0,0,1,0,0,0,0,0,0.9561600514089315,1.7259396261367326,0
54.0,184.44,0,1,1,0,0,0,0,0,0,0,-2.2690056805153818,-1.0718203255389525,3
0.0,95.59,1,3,0,0,1,0,0,0,0,0,-0.6401517503458461,2.6099628377530175,2
30.0,49.5,2,4,0,0,0,1,0,0,0,0,1.901441385658916,-1.1421065124712566,0
11.0,79.0,0,3,0,0,1,0,0,0,0,0,-2.0302369429864697,0.29900109517747564,1
28.0,79.0,0,2,0,1,0,0,0,0,0,0,-1.644273762373281,-1.239150647765501,3
57.0,36.0,2,2,0,1,0,0,0,0,0,0,1.929809862969509,-0.7032779434010803,0
44.0,36.0,2,1,1,0,0,0,0,0,0,0,1.6636975284368916,-1.079443436401305,0
,79.0,0,3,0,0,1,0,0,0,0,0,-2.030263124008805,0.29873895936700345,1
